{
  "entities": [
    {
      "name": "heart transplantation",
      "type": "surgical_procedure",
      "properties": {}
    },
    {
      "name": "heart transplant recipients",
      "type": "recipient_characteristic",
      "properties": {}
    },
    {
      "name": "Cardiac allograft vasculopathy",
      "type": "complication",
      "properties": {}
    },
    {
      "name": "mortality",
      "type": "complication",
      "properties": {}
    },
    {
      "name": "stress myocardial perfusion imaging",
      "type": "monitoring_indicator",
      "properties": {}
    },
    {
      "name": "symptom-limited bicycle exercise",
      "type": "monitoring_indicator",
      "properties": {}
    },
    {
      "name": "dobutamine stress",
      "type": "monitoring_indicator",
      "properties": {}
    },
    {
      "name": "technetium-99m tetrofosmin",
      "type": "medical_device",
      "properties": {}
    },
    {
      "name": "abnormal test",
      "type": "diagnostic_criteria",
      "properties": {
        "definition": "reversible or fixed perfusion defects"
      }
    },
    {
      "name": "perfusion abnormalities",
      "type": "diagnostic_criteria",
      "properties": {}
    },
    {
      "name": "cardiac death",
      "type": "complication",
      "properties": {}
    },
    {
      "name": "age",
      "type": "recipient_characteristic",
      "properties": {}
    },
    {
      "name": "gender",
      "type": "recipient_characteristic",
      "properties": {}
    },
    {
      "name": "duration of transplantation",
      "type": "recipient_characteristic",
      "properties": {}
    },
    {
      "name": "number of rejection episodes",
      "type": "complication",
      "properties": {}
    },
    {
      "name": "cytomegalovirus infection",
      "type": "complication",
      "properties": {}
    },
    {
      "name": "peak rate-pressure product",
      "type": "monitoring_indicator",
      "properties": {
        "risk_ratio": "0.84",
        "confidence_interval": "0.73 to 0.97",
        "chi-square": "7.7",
        "p_value": "0.006"
      }
    },
    {
      "name": "abnormal myocardial perfusion",
      "type": "diagnostic_criteria",
      "properties": {
        "risk_ratio": "3.5",
        "confidence_interval": "1.6 to 11.7",
        "chi-square": "4"
      }
    }
  ],
  "relations": [
    {
      "head": "Cardiac allograft vasculopathy",
      "relation": "causes",
      "tail": "mortality",
      "properties": {
        "evidence_strength": "cohort study"
      }
    },
    {
      "head": "stress myocardial perfusion imaging",
      "relation": "monitors",
      "tail": "heart transplant recipients",
      "properties": {
        "evidence_strength": "cohort study"
      }
    },
    {
      "head": "abnormal myocardial perfusion",
      "relation": "increases_risk",
      "tail": "cardiac death",
      "properties": {
        "risk_ratio": "3.5",
        "confidence_interval": "1.6 to 11.7",
        "evidence_strength": "cohort study"
      }
    },
    {
      "head": "peak rate-pressure product",
      "relation": "increases_risk",
      "tail": "cardiac death",
      "properties": {
        "risk_ratio": "0.84",
        "confidence_interval": "0.73 to 0.97",
        "evidence_strength": "cohort study"
      }
    }
  ]
}