{
  "entities": [
    {
      "name": "heart transplantation",
      "type": "surgical_procedure",
      "properties": {}
    },
    {
      "name": "right-sided cardiac catheterization",
      "type": "surgical_procedure",
      "properties": {}
    },
    {
      "name": "thermodilution catheter",
      "type": "medical_device",
      "properties": {}
    },
    {
      "name": "cardiac output",
      "type": "monitoring_indicator",
      "properties": {}
    },
    {
      "name": "myocardial perfusion",
      "type": "monitoring_indicator",
      "properties": {}
    },
    {
      "name": "positron emission tomography",
      "type": "medical_device",
      "properties": {}
    },
    {
      "name": "nitrogen 13 ammonia",
      "type": "monitoring_indicator",
      "properties": {}
    },
    {
      "name": "N-13 ammonia",
      "type": "monitoring_indicator",
      "properties": {}
    },
    {
      "name": "heart failure",
      "type": "recipient_characteristic",
      "properties": {}
    },
    {
      "name": "factor analysis",
      "type": "diagnostic_criteria",
      "properties": {}
    },
    {
      "name": "Stewart-Hamilton principle",
      "type": "diagnostic_criteria",
      "properties": {}
    },
    {
      "name": "P < .0001",
      "type": "risk_factor",
      "properties": {
        "statistical_data": "P < .0001"
      }
    },
    {
      "name": "mean difference 0.12 L/min",
      "type": "risk_factor",
      "properties": {
        "statistical_data": "mean difference 0.12 L/min"
      }
    },
    {
      "name": "SD 0.74 L/min",
      "type": "risk_factor",
      "properties": {
        "statistical_data": "SD 0.74 L/min"
      }
    },
    {
      "name": "interobserver variation",
      "type": "risk_factor",
      "properties": {
        "statistical_data": "mean difference 0.06 L/min, SD 0.46 L/min"
      }
    }
  ],
  "relations": [
    {
      "head": "right-sided cardiac catheterization",
      "relation": "precedes",
      "tail": "thermodilution catheter insertion",
      "properties": {}
    },
    {
      "head": "thermodilution catheter",
      "relation": "monitors",
      "tail": "cardiac output",
      "properties": {}
    },
    {
      "head": "N-13 ammonia",
      "relation": "monitors",
      "tail": "myocardial perfusion",
      "properties": {}
    },
    {
      "head": "factor analysis",
      "relation": "diagnostic_basis_for",
      "tail": "time-activity curve",
      "properties": {}
    },
    {
      "head": "Stewart-Hamilton principle",
      "relation": "diagnostic_basis_for",
      "tail": "PET-derived cardiac output",
      "properties": {}
    },
    {
      "head": "P < .0001",
      "relation": "diagnostic_basis_for",
      "tail": "correlation between PET and invasive cardiac output",
      "properties": {}
    },
    {
      "head": "positron emission tomography",
      "relation": "monitors",
      "tail": "cardiac output",
      "properties": {}
    },
    {
      "head": "positron emission tomography",
      "relation": "monitors",
      "tail": "myocardial perfusion",
      "properties": {}
    }
  ]
}