{
  "entities": [
    {
      "name": "melatonin",
      "type": "medication",
      "properties": {}
    },
    {
      "name": "cardiac allograft",
      "type": "medical_device",
      "properties": {}
    },
    {
      "name": "low-dose melatonin therapy",
      "type": "treatment_regimen",
      "properties": {
        "dose": "20 mg/kg/day"
      }
    },
    {
      "name": "high-dose melatonin therapy",
      "type": "treatment_regimen",
      "properties": {
        "dose": "200 mg/kg/day"
      }
    },
    {
      "name": "acute allograft rejection",
      "type": "complication",
      "properties": {}
    },
    {
      "name": "allograft survival",
      "type": "monitoring_indicator",
      "properties": {}
    },
    {
      "name": "allospecific IgM",
      "type": "monitoring_indicator",
      "properties": {}
    },
    {
      "name": "lymphocyte proliferative capacity",
      "type": "monitoring_indicator",
      "properties": {}
    },
    {
      "name": "cardiac grafts",
      "type": "medical_device",
      "properties": {}
    },
    {
      "name": "untreated controls",
      "type": "treatment_regimen",
      "properties": {}
    },
    {
      "name": "LBNF1 rats",
      "type": "donor_characteristic",
      "properties": {}
    },
    {
      "name": "LEW rats",
      "type": "recipient_characteristic",
      "properties": {}
    }
  ],
  "relations": [
    {
      "head": "high-dose melatonin therapy",
      "relation": "alleviates",
      "tail": "acute allograft rejection",
      "properties": {
        "p_value": "P < 0.0001",
        "evidence_strength": "experimental_study"
      }
    },
    {
      "head": "high-dose melatonin therapy",
      "relation": "increases_risk",
      "tail": "allograft survival",
      "properties": {
        "mean_survival": "12.3 +/- 1 days",
        "p_value": "P < 0.0001",
        "evidence_strength": "experimental_study"
      }
    },
    {
      "head": "low-dose melatonin therapy",
      "relation": "monitors",
      "tail": "allograft survival",
      "properties": {
        "mean_survival": "7.3 +/- 1.1 days",
        "evidence_strength": "experimental_study"
      }
    },
    {
      "head": "untreated controls",
      "relation": "monitors",
      "tail": "allograft survival",
      "properties": {
        "mean_survival": "6.3 +/- 1 days",
        "evidence_strength": "experimental_study"
      }
    },
    {
      "head": "high-dose melatonin therapy",
      "relation": "monitors",
      "tail": "allospecific IgM",
      "properties": {
        "result": "significant decrease",
        "p_value": "P < 0.01",
        "evidence_strength": "experimental_study"
      }
    },
    {
      "head": "low-dose melatonin therapy",
      "relation": "monitors",
      "tail": "allospecific IgM",
      "properties": {
        "result": "significant increase",
        "p_value": "P < 0.01",
        "evidence_strength": "experimental_study"
      }
    },
    {
      "head": "high-dose melatonin therapy",
      "relation": "monitors",
      "tail": "lymphocyte proliferative capacity",
      "properties": {
        "result": "markedly reduced",
        "evidence_strength": "experimental_study"
      }
    },
    {
      "head": "cardiac grafts",
      "relation": "part_of",
      "tail": "cardiac allograft",
      "properties": {}
    },
    {
      "head": "LBNF1 rats",
      "relation": "prerequisite_of",
      "tail": "cardiac grafts",
      "properties": {}
    },
    {
      "head": "LEW rats",
      "relation": "prerequisite_of",
      "tail": "recipient_characteristic",
      "properties": {}
    }
  ]
}