{
  "entities": [
    {
      "name": "continuous perfusion",
      "type": "surgical_procedure",
      "properties": {}
    },
    {
      "name": "cold static storage",
      "type": "surgical_procedure",
      "properties": {}
    },
    {
      "name": "marginal donors",
      "type": "donor_characteristic",
      "properties": {}
    },
    {
      "name": "24-hour preservation interval",
      "type": "recipient_characteristic",
      "properties": {}
    },
    {
      "name": "tissue ischemia",
      "type": "risk_factor",
      "properties": {}
    },
    {
      "name": "edema",
      "type": "complication",
      "properties": {}
    },
    {
      "name": "myeloperoxidase",
      "type": "monitoring_indicator",
      "properties": {}
    },
    {
      "name": "platelet function",
      "type": "monitoring_indicator",
      "properties": {}
    },
    {
      "name": "coronary flow reserve",
      "type": "monitoring_indicator",
      "properties": {}
    },
    {
      "name": "transcoronary protein release",
      "type": "monitoring_indicator",
      "properties": {}
    },
    {
      "name": "coronary resistance",
      "type": "monitoring_indicator",
      "properties": {}
    },
    {
      "name": "weight gain",
      "type": "monitoring_indicator",
      "properties": {}
    },
    {
      "name": "histology",
      "type": "monitoring_indicator",
      "properties": {}
    },
    {
      "name": "systolic function",
      "type": "monitoring_indicator",
      "properties": {}
    },
    {
      "name": "diastolic function",
      "type": "monitoring_indicator",
      "properties": {}
    },
    {
      "name": "oxygen consumption",
      "type": "monitoring_indicator",
      "properties": {}
    },
    {
      "name": "lactate consumption",
      "type": "monitoring_indicator",
      "properties": {}
    },
    {
      "name": "Langendorff blood reperfusion",
      "type": "treatment_regimen",
      "properties": {}
    },
    {
      "name": "cold asanguinous, oxygenated solution",
      "type": "medical_device",
      "properties": {}
    },
    {
      "name": "p = 0.05",
      "type": "diagnostic_criteria",
      "properties": {
        "statistical_data": "p = 0.05"
      }
    },
    {
      "name": "p = 0.06",
      "type": "diagnostic_criteria",
      "properties": {
        "statistical_data": "p = 0.06"
      }
    }
  ],
  "relations": [
    {
      "head": "continuous perfusion",
      "relation": "alleviates",
      "tail": "tissue ischemia",
      "properties": {}
    },
    {
      "head": "continuous perfusion",
      "relation": "increases_risk",
      "tail": "edema",
      "properties": {}
    },
    {
      "head": "continuous perfusion",
      "relation": "precedes",
      "tail": "Langendorff blood reperfusion",
      "properties": {}
    },
    {
      "head": "myeloperoxidase",
      "relation": "monitors",
      "tail": "endothelial function",
      "properties": {}
    },
    {
      "head": "platelet function",
      "relation": "monitors",
      "tail": "endothelial function",
      "properties": {}
    },
    {
      "head": "coronary flow reserve",
      "relation": "monitors",
      "tail": "endothelial function",
      "properties": {}
    },
    {
      "head": "transcoronary protein release",
      "relation": "monitors",
      "tail": "endothelium",
      "properties": {}
    },
    {
      "head": "coronary resistance",
      "relation": "monitors",
      "tail": "endothelium",
      "properties": {}
    },
    {
      "head": "weight gain",
      "relation": "monitors",
      "tail": "edema",
      "properties": {}
    },
    {
      "head": "histology",
      "relation": "monitors",
      "tail": "edema",
      "properties": {}
    },
    {
      "head": "systolic function",
      "relation": "monitors",
      "tail": "myocardial function",
      "properties": {}
    },
    {
      "head": "diastolic function",
      "relation": "monitors",
      "tail": "myocardial function",
      "properties": {}
    },
    {
      "head": "oxygen consumption",
      "relation": "monitors",
      "tail": "metabolic function",
      "properties": {}
    },
    {
      "head": "lactate consumption",
      "relation": "monitors",
      "tail": "metabolic function",
      "properties": {}
    },
    {
      "head": "continuous perfusion",
      "relation": "treats",
      "tail": "24-hour preservation interval",
      "properties": {
        "evidence_strength": "experimental study (dog model)"
      }
    },
    {
      "head": "p = 0.05",
      "relation": "diagnostic_basis_for",
      "tail": "greater recovery in systolic function",
      "properties": {}
    },
    {
      "head": "p = 0.06",
      "relation": "diagnostic_basis_for",
      "tail": "shorter interval required for lactate consumption to exceed production",
      "properties": {}
    }
  ]
}