{
  "entities": [
    {
      "name": "heart transplantation",
      "type": "surgical_procedure",
      "properties": {}
    },
    {
      "name": "ischemia",
      "type": "risk_factor",
      "properties": {}
    },
    {
      "name": "reperfusion",
      "type": "risk_factor",
      "properties": {}
    },
    {
      "name": "lipid peroxidation",
      "type": "complication",
      "properties": {}
    },
    {
      "name": "4-hydroxy-2-nonenal",
      "type": "complication",
      "properties": {}
    },
    {
      "name": "4-HNE",
      "type": "complication",
      "properties": {}
    },
    {
      "name": "cold storage",
      "type": "treatment_regimen",
      "properties": {}
    },
    {
      "name": "cold ischemia",
      "type": "treatment_regimen",
      "properties": {}
    },
    {
      "name": "warm blood reperfusion",
      "type": "treatment_regimen",
      "properties": {}
    },
    {
      "name": "Bretschneider cardioplegic solution",
      "type": "medical_device",
      "properties": {}
    },
    {
      "name": "4-HNE modified proteins",
      "type": "monitoring_indicator",
      "properties": {}
    },
    {
      "name": "4-HNE-protein adducts",
      "type": "monitoring_indicator",
      "properties": {}
    },
    {
      "name": "heterotopic rat heart transplantation model",
      "type": "monitoring_indicator",
      "properties": {
        "evidence_strength": "experimental_study"
      }
    }
  ],
  "relations": [
    {
      "head": "ischemia",
      "relation": "causes",
      "tail": "lipid peroxidation",
      "properties": {}
    },
    {
      "head": "ischemia",
      "relation": "causes",
      "tail": "4-hydroxy-2-nonenal",
      "properties": {}
    },
    {
      "head": "reperfusion",
      "relation": "causes",
      "tail": "lipid peroxidation",
      "properties": {}
    },
    {
      "head": "reperfusion",
      "relation": "causes",
      "tail": "4-hydroxy-2-nonenal",
      "properties": {}
    },
    {
      "head": "lipid peroxidation",
      "relation": "causes",
      "tail": "4-hydroxy-2-nonenal",
      "properties": {}
    },
    {
      "head": "cold storage",
      "relation": "precedes",
      "tail": "heart transplantation",
      "properties": {}
    },
    {
      "head": "warm blood reperfusion",
      "relation": "precedes",
      "tail": "heart transplantation",
      "properties": {}
    },
    {
      "head": "transplantation and reperfusion",
      "relation": "increases_risk",
      "tail": "4-HNE-protein adducts",
      "properties": {
        "p_value": "0.041",
        "context": "30-minute ischemic hearts"
      }
    },
    {
      "head": "transplantation and reperfusion",
      "relation": "increases_risk",
      "tail": "4-HNE-protein adducts",
      "properties": {
        "p_value": "0.009",
        "context": "240-minute ischemic hearts"
      }
    },
    {
      "head": "transplantation and reperfusion",
      "relation": "increases_risk",
      "tail": "4-HNE-protein adducts",
      "properties": {
        "p_value": "0.002",
        "context": "480-minute ischemic hearts"
      }
    }
  ]
}