{
  "entities": [
    {
      "name": "heart and en-bloc thymus transplantation",
      "type": "surgical_procedure",
      "properties": {}
    },
    {
      "name": "donor thymus-induced cardiac allograft tolerance",
      "type": "treatment_regimen",
      "properties": {}
    },
    {
      "name": "cyclosporine",
      "type": "medication",
      "properties": {}
    },
    {
      "name": "palpation",
      "type": "monitoring_indicator",
      "properties": {}
    },
    {
      "name": "electrocardiographic monitoring",
      "type": "monitoring_indicator",
      "properties": {}
    },
    {
      "name": "periodic open biopsy",
      "type": "monitoring_indicator",
      "properties": {}
    },
    {
      "name": "flow cytometry",
      "type": "monitoring_indicator",
      "properties": {}
    },
    {
      "name": "acute cellular rejection",
      "type": "complication",
      "properties": {}
    },
    {
      "name": "cardiac allograft vasculopathy",
      "type": "complication",
      "properties": {}
    },
    {
      "name": "major histocompatibility complex-matched",
      "type": "donor_characteristic",
      "properties": {}
    },
    {
      "name": "miniature swine",
      "type": "recipient_characteristic",
      "properties": {}
    },
    {
      "name": "normal cardiac contractility",
      "type": "monitoring_indicator",
      "properties": {}
    },
    {
      "name": "immediate perfusion of the thymus",
      "type": "monitoring_indicator",
      "properties": {}
    },
    {
      "name": "normal architecture",
      "type": "monitoring_indicator",
      "properties": {}
    },
    {
      "name": "thymopoiesis of recipient-type cells",
      "type": "monitoring_indicator",
      "properties": {}
    }
  ],
  "relations": [
    {
      "head": "heart and en-bloc thymus transplantation",
      "relation": "precedes",
      "tail": "donor thymus-induced cardiac allograft tolerance",
      "properties": {}
    },
    {
      "head": "cyclosporine",
      "relation": "treats",
      "tail": "acute cellular rejection",
      "properties": {}
    },
    {
      "head": "palpation",
      "relation": "monitors",
      "tail": "heart and en-bloc thymus grafts",
      "properties": {}
    },
    {
      "head": "electrocardiographic monitoring",
      "relation": "monitors",
      "tail": "heart and en-bloc thymus grafts",
      "properties": {}
    },
    {
      "head": "periodic open biopsy",
      "relation": "monitors",
      "tail": "heart and en-bloc thymus grafts",
      "properties": {}
    },
    {
      "head": "flow cytometry",
      "relation": "monitors",
      "tail": "engraftment of the donor thymus",
      "properties": {}
    },
    {
      "head": "heart and en-bloc thymus transplantation",
      "relation": "alleviates",
      "tail": "acute cellular rejection",
      "properties": {}
    },
    {
      "head": "heart and en-bloc thymus transplantation",
      "relation": "alleviates",
      "tail": "cardiac allograft vasculopathy",
      "properties": {}
    }
  ]
}