{
  "entities": [
    {
      "name": "magnetic resonance imaging",
      "type": "diagnostic_criteria",
      "properties": {}
    },
    {
      "name": "arrhythmogenic right ventricular cardiomyopathy",
      "type": "diagnostic_criteria",
      "properties": {}
    },
    {
      "name": "heart transplantation",
      "type": "surgical_procedure",
      "properties": {}
    },
    {
      "name": "fat infiltration",
      "type": "diagnostic_criteria",
      "properties": {
        "statistical_data": "88.89%"
      }
    },
    {
      "name": "trabecular disarray",
      "type": "diagnostic_criteria",
      "properties": {
        "statistical_data": "62.96%"
      }
    },
    {
      "name": "dilated right ventricle outlet",
      "type": "diagnostic_criteria",
      "properties": {
        "statistical_data": "66.67%"
      }
    },
    {
      "name": "dilated RV apex",
      "type": "diagnostic_criteria",
      "properties": {
        "statistical_data": "51.85%"
      }
    },
    {
      "name": "dilated RV free wall and posterior wall",
      "type": "diagnostic_criteria",
      "properties": {
        "statistical_data": "66.67%"
      }
    },
    {
      "name": "right atrium enlargement",
      "type": "diagnostic_criteria",
      "properties": {
        "statistical_data": "40.74%"
      }
    },
    {
      "name": "local RV dysfunction",
      "type": "diagnostic_criteria",
      "properties": {
        "statistical_data": "18.52%"
      }
    },
    {
      "name": "global RV dysfunction",
      "type": "diagnostic_criteria",
      "properties": {
        "statistical_data": "70.37%"
      }
    },
    {
      "name": "RV ejection fraction",
      "type": "monitoring_indicator",
      "properties": {
        "statistical_data": "35%"
      }
    },
    {
      "name": "left ventricle",
      "type": "diagnostic_criteria",
      "properties": {
        "statistical_data": "40.74%"
      }
    },
    {
      "name": "perfusion defects",
      "type": "diagnostic_criteria",
      "properties": {
        "statistical_data": "10.52%"
      }
    },
    {
      "name": "late enhancement of myocardium",
      "type": "diagnostic_criteria",
      "properties": {
        "statistical_data": "36.84%"
      }
    }
  ],
  "relations": [
    {
      "head": "magnetic resonance imaging",
      "relation": "diagnostic_basis_for",
      "tail": "arrhythmogenic right ventricular cardiomyopathy",
      "properties": {}
    },
    {
      "head": "heart transplantation",
      "relation": "precedes",
      "tail": "histology on transplanted hearts",
      "properties": {}
    },
    {
      "head": "fat infiltration",
      "relation": "diagnostic_basis_for",
      "tail": "arrhythmogenic right ventricular cardiomyopathy",
      "properties": {
        "statistical_data": "88.89%"
      }
    },
    {
      "head": "trabecular disarray",
      "relation": "diagnostic_basis_for",
      "tail": "arrhythmogenic right ventricular cardiomyopathy",
      "properties": {
        "statistical_data": "62.96%"
      }
    },
    {
      "head": "dilated right ventricle outlet",
      "relation": "diagnostic_basis_for",
      "tail": "arrhythmogenic right ventricular cardiomyopathy",
      "properties": {
        "statistical_data": "66.67%"
      }
    },
    {
      "head": "dilated RV apex",
      "relation": "diagnostic_basis_for",
      "tail": "arrhythmogenic right ventricular cardiomyopathy",
      "properties": {
        "statistical_data": "51.85%"
      }
    },
    {
      "head": "dilated RV free wall and posterior wall",
      "relation": "diagnostic_basis_for",
      "tail": "arrhythmogenic right ventricular cardiomyopathy",
      "properties": {
        "statistical_data": "66.67%"
      }
    },
    {
      "head": "right atrium enlargement",
      "relation": "diagnostic_basis_for",
      "tail": "arrhythmogenic right ventricular cardiomyopathy",
      "properties": {
        "statistical_data": "40.74%"
      }
    },
    {
      "head": "local RV dysfunction",
      "relation": "diagnostic_basis_for",
      "tail": "arrhythmogenic right ventricular cardiomyopathy",
      "properties": {
        "statistical_data": "18.52%"
      }
    },
    {
      "head": "global RV dysfunction",
      "relation": "diagnostic_basis_for",
      "tail": "arrhythmogenic right ventricular cardiomyopathy",
      "properties": {
        "statistical_data": "70.37%"
      }
    },
    {
      "head": "RV ejection fraction",
      "relation": "monitors",
      "tail": "arrhythmogenic right ventricular cardiomyopathy",
      "properties": {
        "statistical_data": "35%"
      }
    },
    {
      "head": "left ventricle",
      "relation": "diagnostic_basis_for",
      "tail": "arrhythmogenic right ventricular cardiomyopathy",
      "properties": {
        "statistical_data": "40.74%"
      }
    },
    {
      "head": "perfusion defects",
      "relation": "diagnostic_basis_for",
      "tail": "arrhythmogenic right ventricular cardiomyopathy",
      "properties": {
        "statistical_data": "10.52%"
      }
    },
    {
      "head": "late enhancement of myocardium",
      "relation": "diagnostic_basis_for",
      "tail": "arrhythmogenic right ventricular cardiomyopathy",
      "properties": {
        "statistical_data": "36.84%"
      }
    }
  ]
}