{
  "entities": [
    {
      "name": "transplant coronary artery vasculopathy",
      "type": "complication",
      "properties": {}
    },
    {
      "name": "myocardial perfusion imaging",
      "type": "diagnostic_criteria",
      "properties": {}
    },
    {
      "name": "SPECT technetium 99M tetrofosmin imaging",
      "type": "diagnostic_criteria",
      "properties": {}
    },
    {
      "name": "stress echocardiography",
      "type": "diagnostic_criteria",
      "properties": {}
    },
    {
      "name": "exertional dyspnea",
      "type": "symptom",
      "properties": {}
    },
    {
      "name": "hypertension",
      "type": "risk_factor",
      "properties": {}
    },
    {
      "name": "pediatric cardiac transplant",
      "type": "surgical_procedure",
      "properties": {}
    },
    {
      "name": "coronary artery disease",
      "type": "complication",
      "properties": {}
    },
    {
      "name": "nuclear perfusion scans",
      "type": "diagnostic_criteria",
      "properties": {}
    },
    {
      "name": "ischemia",
      "type": "complication",
      "properties": {}
    }
  ],
  "relations": [
    {
      "head": "transplant coronary artery vasculopathy",
      "relation": "complication_of",
      "tail": "pediatric cardiac transplant",
      "properties": {}
    },
    {
      "head": "myocardial perfusion imaging",
      "relation": "diagnostic_basis_for",
      "tail": "transplant coronary artery vasculopathy",
      "properties": {}
    },
    {
      "head": "SPECT technetium 99M tetrofosmin imaging",
      "relation": "diagnostic_basis_for",
      "tail": "transplant coronary artery vasculopathy",
      "properties": {}
    },
    {
      "head": "stress echocardiography",
      "relation": "diagnostic_basis_for",
      "tail": "transplant coronary artery vasculopathy",
      "properties": {}
    },
    {
      "head": "exertional dyspnea",
      "relation": "symptom_of",
      "tail": "transplant coronary artery vasculopathy",
      "properties": {}
    },
    {
      "head": "hypertension",
      "relation": "increases_risk",
      "tail": "transplant coronary artery vasculopathy",
      "properties": {}
    },
    {
      "head": "nuclear perfusion scans",
      "relation": "diagnostic_basis_for",
      "tail": "transplant coronary artery vasculopathy",
      "properties": {}
    },
    {
      "head": "ischemia",
      "relation": "complication_of",
      "tail": "transplant coronary artery vasculopathy",
      "properties": {}
    }
  ]
}