{
  "entities": [
    {
      "name": "pulsatile ventricular assist device",
      "type": "medical_device",
      "properties": {}
    },
    {
      "name": "Berlin Heart EXCOR",
      "type": "medical_device",
      "properties": {}
    },
    {
      "name": "interventional lung assist device",
      "type": "medical_device",
      "properties": {}
    },
    {
      "name": "Novalung",
      "type": "medical_device",
      "properties": {}
    },
    {
      "name": "heart transplantation",
      "type": "surgical_procedure",
      "properties": {}
    },
    {
      "name": "pediatric patients",
      "type": "recipient_characteristic",
      "properties": {}
    },
    {
      "name": "severe respiratory failure",
      "type": "complication",
      "properties": {}
    },
    {
      "name": "extracorporeal membrane oxygenation",
      "type": "treatment_regimen",
      "properties": {}
    },
    {
      "name": "severe complications",
      "type": "complication",
      "properties": {}
    },
    {
      "name": "isolated lung failure",
      "type": "complication",
      "properties": {}
    },
    {
      "name": "EXCOR VAD",
      "type": "medical_device",
      "properties": {
        "pump_size": "10 ml and 30 ml blood pumps"
      }
    },
    {
      "name": "pigs",
      "type": "recipient_characteristic",
      "properties": {
        "weight": "10 kg and 30 kg"
      }
    },
    {
      "name": "mean arterial pressure",
      "type": "monitoring_indicator",
      "properties": {
        "reduction": "mean of 13 mm Hg"
      }
    },
    {
      "name": "flow",
      "type": "monitoring_indicator",
      "properties": {
        "status": "unaffected by the iLA"
      }
    },
    {
      "name": "oxygenation",
      "type": "monitoring_indicator",
      "properties": {}
    },
    {
      "name": "CO2 clearance",
      "type": "monitoring_indicator",
      "properties": {}
    },
    {
      "name": "myocardial and respiratory failure",
      "type": "complication",
      "properties": {}
    }
  ],
  "relations": [
    {
      "head": "pulsatile ventricular assist device",
      "relation": "part_of",
      "tail": "bridge to heart transplantation",
      "properties": {
        "recipient": "pediatric patients"
      }
    },
    {
      "head": "severe respiratory failure",
      "relation": "treats",
      "tail": "extracorporeal membrane oxygenation",
      "properties": {
        "evidence_strength": "currently the treatment of choice"
      }
    },
    {
      "head": "extracorporeal membrane oxygenation",
      "relation": "increases_risk",
      "tail": "severe complications",
      "properties": {}
    },
    {
      "head": "isolated lung failure",
      "relation": "treats",
      "tail": "interventional lung assist device",
      "properties": {}
    },
    {
      "head": "Novalung",
      "relation": "monitors",
      "tail": "mean arterial pressure",
      "properties": {
        "effect": "reduced (mean of 13 mm Hg)"
      }
    },
    {
      "head": "Novalung",
      "relation": "monitors",
      "tail": "flow",
      "properties": {
        "effect": "unaffected"
      }
    },
    {
      "head": "Novalung",
      "relation": "alleviates",
      "tail": "oxygenation",
      "properties": {}
    },
    {
      "head": "Novalung",
      "relation": "alleviates",
      "tail": "CO2 clearance",
      "properties": {}
    },
    {
      "head": "combined use of both devices",
      "relation": "treats",
      "tail": "myocardial and respiratory failure",
      "properties": {
        "evidence_strength": "feasibility study in animal model"
      }
    }
  ]
}