{
  "entities": [
    {
      "name": "idiopathic dilated cardiomyopathy",
      "type": "recipient_characteristic",
      "properties": {}
    },
    {
      "name": "positron emission tomography",
      "type": "diagnostic_criteria",
      "properties": {}
    },
    {
      "name": "PET stress perfusion-metabolism mismatch",
      "type": "monitoring_indicator",
      "properties": {}
    },
    {
      "name": "adverse outcome",
      "type": "complication",
      "properties": {}
    },
    {
      "name": "hospitalization",
      "type": "complication",
      "properties": {}
    },
    {
      "name": "mortality",
      "type": "complication",
      "properties": {}
    },
    {
      "name": "heart transplantation",
      "type": "surgical_procedure",
      "properties": {}
    },
    {
      "name": "univariate analysis",
      "type": "diagnostic_criteria",
      "properties": {
        "evidence_strength": "cohort study"
      }
    },
    {
      "name": "adjusted relative risk",
      "type": "diagnostic_criteria",
      "properties": {
        "statistical_data": "10.4 (95% CI 1.1-103; P = 0.04)"
      }
    },
    {
      "name": "adjusted relative risk",
      "type": "diagnostic_criteria",
      "properties": {
        "statistical_data": "6.5 (95% CI 1.2-36; P = 0.03)"
      }
    }
  ],
  "relations": [
    {
      "head": "PET stress perfusion-metabolism mismatch",
      "relation": "increases_risk",
      "tail": "adverse outcome",
      "properties": {
        "evidence_strength": "cohort study",
        "statistical_data": "P = 0.03"
      }
    },
    {
      "head": "PET stress perfusion-metabolism mismatch",
      "relation": "increases_risk",
      "tail": "death, heart transplant, or hospitalization",
      "properties": {
        "evidence_strength": "cohort study",
        "statistical_data": "adjusted relative risk of 10.4 (95% CI 1.1-103; P = 0.04)"
      }
    },
    {
      "head": "PET stress perfusion-metabolism mismatch",
      "relation": "increases_risk",
      "tail": "death, heart transplantation, or hospitalization",
      "properties": {
        "evidence_strength": "cohort study",
        "statistical_data": "adjusted relative risk of 6.5 [95% CI 1.2-36; P = 0.03]"
      }
    },
    {
      "head": "positron emission tomography",
      "relation": "diagnostic_basis_for",
      "tail": "PET stress perfusion-metabolism mismatch",
      "properties": {}
    },
    {
      "head": "PET stress perfusion-metabolism mismatch",
      "relation": "precedes",
      "tail": "heart transplantation",
      "properties": {
        "evidence_strength": "cohort study"
      }
    }
  ]
}