{
  "entities": [
    {
      "name": "heart transplantation",
      "type": "surgical_procedure",
      "properties": {}
    },
    {
      "name": "ischemia-reperfusion injury",
      "type": "complication",
      "properties": {}
    },
    {
      "name": "Recombinant human neuregulin (rhNRG)-1 peptide",
      "type": "medication",
      "properties": {}
    },
    {
      "name": "Celsior (C)",
      "type": "medical_device",
      "properties": {}
    },
    {
      "name": "glyceryl trinitrate (GTN)",
      "type": "medication",
      "properties": {}
    },
    {
      "name": "cariporide",
      "type": "medication",
      "properties": {}
    },
    {
      "name": "hypothermic storage",
      "type": "surgical_procedure",
      "properties": {}
    },
    {
      "name": "isolated working rat heart model",
      "type": "monitoring_indicator",
      "properties": {
        "evidence_strength": "animal_model"
      }
    },
    {
      "name": "cardiac output recovery",
      "type": "monitoring_indicator",
      "properties": {
        "statistical_data": "control 1.4% +/- 0.6%; rhNRG-1+C 21.1% +/- 7.9%; P<0.05"
      }
    },
    {
      "name": "functional recovery",
      "type": "monitoring_indicator",
      "properties": {}
    }
  ],
  "relations": [
    {
      "head": "heart transplantation",
      "relation": "causes",
      "tail": "ischemia-reperfusion injury",
      "properties": {}
    },
    {
      "head": "Recombinant human neuregulin (rhNRG)-1 peptide",
      "relation": "alleviates",
      "tail": "ischemia-reperfusion injury",
      "properties": {
        "evidence_strength": "animal_model"
      }
    },
    {
      "head": "glyceryl trinitrate (GTN)",
      "relation": "part_of",
      "tail": "Celsior (C)",
      "properties": {}
    },
    {
      "head": "cariporide",
      "relation": "part_of",
      "tail": "Celsior (C)",
      "properties": {}
    },
    {
      "head": "Recombinant human neuregulin (rhNRG)-1 peptide",
      "relation": "part_of",
      "tail": "Celsior (C)",
      "properties": {}
    },
    {
      "head": "Celsior (C)",
      "relation": "treats",
      "tail": "hypothermic storage",
      "properties": {}
    },
    {
      "head": "hypothermic storage",
      "relation": "precedes",
      "tail": "heart transplantation",
      "properties": {}
    },
    {
      "head": "isolated working rat heart model",
      "relation": "monitors",
      "tail": "cardiac output recovery",
      "properties": {}
    },
    {
      "head": "cardiac output recovery",
      "relation": "diagnostic_basis_for",
      "tail": "functional recovery",
      "properties": {
        "statistical_data": "control 1.4% +/- 0.6%; rhNRG-1+C 21.1% +/- 7.9%; P<0.05"
      }
    }
  ]
}