{
  "entities": [
    {
      "name": "Percutaneous extracorporeal life support",
      "type": "medical_device",
      "properties": {}
    },
    {
      "name": "Therapy refractory cardiogenic shock",
      "type": "risk_factor",
      "properties": {}
    },
    {
      "name": "dismal outcome",
      "type": "complication",
      "properties": {}
    },
    {
      "name": "Percutaneous implantation",
      "type": "surgical_procedure",
      "properties": {}
    },
    {
      "name": "extracorporeal life support (ECLS) system",
      "type": "medical_device",
      "properties": {}
    },
    {
      "name": "cardiopulmonary stabilization",
      "type": "treatment_regimen",
      "properties": {}
    },
    {
      "name": "end-organ perfusion",
      "type": "monitoring_indicator",
      "properties": {}
    },
    {
      "name": "multiorgan failure (MOF)",
      "type": "complication",
      "properties": {}
    },
    {
      "name": "ECLS implantation",
      "type": "surgical_procedure",
      "properties": {}
    },
    {
      "name": "cardiogenic shock",
      "type": "risk_factor",
      "properties": {}
    },
    {
      "name": "Mean age",
      "type": "recipient_characteristic",
      "properties": {
        "value": "52 +/- 13 years"
      }
    },
    {
      "name": "female",
      "type": "recipient_characteristic",
      "properties": {
        "percentage": "15%"
      }
    },
    {
      "name": "pH values",
      "type": "monitoring_indicator",
      "properties": {
        "before_ECLS": "7.15 +/- 0.24",
        "after_ECLS": "7.30 +/- 0.14"
      }
    },
    {
      "name": "lactate concentration",
      "type": "monitoring_indicator",
      "properties": {
        "before_ECLS": "11.7 +/- 6.4 mmol/l",
        "after_ECLS": "8.7 +/- 5.0 mmol/l"
      }
    },
    {
      "name": "acute coronary syndrome",
      "type": "risk_factor",
      "properties": {
        "percentage": "56%"
      }
    },
    {
      "name": "cardiomyopathy",
      "type": "risk_factor",
      "properties": {
        "percentage": "32%"
      }
    },
    {
      "name": "resuscitated",
      "type": "recipient_characteristic",
      "properties": {
        "percentage": "66%"
      }
    },
    {
      "name": "cardiopulmonary resuscitation (CPR)",
      "type": "treatment_regimen",
      "properties": {
        "percentage": "34%"
      }
    },
    {
      "name": "percutaneous coronary intervention (PCI)",
      "type": "surgical_procedure",
      "properties": {
        "percentage": "97%"
      }
    },
    {
      "name": "senior cardiac surgeon",
      "type": "recipient_characteristic",
      "properties": {}
    },
    {
      "name": "trained perfusionist",
      "type": "recipient_characteristic",
      "properties": {}
    },
    {
      "name": "referring hospital",
      "type": "recipient_characteristic",
      "properties": {
        "percentage": "20%"
      }
    },
    {
      "name": "Thirty-day mortality",
      "type": "complication",
      "properties": {
        "percentage": "51%"
      }
    },
    {
      "name": "MOF",
      "type": "complication",
      "properties": {
        "count": "14"
      }
    },
    {
      "name": "cerebral complication",
      "type": "complication",
      "properties": {}
    }
  ],
  "relations": [
    {
      "head": "Therapy refractory cardiogenic shock",
      "relation": "causes",
      "tail": "dismal outcome",
      "properties": {}
    },
    {
      "head": "Percutaneous implantation",
      "relation": "precedes",
      "tail": "extracorporeal life support (ECLS) system",
      "properties": {}
    },
    {
      "head": "extracorporeal life support (ECLS) system",
      "relation": "alleviates",
      "tail": "cardiopulmonary stabilization",
      "properties": {}
    },
    {
      "head": "extracorporeal life support (ECLS) system",
      "relation": "alleviates",
      "tail": "end-organ perfusion",
      "properties": {}
    },
    {
      "head": "extracorporeal life support (ECLS) system",
      "relation": "alleviates",
      "tail": "multiorgan failure (MOF)",
      "properties": {}
    },
    {
      "head": "ECLS implantation",
      "relation": "treats",
      "tail": "cardiogenic shock",
      "properties": {}
    },
    {
      "head": "acute coronary syndrome",
      "relation": "causes",
      "tail": "cardiogenic shock",
      "properties": {
        "percentage": "56%"
      }
    },
    {
      "head": "cardiomyopathy",
      "relation": "causes",
      "tail": "cardiogenic shock",
      "properties": {
        "percentage": "32%"
      }
    },
    {
      "head": "percutaneous coronary intervention (PCI)",
      "relation": "precedes",
      "tail": "ECLS implantation",
      "properties": {
        "percentage": "97%"
      }
    },
    {
      "head": "percutaneous coronary intervention (PCI)",
      "relation": "part_of",
      "tail": "ECLS support",
      "properties": {
        "percentage": "97%"
      }
    },
    {
      "head": "ECLS implantation",
      "relation": "monitors",
      "tail": "pH values",
      "properties": {}
    },
    {
      "head": "ECLS implantation",
      "relation": "monitors",
      "tail": "lactate concentration",
      "properties": {}
    },
    {
      "head": "Thirty-day mortality",
      "relation": "causes",
      "tail": "MOF",
      "properties": {
        "count": "14"
      }
    },
    {
      "head": "Thirty-day mortality",
      "relation": "causes",
      "tail": "cerebral complication",
      "properties": {}
    }
  ]
}