{
  "entities": [
    {
      "name": "ex vivo reanimation",
      "type": "surgical_procedure",
      "properties": {}
    },
    {
      "name": "hearts",
      "type": "medical_device",
      "properties": {}
    },
    {
      "name": "porcine donation after circulatory death model",
      "type": "donor_characteristic",
      "properties": {}
    }
  ],
  "relations": [
    {
      "head": "ex vivo reanimation",
      "relation": "precedes",
      "tail": "hearts",
      "properties": {}
    },
    {
      "head": "hearts",
      "relation": "part_of",
      "tail": "porcine donation after circulatory death model",
      "properties": {}
    }
  ]
}