{
  "entities": [
    {
      "name": "venoarterial extracorporeal membrane oxygenation",
      "type": "medical_device",
      "properties": {}
    },
    {
      "name": "fulminant chagasic myocarditis",
      "type": "complication",
      "properties": {}
    },
    {
      "name": "heart transplant",
      "type": "surgical_procedure",
      "properties": {}
    },
    {
      "name": "17-year-old Brazilian male",
      "type": "recipient_characteristic",
      "properties": {}
    },
    {
      "name": "progressive dyspnea",
      "type": "complication",
      "properties": {}
    },
    {
      "name": "respiratory failure",
      "type": "complication",
      "properties": {}
    },
    {
      "name": "cardiogenic shock",
      "type": "complication",
      "properties": {}
    },
    {
      "name": "multiple organ dysfunctions",
      "type": "complication",
      "properties": {}
    },
    {
      "name": "Echocardiography",
      "type": "monitoring_indicator",
      "properties": {}
    },
    {
      "name": "left ventricle ejection fraction of 11%",
      "type": "monitoring_indicator",
      "properties": {}
    },
    {
      "name": "severe diffuse hypokinesia",
      "type": "complication",
      "properties": {}
    },
    {
      "name": "systolic pulmonary artery pressure of 50mmHg",
      "type": "monitoring_indicator",
      "properties": {}
    },
    {
      "name": "hemodynamic support",
      "type": "treatment_regimen",
      "properties": {}
    },
    {
      "name": "dobutamine",
      "type": "medication",
      "properties": {
        "dosage": "20mcg/kg/min"
      }
    },
    {
      "name": "noradrenaline",
      "type": "medication",
      "properties": {
        "dosage": "1.7mcg/kg/min"
      }
    },
    {
      "name": "extracorporeal membrane oxygenation",
      "type": "medical_device",
      "properties": {}
    },
    {
      "name": "chronic active myocarditis",
      "type": "complication",
      "properties": {}
    },
    {
      "name": "amastigotes of Trypanosoma cruzi",
      "type": "diagnostic_criteria",
      "properties": {}
    },
    {
      "name": "T. cruzi infections",
      "type": "risk_factor",
      "properties": {}
    }
  ],
  "relations": [
    {
      "head": "venoarterial extracorporeal membrane oxygenation",
      "relation": "precedes",
      "tail": "heart transplant",
      "properties": {}
    },
    {
      "head": "fulminant chagasic myocarditis",
      "relation": "causes",
      "tail": "heart transplant",
      "properties": {}
    },
    {
      "head": "Echocardiography",
      "relation": "monitors",
      "tail": "left ventricle ejection fraction of 11%",
      "properties": {}
    },
    {
      "head": "Echocardiography",
      "relation": "monitors",
      "tail": "severe diffuse hypokinesia",
      "properties": {}
    },
    {
      "head": "Echocardiography",
      "relation": "monitors",
      "tail": "systolic pulmonary artery pressure of 50mmHg",
      "properties": {}
    },
    {
      "head": "dobutamine",
      "relation": "treats",
      "tail": "hemodynamic support",
      "properties": {}
    },
    {
      "head": "noradrenaline",
      "relation": "treats",
      "tail": "hemodynamic support",
      "properties": {}
    },
    {
      "head": "extracorporeal membrane oxygenation",
      "relation": "precedes",
      "tail": "heart transplant",
      "properties": {}
    },
    {
      "head": "chronic active myocarditis",
      "relation": "diagnostic_basis_for",
      "tail": "heart transplant",
      "properties": {}
    },
    {
      "name": "amastigotes of Trypanosoma cruzi",
      "relation": "diagnostic_basis_for",
      "tail": "fulminant chagasic myocarditis",
      "properties": {}
    }
  ]
}