{
  "entities": [
    {
      "name": "normothermic ex vivo heart perfusion",
      "type": "surgical_procedure",
      "properties": {}
    },
    {
      "name": "cross-circulated whole blood",
      "type": "medical_device",
      "properties": {}
    },
    {
      "name": "cross-circulated filtered plasma",
      "type": "medical_device",
      "properties": {}
    },
    {
      "name": "live paracorporeal animal",
      "type": "donor_characteristic",
      "properties": {}
    },
    {
      "name": "donor porcine hearts",
      "type": "donor_characteristic",
      "properties": {}
    },
    {
      "name": "standard perfusion",
      "type": "surgical_procedure",
      "properties": {}
    },
    {
      "name": "red blood cell/plasma perfusate",
      "type": "medical_device",
      "properties": {}
    },
    {
      "name": "Langendorff technique",
      "type": "surgical_procedure",
      "properties": {}
    },
    {
      "name": "oxygen metabolism",
      "type": "monitoring_indicator",
      "properties": {}
    },
    {
      "name": "vascular resistance",
      "type": "monitoring_indicator",
      "properties": {}
    },
    {
      "name": "lactate production",
      "type": "monitoring_indicator",
      "properties": {}
    },
    {
      "name": "left ventricular function",
      "type": "monitoring_indicator",
      "properties": {}
    },
    {
      "name": "myocardial electrical impedance",
      "type": "monitoring_indicator",
      "properties": {}
    },
    {
      "name": "histopathologic injury score",
      "type": "monitoring_indicator",
      "properties": {}
    },
    {
      "name": "oxygen consumption",
      "type": "monitoring_indicator",
      "properties": {}
    },
    {
      "name": "p = 0.002",
      "type": "risk_factor",
      "properties": {
        "statistical_significance": "p = 0.002"
      }
    }
  ],
  "relations": [
    {
      "head": "normothermic ex vivo heart perfusion",
      "relation": "precedes",
      "tail": "cardiac transplantation",
      "properties": {}
    },
    {
      "head": "cross-circulated whole blood",
      "relation": "monitors",
      "tail": "oxygen metabolism",
      "properties": {}
    },
    {
      "head": "cross-circulated whole blood",
      "relation": "monitors",
      "tail": "vascular resistance",
      "properties": {}
    },
    {
      "head": "cross-circulated whole blood",
      "relation": "monitors",
      "tail": "lactate production",
      "properties": {}
    },
    {
      "head": "cross-circulated whole blood",
      "relation": "monitors",
      "tail": "left ventricular function",
      "properties": {}
    },
    {
      "head": "cross-circulated whole blood",
      "relation": "monitors",
      "tail": "myocardial electrical impedance",
      "properties": {}
    },
    {
      "head": "cross-circulated whole blood",
      "relation": "monitors",
      "tail": "histopathologic injury score",
      "properties": {}
    },
    {
      "head": "cross-circulated filtered plasma",
      "relation": "monitors",
      "tail": "oxygen metabolism",
      "properties": {}
    },
    {
      "head": "cross-circulated filtered plasma",
      "relation": "monitors",
      "tail": "vascular resistance",
      "properties": {}
    },
    {
      "head": "cross-circulated filtered plasma",
      "relation": "monitors",
      "tail": "lactate production",
      "properties": {}
    },
    {
      "head": "cross-circulated filtered plasma",
      "relation": "monitors",
      "tail": "left ventricular function",
      "properties": {}
    },
    {
      "head": "cross-circulated filtered plasma",
      "relation": "monitors",
      "tail": "myocardial electrical impedance",
      "properties": {}
    },
    {
      "head": "cross-circulated filtered plasma",
      "relation": "monitors",
      "tail": "histopathologic injury score",
      "properties": {}
    },
    {
      "head": "cross-circulation",
      "relation": "increases_risk",
      "tail": "oxygen consumption",
      "properties": {
        "statistical_significance": "p = 0.002"
      }
    },
    {
      "head": "cross-circulation",
      "relation": "increases_risk",
      "tail": "vascular resistance",
      "properties": {
        "statistical_significance": "p = 0.002"
      }
    }
  ]
}