{
  "entities": [
    {
      "name": "coronary CT angiography",
      "type": "diagnostic_criteria",
      "properties": {}
    },
    {
      "name": "CT myocardial perfusion imaging",
      "type": "diagnostic_criteria",
      "properties": {}
    },
    {
      "name": "three-dimensional fusion",
      "type": "medical_device",
      "properties": {}
    },
    {
      "name": "morphology",
      "type": "monitoring_indicator",
      "properties": {}
    },
    {
      "name": "function",
      "type": "monitoring_indicator",
      "properties": {}
    }
  ],
  "relations": [
    {
      "head": "three-dimensional fusion",
      "relation": "monitors",
      "tail": "morphology",
      "properties": {}
    },
    {
      "head": "three-dimensional fusion",
      "relation": "monitors",
      "tail": "function",
      "properties": {}
    },
    {
      "head": "three-dimensional fusion",
      "relation": "part_of",
      "tail": "coronary CT angiography",
      "properties": {}
    },
    {
      "head": "three-dimensional fusion",
      "relation": "part_of",
      "tail": "CT myocardial perfusion imaging",
      "properties": {}
    }
  ]
}