{
  "entities": [
    {
      "name": "adult congenital heart disease transplantation",
      "type": "surgical_procedure",
      "properties": {}
    },
    {
      "name": "ACHD patients",
      "type": "recipient_characteristic",
      "properties": {}
    },
    {
      "name": "late ventricular dysfunction",
      "type": "complication",
      "properties": {}
    },
    {
      "name": "morphologic systemic right ventricle",
      "type": "risk_factor",
      "properties": {}
    },
    {
      "name": "altered coronary perfusion",
      "type": "risk_factor",
      "properties": {}
    },
    {
      "name": "ventricular noncompaction",
      "type": "risk_factor",
      "properties": {}
    },
    {
      "name": "systemic ventricular failure refractory medical therapy",
      "type": "indication",
      "properties": {}
    },
    {
      "name": "Fontan patients failing from chronic passive pulmonary circulation",
      "type": "indication",
      "properties": {}
    },
    {
      "name": "progressive cyanosis leading to functional decline",
      "type": "indication",
      "properties": {}
    },
    {
      "name": "extensive reconstruction of the branch pulmonary arteries",
      "type": "surgical_procedure",
      "properties": {}
    },
    {
      "name": "extensive reconstruction of the systemic veins",
      "type": "surgical_procedure",
      "properties": {}
    },
    {
      "name": "extensive reconstruction of the aorta",
      "type": "surgical_procedure",
      "properties": {}
    },
    {
      "name": "vasoplegia",
      "type": "complication",
      "properties": {}
    },
    {
      "name": "bleeding",
      "type": "complication",
      "properties": {}
    },
    {
      "name": "graft right ventricular dysfunction",
      "type": "complication",
      "properties": {}
    }
  ],
  "relations": [
    {
      "head": "morphologic systemic right ventricle",
      "relation": "causes",
      "tail": "late ventricular dysfunction",
      "properties": {}
    },
    {
      "head": "altered coronary perfusion",
      "relation": "causes",
      "tail": "late ventricular dysfunction",
      "properties": {}
    },
    {
      "head": "ventricular noncompaction",
      "relation": "causes",
      "tail": "late ventricular dysfunction",
      "properties": {}
    },
    {
      "head": "systemic ventricular failure refractory medical therapy",
      "relation": "diagnostic_basis_for",
      "tail": "adult congenital heart disease transplantation",
      "properties": {}
    },
    {
      "head": "Fontan patients failing from chronic passive pulmonary circulation",
      "relation": "diagnostic_basis_for",
      "tail": "adult congenital heart disease transplantation",
      "properties": {}
    },
    {
      "head": "progressive cyanosis leading to functional decline",
      "relation": "diagnostic_basis_for",
      "tail": "adult congenital heart disease transplantation",
      "properties": {}
    },
    {
      "head": "extensive reconstruction of the branch pulmonary arteries",
      "relation": "part_of",
      "tail": "adult congenital heart disease transplantation",
      "properties": {}
    },
    {
      "head": "extensive reconstruction of the systemic veins",
      "relation": "part_of",
      "tail": "adult congenital heart disease transplantation",
      "properties": {}
    },
    {
      "head": "extensive reconstruction of the aorta",
      "relation": "part_of",
      "tail": "adult congenital heart disease transplantation",
      "properties": {}
    },
    {
      "head": "vasoplegia",
      "relation": "complicates",
      "tail": "immediate post-transplant period",
      "properties": {}
    },
    {
      "head": "bleeding",
      "relation": "complicates",
      "tail": "immediate post-transplant period",
      "properties": {}
    },
    {
      "head": "graft right ventricular dysfunction",
      "relation": "complicates",
      "tail": "immediate post-transplant period",
      "properties": {}
    }
  ]
}