{
  "entities": [
    {
      "name": "Mechanical Postconditioning",
      "type": "treatment_regimen",
      "properties": {}
    },
    {
      "name": "Glucose Metabolism",
      "type": "monitoring_indicator",
      "properties": {}
    },
    {
      "name": "AMPK Activity",
      "type": "monitoring_indicator",
      "properties": {}
    },
    {
      "name": "Post-Ischemic Recovery",
      "type": "monitoring_indicator",
      "properties": {}
    },
    {
      "name": "Isolated Rat Heart Model",
      "type": "medical_device",
      "properties": {}
    },
    {
      "name": "Donation after Circulatory Death",
      "type": "donor_characteristic",
      "properties": {}
    }
  ],
  "relations": [
    {
      "head": "Mechanical Postconditioning",
      "relation": "monitors",
      "tail": "Glucose Metabolism",
      "properties": {}
    },
    {
      "head": "Mechanical Postconditioning",
      "relation": "monitors",
      "tail": "AMPK Activity",
      "properties": {}
    },
    {
      "head": "Mechanical Postconditioning",
      "relation": "alleviates",
      "tail": "Post-Ischemic Recovery",
      "properties": {}
    },
    {
      "head": "Isolated Rat Heart Model",
      "relation": "part_of",
      "tail": "Donation after Circulatory Death",
      "properties": {}
    }
  ]
}