{
  "entities": [
    {
      "name": "dendritic cells",
      "type": "medical_device",
      "properties": {}
    },
    {
      "name": "METTL3 gene knockdown",
      "type": "treatment_regimen",
      "properties": {}
    },
    {
      "name": "allograft survival",
      "type": "monitoring_indicator",
      "properties": {}
    },
    {
      "name": "adaptive immune responses",
      "type": "complication",
      "properties": {}
    },
    {
      "name": "allograft rejection",
      "type": "complication",
      "properties": {}
    },
    {
      "name": "Methyltransferase-like protein 3",
      "type": "medication",
      "properties": {}
    },
    {
      "name": "METTL3-silencing donor DCs",
      "type": "treatment_regimen",
      "properties": {}
    },
    {
      "name": "mouse heart transplantation",
      "type": "surgical_procedure",
      "properties": {}
    },
    {
      "name": "Bone marrow-derived DCs",
      "type": "medical_device",
      "properties": {}
    },
    {
      "name": "donor BALB/c mice",
      "type": "donor_characteristic",
      "properties": {}
    },
    {
      "name": "lentiviruses expressing METTL3-specific short hairpin RNA",
      "type": "medical_device",
      "properties": {}
    },
    {
      "name": "LV-METTL3 shRNA",
      "type": "medical_device",
      "properties": {}
    },
    {
      "name": "lipopolysaccharide",
      "type": "medication",
      "properties": {}
    },
    {
      "name": "LPS",
      "type": "medication",
      "properties": {}
    },
    {
      "name": "Recipient C57BL/6 mice",
      "type": "recipient_characteristic",
      "properties": {}
    }
  ],
  "relations": [
    {
      "head": "dendritic cells",
      "relation": "part_of",
      "tail": "adaptive immune responses",
      "properties": {}
    },
    {
      "head": "adaptive immune responses",
      "relation": "increases_risk",
      "tail": "allograft rejection",
      "properties": {}
    },
    {
      "head": "METTL3 gene knockdown",
      "relation": "alleviates",
      "tail": "allograft rejection",
      "properties": {}
    },
    {
      "head": "METTL3 gene knockdown",
      "relation": "prolongs",
      "tail": "allograft survival",
      "properties": {}
    },
    {
      "head": "METTL3-silencing donor DCs",
      "relation": "treats",
      "tail": "allograft rejection",
      "properties": {}
    },
    {
      "head": "mouse heart transplantation",
      "relation": "precedes",
      "tail": "allograft rejection",
      "properties": {}
    },
    {
      "head": "lentiviruses expressing METTL3-specific short hairpin RNA",
      "relation": "part_of",
      "tail": "METTL3 gene knockdown",
      "properties": {}
    },
    {
      "head": "lipopolysaccharide",
      "relation": "causes",
      "tail": "DC maturation",
      "properties": {}
    }
  ]
}