{
  "entities": [
    {
      "name": "Persistent left superior vena cava",
      "type": "complication",
      "properties": {}
    },
    {
      "name": "heart transplant",
      "type": "surgical_procedure",
      "properties": {}
    },
    {
      "name": "native heart",
      "type": "recipient_characteristic",
      "properties": {}
    },
    {
      "name": "donor hearts",
      "type": "donor_characteristic",
      "properties": {}
    },
    {
      "name": "congenital heart disease",
      "type": "risk_factor",
      "properties": {}
    },
    {
      "name": "transesophageal echocardiogram",
      "type": "medical_device",
      "properties": {}
    },
    {
      "name": "central venous catheter",
      "type": "medical_device",
      "properties": {}
    },
    {
      "name": "orthotopic heart transplant",
      "type": "surgical_procedure",
      "properties": {}
    },
    {
      "name": "44-year-old male",
      "type": "recipient_characteristic",
      "properties": {}
    },
    {
      "name": "central venous catheter placement",
      "type": "surgical_procedure",
      "properties": {}
    }
  ],
  "relations": [
    {
      "head": "congenital heart disease",
      "relation": "increases_risk",
      "tail": "Persistent left superior vena cava",
      "properties": {
        "evidence_strength": "reported incidence",
        "statistical_data": "about 10 times higher"
      }
    },
    {
      "head": "transesophageal echocardiogram",
      "relation": "diagnostic_basis_for",
      "tail": "Persistent left superior vena cava",
      "properties": {}
    },
    {
      "head": "central venous catheter placement",
      "relation": "precedes",
      "tail": "transesophageal echocardiogram",
      "properties": {}
    },
    {
      "head": "central venous catheter",
      "relation": "part_of",
      "tail": "central venous catheter placement",
      "properties": {}
    },
    {
      "head": "orthotopic heart transplant",
      "relation": "precedes",
      "tail": "central venous catheter placement",
      "properties": {}
    }
  ]
}