{
  "entities": [
    {
      "name": "myocardial ischemia-reperfusion injury",
      "type": "complication",
      "properties": {}
    },
    {
      "name": "type 2 diabetes",
      "type": "risk_factor",
      "properties": {}
    },
    {
      "name": "hydrogen sulfide",
      "type": "medication",
      "properties": {}
    },
    {
      "name": "sodium hydrosulfide",
      "type": "medication",
      "properties": {}
    },
    {
      "name": "high-fat diet",
      "type": "risk_factor",
      "properties": {}
    },
    {
      "name": "streptozotocin",
      "type": "medication",
      "properties": {}
    },
    {
      "name": "left ventricular developed pressure",
      "type": "monitoring_indicator",
      "properties": {}
    }
  ],
  "relations": [
    {
      "head": "type 2 diabetes",
      "relation": "increases_risk",
      "tail": "myocardial ischemia-reperfusion injury",
      "properties": {}
    },
    {
      "head": "hydrogen sulfide",
      "relation": "alleviates",
      "tail": "myocardial ischemia-reperfusion injury",
      "properties": {}
    },
    {
      "head": "sodium hydrosulfide",
      "relation": "treats",
      "tail": "myocardial ischemia-reperfusion injury",
      "properties": {}
    },
    {
      "head": "high-fat diet",
      "relation": "causes",
      "tail": "type 2 diabetes",
      "properties": {}
    },
    {
      "head": "streptozotocin",
      "relation": "causes",
      "tail": "type 2 diabetes",
      "properties": {}
    },
    {
      "head": "left ventricular developed pressure",
      "relation": "monitors",
      "tail": "myocardial ischemia-reperfusion injury",
      "properties": {}
    }
  ]
}