{
  "entities": [
    {
      "name": "long non-coding RNAs (lncRNAs)",
      "type": "monitoring_indicator",
      "properties": {}
    },
    {
      "name": "microRNAs (miRNAs/miRs)",
      "type": "monitoring_indicator",
      "properties": {}
    },
    {
      "name": "mRNAs",
      "type": "monitoring_indicator",
      "properties": {}
    },
    {
      "name": "myocardial ischemia/reperfusion (I/R) injury",
      "type": "complication",
      "properties": {}
    },
    {
      "name": "cell differentiation",
      "type": "monitoring_indicator",
      "properties": {}
    },
    {
      "name": "cell proliferation",
      "type": "monitoring_indicator",
      "properties": {}
    },
    {
      "name": "cell apoptosis",
      "type": "monitoring_indicator",
      "properties": {}
    },
    {
      "name": "mouse model",
      "type": "diagnostic_criteria",
      "properties": {}
    }
  ],
  "relations": [
    {
      "head": "long non-coding RNAs (lncRNAs)",
      "relation": "monitors",
      "tail": "myocardial ischemia/reperfusion (I/R) injury",
      "properties": {}
    },
    {
      "head": "microRNAs (miRNAs/miRs)",
      "relation": "monitors",
      "tail": "myocardial ischemia/reperfusion (I/R) injury",
      "properties": {}
    },
    {
      "head": "long non-coding RNAs (lncRNAs)",
      "relation": "monitors",
      "tail": "cell differentiation",
      "properties": {}
    },
    {
      "head": "long non-coding RNAs (lncRNAs)",
      "relation": "monitors",
      "tail": "cell proliferation",
      "properties": {}
    },
    {
      "head": "long non-coding RNAs (lncRNAs)",
      "relation": "monitors",
      "tail": "cell apoptosis",
      "properties": {}
    },
    {
      "head": "microRNAs (miRNAs/miRs)",
      "relation": "monitors",
      "tail": "cell differentiation",
      "properties": {}
    },
    {
      "head": "microRNAs (miRNAs/miRs)",
      "relation": "monitors",
      "tail": "cell proliferation",
      "properties": {}
    },
    {
      "head": "microRNAs (miRNAs/miRs)",
      "relation": "monitors",
      "tail": "cell apoptosis",
      "properties": {}
    },
    {
      "head": "mouse model",
      "relation": "diagnostic_basis_for",
      "tail": "myocardial ischemia/reperfusion (I/R) injury",
      "properties": {}
    }
  ]
}