{
  "entities": [
    {
      "name": "myocardial infarction",
      "type": "complication",
      "properties": {}
    },
    {
      "name": "NF-kappaB activation",
      "type": "monitoring_indicator",
      "properties": {}
    },
    {
      "name": "ubiquitin-specific protease (USP) family",
      "type": "monitoring_indicator",
      "properties": {}
    },
    {
      "name": "USP47",
      "type": "monitoring_indicator",
      "properties": {}
    },
    {
      "name": "ischemia/reperfusion (I/R) injury",
      "type": "complication",
      "properties": {}
    },
    {
      "name": "apoptosis",
      "type": "complication",
      "properties": {}
    },
    {
      "name": "USP47 knockdown",
      "type": "treatment_regimen",
      "properties": {}
    },
    {
      "name": "USP47 overexpression",
      "type": "treatment_regimen",
      "properties": {}
    },
    {
      "name": "NF-kappaB promoter activity",
      "type": "monitoring_indicator",
      "properties": {}
    },
    {
      "name": "rat H9c2 myocardial cell",
      "type": "recipient_characteristic",
      "properties": {}
    },
    {
      "name": "peripheral blood samples",
      "type": "monitoring_indicator",
      "properties": {}
    },
    {
      "name": "monocytes",
      "type": "monitoring_indicator",
      "properties": {}
    }
  ],
  "relations": [
    {
      "head": "NF-kappaB activation",
      "relation": "part_of",
      "tail": "progression of myocardial infarction",
      "properties": {}
    },
    {
      "head": "ubiquitin-specific protease (USP) family",
      "relation": "monitors",
      "tail": "NF-kappaB signaling pathway",
      "properties": {}
    },
    {
      "head": "USP47",
      "relation": "increases_risk",
      "tail": "apoptosis",
      "properties": {}
    },
    {
      "head": "USP47",
      "relation": "part_of",
      "tail": "ubiquitin-specific protease (USP) family",
      "properties": {}
    },
    {
      "head": "ischemia/reperfusion (I/R) injury",
      "relation": "causes",
      "tail": "apoptosis",
      "properties": {}
    },
    {
      "head": "USP47 knockdown",
      "relation": "alleviates",
      "tail": "I/R injury-induced apoptosis",
      "properties": {}
    },
    {
      "head": "USP47",
      "relation": "monitors",
      "tail": "NF-kappaB promoter activity",
      "properties": {}
    },
    {
      "head": "USP47",
      "relation": "part_of",
      "tail": "NF-kappaB activation",
      "properties": {}
    }
  ]
}