{
  "entities": [
    {
      "name": "Ischemia reperfusion injury",
      "type": "complication",
      "properties": {}
    },
    {
      "name": "adverse left ventricular remodeling",
      "type": "complication",
      "properties": {}
    },
    {
      "name": "dysferlin-deficient hearts",
      "type": "recipient_characteristic",
      "properties": {}
    },
    {
      "name": "TIRAP dependent signaling",
      "type": "risk_factor",
      "properties": {}
    }
  ],
  "relations": [
    {
      "head": "Ischemia reperfusion injury",
      "relation": "causes",
      "tail": "adverse left ventricular remodeling",
      "properties": {}
    },
    {
      "head": "dysferlin-deficient hearts",
      "relation": "increases_risk",
      "tail": "adverse left ventricular remodeling",
      "properties": {}
    },
    {
      "head": "TIRAP dependent signaling",
      "relation": "part_of",
      "tail": "pathway",
      "properties": {}
    }
  ]
}