{
  "entities": [
    {
      "name": "valvular surgery",
      "type": "surgical_procedure",
      "properties": {}
    },
    {
      "name": "donor heart shortage",
      "type": "donor_characteristic",
      "properties": {}
    },
    {
      "name": "extended waiting time",
      "type": "recipient_characteristic",
      "properties": {}
    },
    {
      "name": "increased mortality",
      "type": "risk_factor",
      "properties": {}
    },
    {
      "name": "widening old standard donor criteria",
      "type": "donor_characteristic",
      "properties": {}
    },
    {
      "name": "heart transplantations",
      "type": "surgical_procedure",
      "properties": {}
    },
    {
      "name": "valve disease",
      "type": "contraindication",
      "properties": {}
    },
    {
      "name": "organ donation",
      "type": "surgical_procedure",
      "properties": {}
    },
    {
      "name": "aortic and mitral valvular surgery",
      "type": "surgical_procedure",
      "properties": {}
    },
    {
      "name": "marginal donor hearts",
      "type": "donor_characteristic",
      "properties": {}
    },
    {
      "name": "valvulopathy",
      "type": "contraindication",
      "properties": {}
    },
    {
      "name": "orthotopic heart transplantation",
      "type": "surgical_procedure",
      "properties": {}
    },
    {
      "name": "heart transplantations",
      "type": "surgical_procedure",
      "properties": {
        "count": 53,
        "time_period": "January 2012 to November 2015"
      }
    }
  ],
  "relations": [
    {
      "head": "donor heart shortage",
      "relation": "causes",
      "tail": "extended waiting time",
      "properties": {}
    },
    {
      "head": "donor heart shortage",
      "relation": "causes",
      "tail": "increased mortality",
      "properties": {}
    },
    {
      "head": "widening old standard donor criteria",
      "relation": "increases_risk",
      "tail": "heart transplantations",
      "properties": {}
    },
    {
      "head": "valve disease",
      "relation": "contraindicated_in",
      "tail": "organ donation",
      "properties": {}
    },
    {
      "head": "aortic and mitral valvular surgery",
      "relation": "precedes",
      "tail": "orthotopic heart transplantation",
      "properties": {}
    },
    {
      "head": "valvulopathy",
      "relation": "contraindicated_in",
      "tail": "marginal donor hearts",
      "properties": {}
    }
  ]
}