{
  "entities": [
    {
      "name": "total aortic arch replacement",
      "type": "surgical_procedure",
      "properties": {}
    },
    {
      "name": "Stroke",
      "type": "complication",
      "properties": {}
    },
    {
      "name": "paraplegia",
      "type": "complication",
      "properties": {}
    },
    {
      "name": "Hypothermic circulatory arrest",
      "type": "surgical_procedure",
      "properties": {}
    },
    {
      "name": "cerebral perfusion",
      "type": "surgical_procedure",
      "properties": {}
    },
    {
      "name": "neurologic complications",
      "type": "complication",
      "properties": {}
    },
    {
      "name": "longer circulatory arrest time",
      "type": "risk_factor",
      "properties": {}
    },
    {
      "name": "frozen elephant trunk",
      "type": "medical_device",
      "properties": {}
    },
    {
      "name": "endo-balloon occlusion",
      "type": "surgical_procedure",
      "properties": {}
    },
    {
      "name": "mild systemic hypothermia",
      "type": "surgical_procedure",
      "properties": {}
    },
    {
      "name": "circulatory arrest time",
      "type": "monitoring_indicator",
      "properties": {}
    },
    {
      "name": "antegrade cerebral perfusion",
      "type": "surgical_procedure",
      "properties": {}
    },
    {
      "name": "moderate systemic hypothermic circulatory arrest",
      "type": "surgical_procedure",
      "properties": {}
    },
    {
      "name": "bladder temperature",
      "type": "monitoring_indicator",
      "properties": {}
    },
    {
      "name": "retrograde perfusion",
      "type": "surgical_procedure",
      "properties": {}
    },
    {
      "name": "mild hypothermic circulatory arrest",
      "type": "surgical_procedure",
      "properties": {}
    },
    {
      "name": "operation time",
      "type": "monitoring_indicator",
      "properties": {
        "statistical_data": "257.5 +/- 42.1 versus 327.8 +/- 84.9 min, P = .023"
      }
    },
    {
      "name": "CPB time",
      "type": "monitoring_indicator",
      "properties": {
        "statistical_data": "144.4 +/- 28.1 versus 178.2 +/- 26.4 min, P = .003"
      }
    },
    {
      "name": "cardiac arrest time",
      "type": "monitoring_indicator",
      "properties": {
        "statistical_data": "75.5 +/- 21.2 versus 95.7 +/-"
      }
    }
  ],
  "relations": [
    {
      "head": "Stroke",
      "relation": "part_of",
      "tail": "complications of total aortic arch replacement",
      "properties": {}
    },
    {
      "head": "paraplegia",
      "relation": "part_of",
      "tail": "complications of total aortic arch replacement",
      "properties": {}
    },
    {
      "head": "Hypothermic circulatory arrest",
      "relation": "alleviates",
      "tail": "neurologic complications",
      "properties": {}
    },
    {
      "head": "cerebral perfusion",
      "relation": "alleviates",
      "tail": "neurologic complications",
      "properties": {}
    },
    {
      "head": "longer circulatory arrest time",
      "relation": "increases_risk",
      "tail": "neurologic complications",
      "properties": {}
    },
    {
      "head": "frozen elephant trunk",
      "relation": "part_of",
      "tail": "procedure",
      "properties": {}
    },
    {
      "head": "endo-balloon occlusion",
      "relation": "part_of",
      "tail": "procedure",
      "properties": {}
    },
    {
      "head": "mild systemic hypothermia",
      "relation": "part_of",
      "tail": "procedure",
      "properties": {}
    },
    {
      "head": "frozen elephant trunk with endo-balloon occlusion under mild systemic hypothermia",
      "relation": "alleviates",
      "tail": "circulatory arrest time",
      "properties": {}
    },
    {
      "head": "antegrade cerebral perfusion",
      "relation": "part_of",
      "tail": "TAR",
      "properties": {}
    },
    {
      "head": "retrograde perfusion",
      "relation": "part_of",
      "tail": "procedure",
      "properties": {}
    },
    {
      "head": "bladder temperature",
      "relation": "monitors",
      "tail": "hypothermia level",
      "properties": {}
    }
  ]
}