{
  "entities": [
    {
      "name": "Melatonin",
      "type": "medication",
      "properties": {}
    },
    {
      "name": "diabetic cardiomyopathy",
      "type": "complication",
      "properties": {}
    },
    {
      "name": "ischemia-reperfusion injury",
      "type": "complication",
      "properties": {}
    },
    {
      "name": "mitochondrial quality control",
      "type": "monitoring_indicator",
      "properties": {}
    },
    {
      "name": "SIRT6",
      "type": "monitoring_indicator",
      "properties": {}
    }
  ],
  "relations": [
    {
      "head": "Melatonin",
      "relation": "alleviates",
      "tail": "diabetic cardiomyopathy",
      "properties": {}
    },
    {
      "head": "Melatonin",
      "relation": "alleviates",
      "tail": "ischemia-reperfusion injury",
      "properties": {}
    },
    {
      "head": "Melatonin",
      "relation": "monitors",
      "tail": "mitochondrial quality control",
      "properties": {}
    },
    {
      "head": "mitochondrial quality control",
      "relation": "part_of",
      "tail": "SIRT6",
      "properties": {}
    }
  ]
}