{
  "entities": [
    {
      "name": "CD73 expression",
      "type": "monitoring_indicator",
      "properties": {}
    },
    {
      "name": "human endometrial regenerative cells",
      "type": "treatment_regimen",
      "properties": {}
    },
    {
      "name": "cardiac allograft rejection",
      "type": "complication",
      "properties": {}
    },
    {
      "name": "mice",
      "type": "recipient_characteristic",
      "properties": {}
    }
  ],
  "relations": [
    {
      "head": "human endometrial regenerative cells",
      "relation": "treats",
      "tail": "cardiac allograft rejection",
      "properties": {}
    },
    {
      "head": "CD73 expression",
      "relation": "prerequisite_of",
      "tail": "therapeutic effects of human endometrial regenerative cells",
      "properties": {}
    }
  ]
}