{
  "entities": [
    {
      "name": "Donation after circulatory death",
      "type": "donor_characteristic",
      "properties": {}
    },
    {
      "name": "Contractile function",
      "type": "monitoring_indicator",
      "properties": {}
    },
    {
      "name": "ex vivo rig",
      "type": "medical_device",
      "properties": {}
    },
    {
      "name": "measurement of contractility",
      "type": "monitoring_indicator",
      "properties": {}
    },
    {
      "name": "intraventricular balloons",
      "type": "medical_device",
      "properties": {}
    },
    {
      "name": "lactate metabolism",
      "type": "monitoring_indicator",
      "properties": {}
    },
    {
      "name": "perfusion with a cold oxygenated crystalloid solution",
      "type": "treatment_regimen",
      "properties": {}
    },
    {
      "name": "blood perfusion rig",
      "type": "medical_device",
      "properties": {}
    },
    {
      "name": "left ventricles",
      "type": "monitoring_indicator",
      "properties": {}
    },
    {
      "name": "right ventricles",
      "type": "monitoring_indicator",
      "properties": {}
    },
    {
      "name": "developed pressure",
      "type": "monitoring_indicator",
      "properties": {}
    },
    {
      "name": "systolic",
      "type": "monitoring_indicator",
      "properties": {}
    },
    {
      "name": "diastolic",
      "type": "monitoring_indicator",
      "properties": {}
    },
    {
      "name": "Perfusate lactate levels",
      "type": "monitoring_indicator",
      "properties": {}
    },
    {
      "name": "LVDP",
      "type": "monitoring_indicator",
      "properties": {}
    },
    {
      "name": "lactate",
      "type": "monitoring_indicator",
      "properties": {}
    }
  ],
  "relations": [
    {
      "head": "Contractile function",
      "relation": "diagnostic_basis_for",
      "tail": "recovery",
      "properties": {}
    },
    {
      "head": "intraventricular balloons",
      "relation": "monitors",
      "tail": "contractility",
      "properties": {}
    },
    {
      "head": "measurement of contractility",
      "relation": "compared_with",
      "tail": "measurement of lactate metabolism",
      "properties": {}
    },
    {
      "head": "perfusion with a cold oxygenated crystalloid solution",
      "relation": "precedes",
      "tail": "blood perfusion rig",
      "properties": {}
    },
    {
      "head": "intraventricular balloons",
      "relation": "monitors",
      "tail": "developed pressure",
      "properties": {}
    },
    {
      "head": "developed pressure",
      "relation": "part_of",
      "tail": "systolic minus diastolic",
      "properties": {}
    },
    {
      "head": "Perfusate lactate levels",
      "relation": "monitors",
      "tail": "metabolic assessment",
      "properties": {}
    },
    {
      "head": "LVDP",
      "relation": "compared_with",
      "tail": "lactate",
      "properties": {}
    }
  ]
}