{
  "entities": [
    {
      "name": "heart transplantation",
      "type": "surgical_procedure",
      "properties": {}
    },
    {
      "name": "donation after circulatory-determined death donors",
      "type": "donor_characteristic",
      "properties": {}
    },
    {
      "name": "Royal Papworth Hospital NHS Foundation Trust",
      "type": "recipient_characteristic",
      "properties": {}
    },
    {
      "name": "5-year single-center early experience",
      "type": "monitoring_indicator",
      "properties": {}
    }
  ],
  "relations": [
    {
      "head": "donation after circulatory-determined death donors",
      "relation": "part_of",
      "tail": "heart transplantation",
      "properties": {}
    },
    {
      "head": "5-year single-center early experience",
      "relation": "monitors",
      "tail": "heart transplantation",
      "properties": {}
    }
  ]
}