{
  "entities": [
    {
      "name": "Moderate hydrogen peroxide postconditioning",
      "type": "treatment_regimen",
      "properties": {}
    },
    {
      "name": "Ischemia/Reperfusion",
      "type": "complication",
      "properties": {}
    },
    {
      "name": "Cardiomyocytes",
      "type": "recipient_characteristic",
      "properties": {}
    },
    {
      "name": "STAT3",
      "type": "monitoring_indicator",
      "properties": {}
    },
    {
      "name": "Calcium",
      "type": "monitoring_indicator",
      "properties": {}
    },
    {
      "name": "ROS",
      "type": "monitoring_indicator",
      "properties": {}
    },
    {
      "name": "ATP",
      "type": "monitoring_indicator",
      "properties": {}
    },
    {
      "name": "mitochondrial calcium overload",
      "type": "complication",
      "properties": {}
    },
    {
      "name": "Janus kinase 2 (JAK2)/STAT3 inhibitor AG490",
      "type": "medication",
      "properties": {}
    },
    {
      "name": "Ca2+ transients",
      "type": "monitoring_indicator",
      "properties": {}
    },
    {
      "name": "cell contraction",
      "type": "monitoring_indicator",
      "properties": {}
    },
    {
      "name": "intracellular calcium concentration",
      "type": "monitoring_indicator",
      "properties": {}
    },
    {
      "name": "ROS production",
      "type": "monitoring_indicator",
      "properties": {}
    },
    {
      "name": "ATP contents",
      "type": "monitoring_indicator",
      "properties": {}
    },
    {
      "name": "phosphorylation of STAT3",
      "type": "monitoring_indicator",
      "properties": {}
    },
    {
      "name": "manganese superoxide dismutase (MnSOD)",
      "type": "monitoring_indicator",
      "properties": {}
    },
    {
      "name": "metallothionein 1 (MT1)",
      "type": "monitoring_indicator",
      "properties": {}
    },
    {
      "name": "metallothionein 2 (MT2)",
      "type": "monitoring_indicator",
      "properties": {}
    },
    {
      "name": "mitochondrial complex I",
      "type": "monitoring_indicator",
      "properties": {}
    },
    {
      "name": "mitochondrial complex II",
      "type": "monitoring_indicator",
      "properties": {}
    }
  ],
  "relations": [
    {
      "head": "Moderate hydrogen peroxide postconditioning",
      "relation": "alleviates",
      "tail": "Ischemia/Reperfusion Injury",
      "properties": {}
    },
    {
      "head": "Moderate hydrogen peroxide postconditioning",
      "relation": "alleviates",
      "tail": "mitochondrial calcium overload",
      "properties": {}
    },
    {
      "head": "Moderate hydrogen peroxide postconditioning",
      "relation": "precedes",
      "tail": "STAT3-induced calcium, ROS, and ATP homeostasis",
      "properties": {}
    },
    {
      "head": "STAT3",
      "relation": "monitors",
      "tail": "calcium hemostasis",
      "properties": {}
    },
    {
      "head": "STAT3",
      "relation": "monitors",
      "tail": "production of reactive oxygen species (ROS)",
      "properties": {}
    },
    {
      "head": "STAT3",
      "relation": "monitors",
      "tail": "adenosine triphosphate (ATP)",
      "properties": {}
    },
    {
      "head": "Janus kinase 2 (JAK2)/STAT3 inhibitor AG490",
      "relation": "treats",
      "tail": "Ischemia/Reperfusion",
      "properties": {}
    }
  ]
}