{
  "entities": [
    {
      "name": "DOACs",
      "type": "medication",
      "properties": {}
    },
    {
      "name": "inflammation",
      "type": "complication",
      "properties": {}
    },
    {
      "name": "cardiac ischemia-reperfusion",
      "type": "complication",
      "properties": {}
    }
  ],
  "relations": [
    {
      "head": "DOACs",
      "relation": "treats",
      "tail": "inflammation",
      "properties": {}
    },
    {
      "head": "DOACs",
      "relation": "treats",
      "tail": "cardiac ischemia-reperfusion",
      "properties": {}
    }
  ]
}