{
  "entities": [
    {
      "name": "heart transplantation",
      "type": "surgical_procedure",
      "properties": {}
    },
    {
      "name": "Damage-Associated Molecular Patterns",
      "type": "monitoring_indicator",
      "properties": {}
    },
    {
      "name": "Myocardial Infarction",
      "type": "risk_factor",
      "properties": {}
    }
  ],
  "relations": [
    {
      "head": "Damage-Associated Molecular Patterns",
      "relation": "monitors",
      "tail": "heart transplantation",
      "properties": {}
    },
    {
      "head": "Damage-Associated Molecular Patterns",
      "relation": "monitors",
      "tail": "Myocardial Infarction",
      "properties": {}
    }
  ]
}