{
  "entities": [
    {
      "name": "Cardiac allograft vasculopathy",
      "type": "complication",
      "properties": {
        "description": "an obliterative and diffuse type of coronaropathy that develops in the transplanted heart"
      }
    },
    {
      "name": "multi-layer left ventricular longitudinal strain",
      "type": "monitoring_indicator",
      "properties": {
        "description": "used for detection of cardiac allograft vasculopathy"
      }
    },
    {
      "name": "heart transplant recipients",
      "type": "recipient_characteristic",
      "properties": {}
    }
  ],
  "relations": [
    {
      "head": "multi-layer left ventricular longitudinal strain",
      "relation": "monitors",
      "tail": "Cardiac allograft vasculopathy",
      "properties": {}
    },
    {
      "head": "Cardiac allograft vasculopathy",
      "relation": "complication",
      "tail": "heart transplant recipients",
      "properties": {}
    }
  ]
}