{
  "entities": [
    {
      "name": "ischemic preconditioning",
      "type": "surgical_procedure",
      "properties": {}
    },
    {
      "name": "ischemia/reperfusion",
      "type": "surgical_procedure",
      "properties": {}
    },
    {
      "name": "cardiac hypertrophy",
      "type": "recipient_characteristic",
      "properties": {}
    },
    {
      "name": "L-thyroxine",
      "type": "medication",
      "properties": {
        "dosage": "0.5 mg/kg/day",
        "duration": "16 days"
      }
    },
    {
      "name": "infarct size",
      "type": "complication",
      "properties": {}
    },
    {
      "name": "creatine phosphokinase leakage",
      "type": "monitoring_indicator",
      "properties": {}
    },
    {
      "name": "phosphorylated p38-mitogen-activated protein kinase",
      "type": "monitoring_indicator",
      "properties": {}
    },
    {
      "name": "p38-MAPK",
      "type": "monitoring_indicator",
      "properties": {}
    },
    {
      "name": "reduced cardioprotection",
      "type": "complication",
      "properties": {}
    }
  ],
  "relations": [
    {
      "head": "ischemic preconditioning",
      "relation": "alleviates",
      "tail": "infarct size",
      "properties": {
        "infarct_size_reduction_normal": "68% to 24%",
        "infarct_size_reduction_hypertrophied": "57% to 33%"
      }
    },
    {
      "head": "ischemic preconditioning",
      "relation": "alleviates",
      "tail": "creatine phosphokinase leakage",
      "properties": {}
    },
    {
      "head": "ischemia/reperfusion",
      "relation": "causes",
      "tail": "infarct size",
      "properties": {}
    },
    {
      "head": "ischemia/reperfusion",
      "relation": "causes",
      "tail": "creatine phosphokinase leakage",
      "properties": {}
    },
    {
      "head": "L-thyroxine",
      "relation": "causes",
      "tail": "cardiac hypertrophy",
      "properties": {}
    },
    {
      "head": "ischemic preconditioning",
      "relation": "precedes",
      "tail": "ischemia/reperfusion",
      "properties": {
        "protocol": "3 cycles of 5 min ischemia and 10 min reperfusion"
      }
    },
    {
      "head": "ischemia/reperfusion",
      "relation": "increases_risk",
      "tail": "infarct size",
      "properties": {}
    },
    {
      "head": "cardiac hypertrophy",
      "relation": "increases_risk",
      "tail": "reduced cardioprotection",
      "properties": {}
    },
    {
      "head": "ischemia/reperfusion",
      "relation": "causes",
      "tail": "phosphorylated p38-mitogen-activated protein kinase",
      "properties": {}
    },
    {
      "head": "ischemic preconditioning",
      "relation": "alleviates",
      "tail": "reduced cardioprotection",
      "properties": {}
    },
    {
      "head": "phosphorylated p38-mitogen-activated protein kinase",
      "relation": "monitors",
      "tail": "cardioprotection",
      "properties": {}
    }
  ]
}