{
  "entities": [
    {
      "name": "cardiac allograft vasculopathy",
      "type": "complication",
      "properties": {}
    },
    {
      "name": "U.S. organ procurement and transplantation network",
      "type": "monitoring_indicator",
      "properties": {}
    },
    {
      "name": "non-immune risk predictors",
      "type": "risk_factor",
      "properties": {}
    }
  ],
  "relations": [
    {
      "head": "non-immune risk predictors",
      "relation": "increases_risk",
      "tail": "cardiac allograft vasculopathy",
      "properties": {
        "evidence": "Results from the U.S. organ procurement and transplantation network",
        "study_type": "cohort study"
      }
    }
  ]
}