{
  "entities": [
    {
      "name": "Amyloid cardiomyopathy",
      "type": "recipient_characteristic",
      "properties": {
        "description": "progressive and life-threatening disease caused by abnormal protein deposits within cardiac tissue"
      }
    },
    {
      "name": "immunoglobulin derived light chains",
      "type": "risk_factor",
      "properties": {
        "description": "cause of amyloid cardiomyopathy"
      }
    },
    {
      "name": "transthyretin",
      "type": "risk_factor",
      "properties": {
        "description": "cause of amyloid cardiomyopathy"
      }
    },
    {
      "name": "Orthotopic heart transplantation",
      "type": "surgical_procedure",
      "properties": {
        "description": "definitive treatment for patients with end stage heart failure"
      }
    },
    {
      "name": "United Network for Organ Sharing registry",
      "type": "monitoring_indicator",
      "properties": {
        "data_source": "multicenter analysis",
        "period": "1987-2018"
      }
    },
    {
      "name": "post-transplant survival",
      "type": "monitoring_indicator",
      "properties": {
        "outcome": "primary"
      }
    },
    {
      "name": "infection",
      "type": "complication",
      "properties": {
        "outcome": "secondary"
      }
    },
    {
      "name": "treated rejection",
      "type": "complication",
      "properties": {
        "outcome": "secondary"
      }
    },
    {
      "name": "ability to return to work",
      "type": "monitoring_indicator",
      "properties": {
        "outcome": "secondary"
      }
    },
    {
      "name": "Racial differences in OHT survival",
      "type": "monitoring_indicator",
      "properties": {
        "analysis_type": "unadjusted"
      }
    }
  ],
  "relations": [
    {
      "head": "immunoglobulin derived light chains",
      "relation": "causes",
      "tail": "Amyloid cardiomyopathy",
      "properties": {
        "evidence_strength": "cohort study"
      }
    },
    {
      "head": "transthyretin",
      "relation": "causes",
      "tail": "Amyloid cardiomyopathy",
      "properties": {
        "evidence_strength": "cohort study"
      }
    },
    {
      "head": "Orthotopic heart transplantation",
      "relation": "treats",
      "tail": "end stage heart failure",
      "properties": {
        "evidence_strength": "cohort study"
      }
    },
    {
      "head": "United Network for Organ Sharing registry",
      "relation": "monitors",
      "tail": "Orthotopic heart transplantation",
      "properties": {
        "sample_size": 40044
      }
    },
    {
      "head": "Orthotopic heart transplantation",
      "relation": "precedes",
      "tail": "post-transplant survival",
      "properties": {
        "evidence_strength": "cohort study"
      }
    },
    {
      "head": "Orthotopic heart transplantation",
      "relation": "precedes",
      "tail": "infection",
      "properties": {
        "evidence_strength": "cohort study"
      }
    },
    {
      "head": "Orthotopic heart transplantation",
      "relation": "precedes",
      "tail": "treated rejection",
      "properties": {
        "evidence_strength": "cohort study"
      }
    },
    {
      "head": "Orthotopic heart transplantation",
      "relation": "precedes",
      "tail": "ability to return to work",
      "properties": {
        "evidence_strength": "cohort study"
      }
    }
  ]
}