{
  "entities": [
    {
      "name": "heart transplantation",
      "type": "surgical_procedure",
      "properties": {}
    },
    {
      "name": "allograft rejection",
      "type": "complication",
      "properties": {}
    },
    {
      "name": "immunosuppressive regimens",
      "type": "treatment_regimen",
      "properties": {}
    },
    {
      "name": "circulating miRNA",
      "type": "monitoring_indicator",
      "properties": {}
    },
    {
      "name": "cardiac allograft rejection",
      "type": "complication",
      "properties": {}
    }
  ],
  "relations": [
    {
      "head": "allograft rejection",
      "relation": "causes",
      "tail": "early mortality",
      "properties": {
        "evidence_strength": "cohort study"
      }
    },
    {
      "head": "circulating miRNA",
      "relation": "monitors",
      "tail": "cardiac allograft rejection",
      "properties": {
        "evidence_strength": "proof-of-concept study"
      }
    }
  ]
}