{
  "entities": [
    {
      "name": "MeCP2",
      "type": "monitoring_indicator",
      "properties": {}
    },
    {
      "name": "hypoxia/reperfusion",
      "type": "risk_factor",
      "properties": {}
    },
    {
      "name": "H9c2 cardiomyocytes",
      "type": "recipient_characteristic",
      "properties": {}
    },
    {
      "name": "oxidative stress",
      "type": "complication",
      "properties": {}
    },
    {
      "name": "cell cycle arrest",
      "type": "complication",
      "properties": {}
    },
    {
      "name": "apoptosis",
      "type": "complication",
      "properties": {}
    },
    {
      "name": "SFRP4/Wnt/beta-catenin axis",
      "type": "monitoring_indicator",
      "properties": {}
    },
    {
      "name": "secreted frizzled related protein 4",
      "type": "monitoring_indicator",
      "properties": {}
    }
  ],
  "relations": [
    {
      "head": "MeCP2",
      "relation": "alleviates",
      "tail": "hypoxia/reperfusion-induced injury",
      "properties": {}
    },
    {
      "head": "MeCP2",
      "relation": "alleviates",
      "tail": "oxidative stress",
      "properties": {}
    },
    {
      "head": "MeCP2",
      "relation": "alleviates",
      "tail": "cell cycle arrest",
      "properties": {}
    },
    {
      "head": "MeCP2",
      "relation": "alleviates",
      "tail": "apoptosis",
      "properties": {}
    },
    {
      "head": "MeCP2",
      "relation": "monitors",
      "tail": "SFRP4/Wnt/beta-catenin axis",
      "properties": {}
    },
    {
      "head": "secreted frizzled related protein 4",
      "relation": "part_of",
      "tail": "SFRP4/Wnt/beta-catenin axis",
      "properties": {}
    }
  ]
}