{
  "entities": [
    {
      "name": "ischemic post-processing (IPO)",
      "type": "surgical_procedure",
      "properties": {}
    },
    {
      "name": "diabetes mellitus (DM)",
      "type": "recipient_characteristic",
      "properties": {}
    },
    {
      "name": "succinate dehydrogenase-flavin protein (SDHA)",
      "type": "monitoring_indicator",
      "properties": {}
    },
    {
      "name": "Sprague Dawley rats",
      "type": "donor_characteristic",
      "properties": {}
    },
    {
      "name": "high-fat and -sugar diet",
      "type": "risk_factor",
      "properties": {}
    },
    {
      "name": "Streptozotocin",
      "type": "medication",
      "properties": {}
    },
    {
      "name": "cardiopulmonary bypass (CPB)",
      "type": "surgical_procedure",
      "properties": {}
    },
    {
      "name": "intraperitoneal glucose tolerance test (IPGTT)",
      "type": "diagnostic_criteria",
      "properties": {}
    },
    {
      "name": "oral glucose tolerance test",
      "type": "diagnostic_criteria",
      "properties": {}
    }
  ],
  "relations": [
    {
      "head": "diabetes mellitus (DM)",
      "relation": "increases_risk",
      "tail": "disappearance of ischemic post-processing (IPO)",
      "properties": {}
    },
    {
      "head": "succinate dehydrogenase-flavin protein (SDHA)",
      "relation": "monitors",
      "tail": "disappearance of ischemic post-processing (IPO)",
      "properties": {}
    },
    {
      "head": "high-fat and -sugar diet",
      "relation": "causes",
      "tail": "diabetes mellitus (DM)",
      "properties": {}
    },
    {
      "head": "Streptozotocin",
      "relation": "treats",
      "tail": "diabetes mellitus (DM)",
      "properties": {}
    },
    {
      "head": "cardiopulmonary bypass (CPB)",
      "relation": "precedes",
      "tail": "ischemic post-processing (IPO)",
      "properties": {}
    },
    {
      "head": "intraperitoneal glucose tolerance test (IPGTT)",
      "relation": "diagnostic_basis_for",
      "tail": "diabetes mellitus (DM)",
      "properties": {}
    },
    {
      "head": "oral glucose tolerance test",
      "relation": "diagnostic_basis_for",
      "tail": "diabetes mellitus (DM)",
      "properties": {}
    }
  ]
}