{
  "entities": [
    {
      "name": "metformin treatment",
      "type": "medication",
      "properties": {}
    },
    {
      "name": "cardiac injury",
      "type": "complication",
      "properties": {}
    },
    {
      "name": "ischemia-reperfusion",
      "type": "surgical_procedure",
      "properties": {}
    },
    {
      "name": "endoplasmic reticulum stress",
      "type": "risk_factor",
      "properties": {}
    },
    {
      "name": "mitochondrial function",
      "type": "monitoring_indicator",
      "properties": {}
    },
    {
      "name": "aging",
      "type": "risk_factor",
      "properties": {}
    },
    {
      "name": "mitochondrial dysfunction",
      "type": "complication",
      "properties": {}
    },
    {
      "name": "cardiac endoplasm reticulum stress",
      "type": "risk_factor",
      "properties": {}
    },
    {
      "name": "metformin",
      "type": "medication",
      "properties": {}
    },
    {
      "name": "cardiac mitochondria",
      "type": "monitoring_indicator",
      "properties": {}
    },
    {
      "name": "acute ER stress",
      "type": "risk_factor",
      "properties": {}
    },
    {
      "name": "preexisting mitochondrial dysfunction",
      "type": "complication",
      "properties": {}
    },
    {
      "name": "aged hearts",
      "type": "recipient_characteristic",
      "properties": {}
    },
    {
      "name": "ex vivo isolated heart perfusion",
      "type": "monitoring_indicator",
      "properties": {}
    },
    {
      "name": "global ischemia",
      "type": "surgical_procedure",
      "properties": {}
    },
    {
      "name": "reperfusion",
      "type": "surgical_procedure",
      "properties": {}
    },
    {
      "name": "infarct size",
      "type": "monitoring_indicator",
      "properties": {}
    }
  ],
  "relations": [
    {
      "head": "aging",
      "relation": "increases_risk",
      "tail": "mitochondrial dysfunction",
      "properties": {}
    },
    {
      "head": "aging",
      "relation": "causes",
      "tail": "greater cardiac injury during ischemia and reperfusion",
      "properties": {}
    },
    {
      "head": "cardiac endoplasm reticulum stress",
      "relation": "increases_risk",
      "tail": "mitochondrial dysfunction",
      "properties": {}
    },
    {
      "head": "metformin",
      "relation": "treats",
      "tail": "cardiac mitochondria during acute ER stress",
      "properties": {}
    },
    {
      "head": "metformin treatment",
      "relation": "alleviates",
      "tail": "preexisting mitochondrial dysfunction in aged hearts",
      "properties": {}
    },
    {
      "head": "metformin treatment",
      "relation": "alleviates",
      "tail": "ER stress",
      "properties": {}
    },
    {
      "head": "metformin treatment",
      "relation": "alleviates",
      "tail": "cardiac injury during ischemia and reperfusion",
      "properties": {}
    },
    {
      "head": "attenuating ER stress",
      "relation": "precedes",
      "tail": "improved mitochondrial function",
      "properties": {}
    },
    {
      "head": "ex vivo isolated heart perfusion",
      "relation": "monitors",
      "tail": "cardioprotection",
      "properties": {}
    },
    {
      "head": "global ischemia",
      "relation": "part_of",
      "tail": "ex vivo isolated heart perfusion",
      "properties": {}
    },
    {
      "head": "reperfusion",
      "relation": "part_of",
      "tail": "ex vivo isolated heart perfusion",
      "properties": {}
    }
  ]
}