{
  "entities": [
    {
      "name": "microRNA-186",
      "type": "medication",
      "properties": {}
    },
    {
      "name": "oxygen-glucose deprivation/reoxygenation-induced injury",
      "type": "complication",
      "properties": {}
    },
    {
      "name": "hypoxia-inducible factor-1alpha",
      "type": "monitoring_indicator",
      "properties": {}
    }
  ],
  "relations": [
    {
      "head": "microRNA-186",
      "relation": "alleviates",
      "tail": "oxygen-glucose deprivation/reoxygenation-induced injury",
      "properties": {}
    },
    {
      "head": "microRNA-186",
      "relation": "treats",
      "tail": "oxygen-glucose deprivation/reoxygenation-induced injury",
      "properties": {}
    }
  ]
}