{
  "entities": [
    {
      "name": "aortic arch aneurysm",
      "type": "risk_factor",
      "properties": {
        "description": "A complex disease that requires branching of one or more aortic arch vessels and can be fatal if left untreated."
      }
    },
    {
      "name": "open-chest surgical repair",
      "type": "surgical_procedure",
      "properties": {}
    },
    {
      "name": "chimney",
      "type": "surgical_procedure",
      "properties": {}
    },
    {
      "name": "hybrid approach",
      "type": "surgical_procedure",
      "properties": {}
    },
    {
      "name": "particle image velocimetry method",
      "type": "monitoring_indicator",
      "properties": {
        "description": "Used to quantify the unsteady hemodynamics in the four models simulated in a mock circulatory loop."
      }
    },
    {
      "name": "unsteady hemodynamic parameters",
      "type": "monitoring_indicator",
      "properties": {}
    },
    {
      "name": "perfusion to the brain",
      "type": "monitoring_indicator",
      "properties": {}
    },
    {
      "name": "perfusion to the upper body",
      "type": "monitoring_indicator",
      "properties": {}
    }
  ],
  "relations": [
    {
      "head": "aortic arch aneurysm",
      "relation": "increases_risk",
      "tail": "fatal if left untreated",
      "properties": {}
    },
    {
      "head": "open-chest surgical repair",
      "relation": "precedes",
      "tail": "highest flow rate",
      "properties": {
        "description": "In terms of perfusion to the brain and upper body, the surgery model has the highest flow rate comparing to the other models in most heart-rate conditions."
      }
    },
    {
      "head": "open-chest surgical repair",
      "relation": "monitors",
      "tail": "oscillatory parameters in the upper vessels",
      "properties": {
        "description": "It also shows oscillatory parameters in the upper vessels which in normal arteries are correlated with a better arterial function."
      }
    },
    {
      "head": "hybrid approach",
      "relation": "precedes",
      "tail": "better hemodynamic characteristics",
      "properties": {
        "description": "Between the two endovascular procedures, the hybrid model exhibits slightly better hemodynamic characteristics than the chimney model."
      }
    }
  ]
}