{
  "entities": [
    {
      "name": "Heart failure",
      "type": "recipient_characteristic",
      "properties": {}
    },
    {
      "name": "Myocardial ischemia",
      "type": "risk_factor",
      "properties": {}
    },
    {
      "name": "Ischemia/reperfusion injury",
      "type": "complication",
      "properties": {}
    },
    {
      "name": "Controlled reoxygenation",
      "type": "treatment_regimen",
      "properties": {}
    },
    {
      "name": "Cyclic nigerosyl-nigerose",
      "type": "medical_device",
      "properties": {}
    },
    {
      "name": "Nanocarriers",
      "type": "medical_device",
      "properties": {}
    }
  ],
  "relations": [
    {
      "head": "Myocardial ischemia",
      "relation": "causes",
      "tail": "Ischemia/reperfusion injury",
      "properties": {}
    },
    {
      "head": "Ischemia/reperfusion injury",
      "relation": "causes",
      "tail": "Heart failure",
      "properties": {}
    },
    {
      "head": "Controlled reoxygenation",
      "relation": "alleviates",
      "tail": "Ischemia/reperfusion injury",
      "properties": {}
    },
    {
      "head": "Cyclic nigerosyl-nigerose",
      "relation": "part_of",
      "tail": "Nanocarriers",
      "properties": {}
    },
    {
      "head": "Nanocarriers",
      "relation": "treats",
      "tail": "Ischemia/reperfusion injury",
      "properties": {}
    }
  ]
}