{
  "entities": [
    {
      "name": "left ventricular assist device (LVAD)",
      "type": "medical_device",
      "properties": {}
    },
    {
      "name": "recovery of cardiac function",
      "type": "recipient_characteristic",
      "properties": {}
    },
    {
      "name": "heart transplant",
      "type": "surgical_procedure",
      "properties": {}
    },
    {
      "name": "radical surgical removal of the LVAD",
      "type": "surgical_procedure",
      "properties": {}
    },
    {
      "name": "distort the left ventricular cavity",
      "type": "complication",
      "properties": {}
    },
    {
      "name": "affect its function",
      "type": "complication",
      "properties": {}
    },
    {
      "name": "associated risks of the operation",
      "type": "risk_factor",
      "properties": {}
    }
  ],
  "relations": [
    {
      "head": "recovery of cardiac function",
      "relation": "precedes",
      "tail": "eliminating the LVAD",
      "properties": {}
    },
    {
      "head": "radical surgical removal of the LVAD",
      "relation": "causes",
      "tail": "distort the left ventricular cavity",
      "properties": {}
    },
    {
      "head": "radical surgical removal of the LVAD",
      "relation": "causes",
      "tail": "affect its function",
      "properties": {}
    },
    {
      "head": "radical surgical removal of the LVAD",
      "relation": "increases_risk",
      "tail": "associated risks of the operation",
      "properties": {}
    }
  ]
}