{
  "entities": [
    {
      "name": "Extracorporeal membrane oxygenation (ECMO)",
      "type": "medical_device",
      "properties": {}
    },
    {
      "name": "severe cardiac or respiratory failure",
      "type": "risk_factor",
      "properties": {}
    },
    {
      "name": "systemic perfusion and gas exchange",
      "type": "monitoring_indicator",
      "properties": {}
    },
    {
      "name": "cardiopulmonary failure",
      "type": "risk_factor",
      "properties": {}
    },
    {
      "name": "bridge to recovery, transplantation, or prolonged mechanical support",
      "type": "treatment_regimen",
      "properties": {}
    },
    {
      "name": "venovenous (VV)",
      "type": "surgical_procedure",
      "properties": {}
    },
    {
      "name": "pulmonary function",
      "type": "monitoring_indicator",
      "properties": {}
    },
    {
      "name": "venoarterial (VA)",
      "type": "surgical_procedure",
      "properties": {}
    },
    {
      "name": "pulmonary and circulatory function",
      "type": "monitoring_indicator",
      "properties": {}
    },
    {
      "name": "bleeding",
      "type": "complication",
      "properties": {}
    },
    {
      "name": "thromboembolic complications",
      "type": "complication",
      "properties": {}
    },
    {
      "name": "thromboembolism",
      "type": "complication",
      "properties": {}
    },
    {
      "name": "morbidity",
      "type": "complication",
      "properties": {}
    },
    {
      "name": "circuit failure",
      "type": "complication",
      "properties": {}
    },
    {
      "name": "anticoagulation",
      "type": "medication",
      "properties": {}
    },
    {
      "name": "ECMO circuit physiology",
      "type": "monitoring_indicator",
      "properties": {}
    },
    {
      "name": "coagulation disturbances",
      "type": "complication",
      "properties": {}
    },
    {
      "name": "pharmacologic approaches",
      "type": "treatment_regimen",
      "properties": {}
    },
    {
      "name": "monitoring methods",
      "type": "monitoring_indicator",
      "properties": {}
    },
    {
      "name": "interprofessional coordination",
      "type": "treatment_regimen",
      "properties": {}
    }
  ],
  "relations": [
    {
      "head": "Extracorporeal membrane oxygenation (ECMO)",
      "relation": "treats",
      "tail": "severe cardiac or respiratory failure",
      "properties": {}
    },
    {
      "head": "Extracorporeal membrane oxygenation (ECMO)",
      "relation": "monitors",
      "tail": "systemic perfusion and gas exchange",
      "properties": {}
    },
    {
      "head": "Extracorporeal membrane oxygenation (ECMO)",
      "relation": "treats",
      "tail": "cardiopulmonary failure",
      "properties": {}
    },
    {
      "head": "Extracorporeal membrane oxygenation (ECMO)",
      "relation": "part_of",
      "tail": "bridge to recovery, transplantation, or prolonged mechanical support",
      "properties": {}
    },
    {
      "head": "venovenous (VV)",
      "relation": "monitors",
      "tail": "pulmonary function",
      "properties": {}
    },
    {
      "head": "venoarterial (VA)",
      "relation": "monitors",
      "tail": "pulmonary and circulatory function",
      "properties": {}
    },
    {
      "head": "Extracorporeal membrane oxygenation (ECMO)",
      "relation": "increases_risk",
      "tail": "bleeding",
      "properties": {}
    },
    {
      "head": "Extracorporeal membrane oxygenation (ECMO)",
      "relation": "increases_risk",
      "tail": "thromboembolic complications",
      "properties": {}
    },
    {
      "head": "thromboembolism",
      "relation": "causes",
      "tail": "morbidity",
      "properties": {}
    },
    {
      "head": "thromboembolism",
      "relation": "causes",
      "tail": "circuit failure",
      "properties": {}
    },
    {
      "head": "anticoagulation",
      "relation": "alleviates",
      "tail": "thromboembolism",
      "properties": {}
    },
    {
      "head": "ECMO circuit physiology",
      "relation": "diagnostic_basis_for",
      "tail": "coagulation disturbances",
      "properties": {}
    },
    {
      "head": "pharmacologic approaches",
      "relation": "treats",
      "tail": "coagulation disturbances",
      "properties": {}
    },
    {
      "head": "monitoring methods",
      "relation": "monitors",
      "tail": "coagulation disturbances",
      "properties": {}
    },
    {
      "head": "interprofessional coordination",
      "relation": "alleviates",
      "tail": "coagulation disturbances",
      "properties": {}
    }
  ]
}