{
  "entities": [
    {
      "name": "temporary intravascular shunt (TIVS) device",
      "type": "medical_device",
      "properties": {}
    },
    {
      "name": "limb injury",
      "type": "risk_factor",
      "properties": {}
    },
    {
      "name": "dogs",
      "type": "recipient_characteristic",
      "properties": {}
    },
    {
      "name": "semi-amputated limb model",
      "type": "surgical_procedure",
      "properties": {}
    },
    {
      "name": "circular amputating the knee joint",
      "type": "surgical_procedure",
      "properties": {}
    },
    {
      "name": "femoral artery clamped for 2 hours",
      "type": "surgical_procedure",
      "properties": {}
    },
    {
      "name": "ischemic environment of the distal limbs",
      "type": "complication",
      "properties": {}
    },
    {
      "name": "heparin sodium solution",
      "type": "medication",
      "properties": {}
    },
    {
      "name": "bypass tube",
      "type": "medical_device",
      "properties": {}
    },
    {
      "name": "general vital signs",
      "type": "monitoring_indicator",
      "properties": {}
    },
    {
      "name": "body temperature",
      "type": "monitoring_indicator",
      "properties": {}
    },
    {
      "name": "heart rate",
      "type": "monitoring_indicator",
      "properties": {}
    },
    {
      "name": "blood pressure",
      "type": "monitoring_indicator",
      "properties": {}
    },
    {
      "name": "insertion of the bypass tube",
      "type": "surgical_procedure",
      "properties": {}
    },
    {
      "name": "patency during the bypass",
      "type": "monitoring_indicator",
      "properties": {}
    },
    {
      "name": "shedding",
      "type": "complication",
      "properties": {}
    },
    {
      "name": "thrombosis",
      "type": "complication",
      "properties": {}
    },
    {
      "name": "routine blood test",
      "type": "monitoring_indicator",
      "properties": {}
    },
    {
      "name": "blood coagulation indicators",
      "type": "monitoring_indicator",
      "properties": {}
    },
    {
      "name": "white blood cell (WBC)",
      "type": "monitoring_indicator",
      "properties": {}
    },
    {
      "name": "red blood cell (RBC)",
      "type": "monitoring_indicator",
      "properties": {}
    },
    {
      "name": "platelet (PLT)",
      "type": "monitoring_indicator",
      "properties": {}
    },
    {
      "name": "hemoglobin (HGB)",
      "type": "monitoring_indicator",
      "properties": {}
    },
    {
      "name": "activated partial thromboplastin time (APTT)",
      "type": "monitoring_indicator",
      "properties": {}
    },
    {
      "name": "fibrinogen (Fib)",
      "type": "monitoring_indicator",
      "properties": {}
    }
  ],
  "relations": [
    {
      "head": "temporary intravascular shunt (TIVS) device",
      "relation": "treats",
      "tail": "limb injury",
      "properties": {
        "evidence_strength": "experimental study"
      }
    },
    {
      "head": "femoral artery clamped for 2 hours",
      "relation": "causes",
      "tail": "ischemic environment of the distal limbs",
      "properties": {
        "evidence_strength": "experimental study"
      }
    },
    {
      "head": "heparin sodium solution",
      "relation": "treats",
      "tail": "thrombosis",
      "properties": {
        "evidence_strength": "experimental study"
      }
    },
    {
      "head": "general vital signs",
      "relation": "monitors",
      "tail": "bypass",
      "properties": {
        "evidence_strength": "experimental study"
      }
    },
    {
      "head": "routine blood test",
      "relation": "monitors",
      "tail": "bypass",
      "properties": {
        "evidence_strength": "experimental study"
      }
    },
    {
      "head": "blood coagulation indicators",
      "relation": "monitors",
      "tail": "bypass",
      "properties": {
        "evidence_strength": "experimental study"
      }
    }
  ]
}