{
  "entities": [
    {
      "name": "maslinic acid",
      "type": "medication",
      "properties": {}
    },
    {
      "name": "ischemia/reperfusion injury",
      "type": "risk_factor",
      "properties": {}
    },
    {
      "name": "cardiac function",
      "type": "monitoring_indicator",
      "properties": {}
    },
    {
      "name": "color ultrasound diagnosis system",
      "type": "medical_device",
      "properties": {}
    },
    {
      "name": "PowerLab system",
      "type": "medical_device",
      "properties": {}
    },
    {
      "name": "oxidative stress-related biomarkers",
      "type": "monitoring_indicator",
      "properties": {}
    },
    {
      "name": "I/R-related biomarkers",
      "type": "monitoring_indicator",
      "properties": {}
    },
    {
      "name": "apoptosis-related biomarkers",
      "type": "monitoring_indicator",
      "properties": {}
    },
    {
      "name": "SIRT1/AMPK signaling proteins",
      "type": "monitoring_indicator",
      "properties": {}
    },
    {
      "name": "left ventricular tissue",
      "type": "recipient_characteristic",
      "properties": {}
    },
    {
      "name": "intraperitoneal injection",
      "type": "treatment_regimen",
      "properties": {}
    }
  ],
  "relations": [
    {
      "head": "maslinic acid",
      "relation": "alleviates",
      "tail": "ischemia/reperfusion injury",
      "properties": {}
    },
    {
      "head": "maslinic acid",
      "relation": "improves",
      "tail": "cardiac function",
      "properties": {}
    },
    {
      "head": "color ultrasound diagnosis system",
      "relation": "monitors",
      "tail": "cardiac function",
      "properties": {}
    },
    {
      "head": "PowerLab system",
      "relation": "monitors",
      "tail": "cardiac function",
      "properties": {}
    },
    {
      "head": "maslinic acid",
      "relation": "regulates",
      "tail": "apoptosis-related biomarkers",
      "properties": {}
    },
    {
      "head": "maslinic acid",
      "relation": "inhibits",
      "tail": "oxidative-stress",
      "properties": {}
    },
    {
      "head": "maslinic acid",
      "relation": "upregulates",
      "tail": "SIRT1/AMPK signaling proteins",
      "properties": {}
    },
    {
      "head": "intraperitoneal injection",
      "relation": "precedes",
      "tail": "maslinic acid administration",
      "properties": {}
    }
  ]
}