{
  "entities": [
    {
      "name": "mitochondrial network",
      "type": "monitoring_indicator",
      "properties": {}
    },
    {
      "name": "ATP",
      "type": "monitoring_indicator",
      "properties": {}
    },
    {
      "name": "biosynthetic intermediates",
      "type": "monitoring_indicator",
      "properties": {}
    },
    {
      "name": "myocardium",
      "type": "recipient_characteristic",
      "properties": {}
    },
    {
      "name": "cell metabolism",
      "type": "monitoring_indicator",
      "properties": {}
    },
    {
      "name": "mitochondrial dysfunction",
      "type": "risk_factor",
      "properties": {}
    },
    {
      "name": "Ischemia/reperfusion injury",
      "type": "complication",
      "properties": {}
    },
    {
      "name": "cardiac ischemia",
      "type": "complication",
      "properties": {}
    },
    {
      "name": "reperfusion",
      "type": "treatment_regimen",
      "properties": {}
    },
    {
      "name": "cardiomyocytes",
      "type": "recipient_characteristic",
      "properties": {}
    },
    {
      "name": "mitochondrial morphology",
      "type": "monitoring_indicator",
      "properties": {}
    },
    {
      "name": "mitophagy",
      "type": "monitoring_indicator",
      "properties": {}
    },
    {
      "name": "mitochondrial biogenesis factors",
      "type": "monitoring_indicator",
      "properties": {}
    },
    {
      "name": "myocardial IR injury",
      "type": "complication",
      "properties": {}
    }
  ],
  "relations": [
    {
      "head": "mitochondrial network",
      "relation": "monitors",
      "tail": "myocardium",
      "properties": {}
    },
    {
      "head": "mitochondrial dysfunction",
      "relation": "increases_risk",
      "tail": "Ischemia/reperfusion injury",
      "properties": {}
    },
    {
      "head": "cardiac ischemia",
      "relation": "causes",
      "tail": "temporary tissue and organelle damage",
      "properties": {}
    },
    {
      "head": "reperfusion",
      "relation": "treats",
      "tail": "nutrient deficiency",
      "properties": {}
    },
    {
      "head": "reperfusion",
      "relation": "increases_risk",
      "tail": "cardiomyocytes",
      "properties": {}
    },
    {
      "head": "mitochondrial morphology",
      "relation": "diagnostic_basis_for",
      "tail": "myocardial IR injury",
      "properties": {}
    },
    {
      "head": "mitophagy",
      "relation": "diagnostic_basis_for",
      "tail": "myocardial IR injury",
      "properties": {}
    },
    {
      "head": "mitochondrial biogenesis factors",
      "relation": "diagnostic_basis_for",
      "tail": "myocardial IR injury",
      "properties": {}
    }
  ]
}