{
  "entities": [
    {
      "name": "Iron deficiency",
      "type": "risk_factor",
      "properties": {}
    },
    {
      "name": "heart failure",
      "type": "complication",
      "properties": {}
    },
    {
      "name": "myocardial ischemia",
      "type": "complication",
      "properties": {}
    },
    {
      "name": "reperfusion injury",
      "type": "complication",
      "properties": {}
    },
    {
      "name": "reperfused heart",
      "type": "recipient_characteristic",
      "properties": {}
    },
    {
      "name": "normal iron status",
      "type": "recipient_characteristic",
      "properties": {}
    },
    {
      "name": "impaired mitochondrial respiration",
      "type": "complication",
      "properties": {}
    },
    {
      "name": "energy starvation",
      "type": "complication",
      "properties": {}
    },
    {
      "name": "myocardial iron deficiency",
      "type": "risk_factor",
      "properties": {}
    },
    {
      "name": "acute coronary syndromes",
      "type": "complication",
      "properties": {}
    },
    {
      "name": "intravenous iron therapy",
      "type": "treatment_regimen",
      "properties": {}
    },
    {
      "name": "reperfusion",
      "type": "surgical_procedure",
      "properties": {}
    },
    {
      "name": "acute myocardial infarction",
      "type": "complication",
      "properties": {}
    },
    {
      "name": "left ventricular remodeling",
      "type": "complication",
      "properties": {}
    },
    {
      "name": "hemodynamic abnormalities",
      "type": "complication",
      "properties": {}
    },
    {
      "name": "2-month follow-up",
      "type": "monitoring_indicator",
      "properties": {}
    },
    {
      "name": "early mitochondrial dysfunction",
      "type": "complication",
      "properties": {}
    },
    {
      "name": "mortality",
      "type": "complication",
      "properties": {}
    }
  ],
  "relations": [
    {
      "head": "Iron deficiency",
      "relation": "causes",
      "tail": "heart failure",
      "properties": {}
    },
    {
      "head": "Iron deficiency",
      "relation": "causes",
      "tail": "myocardial ischemia",
      "properties": {}
    },
    {
      "head": "Iron deficiency",
      "relation": "causes",
      "tail": "reperfusion injury",
      "properties": {}
    },
    {
      "head": "reperfused heart",
      "relation": "increases_risk",
      "tail": "myocardial iron deficiency",
      "properties": {}
    },
    {
      "head": "myocardial iron deficiency",
      "relation": "causes",
      "tail": "impaired mitochondrial respiration",
      "properties": {}
    },
    {
      "head": "myocardial iron deficiency",
      "relation": "causes",
      "tail": "energy starvation",
      "properties": {}
    },
    {
      "head": "intravenous iron therapy",
      "relation": "treats",
      "tail": "acute coronary syndromes",
      "properties": {}
    },
    {
      "head": "intravenous iron therapy",
      "relation": "precedes",
      "tail": "reperfusion",
      "properties": {}
    },
    {
      "head": "intravenous iron therapy",
      "relation": "alleviates",
      "tail": "left ventricular remodeling",
      "properties": {}
    },
    {
      "head": "intravenous iron therapy",
      "relation": "alleviates",
      "tail": "hemodynamic abnormalities",
      "properties": {}
    },
    {
      "head": "intravenous iron therapy",
      "relation": "alleviates",
      "tail": "early mitochondrial dysfunction",
      "properties": {}
    },
    {
      "head": "intravenous iron therapy",
      "relation": "alleviates",
      "tail": "mortality",
      "properties": {}
    },
    {
      "head": "2-month follow-up",
      "relation": "monitors",
      "tail": "left ventricular remodeling",
      "properties": {}
    },
    {
      "head": "2-month follow-up",
      "relation": "monitors",
      "tail": "hemodynamic abnormalities",
      "properties": {}
    }
  ]
}