{
  "entities": [
    {
      "name": "myocardial ischemia/reperfusion injury",
      "type": "complication",
      "properties": {}
    },
    {
      "name": "REME",
      "type": "monitoring_indicator",
      "properties": {}
    },
    {
      "name": "heart",
      "type": "medical_device",
      "properties": {}
    }
  ],
  "relations": [
    {
      "head": "REME",
      "relation": "monitors",
      "tail": "heart",
      "properties": {}
    },
    {
      "head": "myocardial ischemia/reperfusion injury",
      "relation": "precedes",
      "tail": "REME",
      "properties": {}
    }
  ]
}