{
  "entities": [
    {
      "name": "hypoplastic left heart syndrome",
      "type": "recipient_characteristic",
      "properties": {}
    },
    {
      "name": "Norwood with Sano modification",
      "type": "surgical_procedure",
      "properties": {}
    },
    {
      "name": "bidirectional Glenn",
      "type": "surgical_procedure",
      "properties": {}
    },
    {
      "name": "extracardiac conduit Fontan",
      "type": "surgical_procedure",
      "properties": {}
    },
    {
      "name": "severe right ventricular (RV) systolic dysfunction",
      "type": "complication",
      "properties": {}
    },
    {
      "name": "symptomatic heart failure",
      "type": "complication",
      "properties": {}
    },
    {
      "name": "ventricular assist device (VAD) placement",
      "type": "surgical_procedure",
      "properties": {}
    },
    {
      "name": "bridge-to-cardiac transplantation strategy",
      "type": "treatment_regimen",
      "properties": {}
    },
    {
      "name": "chest computed tomography (CT)",
      "type": "diagnostic_criteria",
      "properties": {}
    },
    {
      "name": "EchoPixel True3D",
      "type": "medical_device",
      "properties": {}
    },
    {
      "name": "HeartMate III",
      "type": "medical_device",
      "properties": {}
    }
  ],
  "relations": [
    {
      "head": "hypoplastic left heart syndrome",
      "relation": "increases_risk",
      "tail": "severe right ventricular (RV) systolic dysfunction",
      "properties": {}
    },
    {
      "head": "severe right ventricular (RV) systolic dysfunction",
      "relation": "causes",
      "tail": "symptomatic heart failure",
      "properties": {}
    },
    {
      "head": "ventricular assist device (VAD) placement",
      "relation": "part_of",
      "tail": "bridge-to-cardiac transplantation strategy",
      "properties": {}
    },
    {
      "head": "chest computed tomography (CT)",
      "relation": "diagnostic_basis_for",
      "tail": "ventricular assist device (VAD) placement",
      "properties": {}
    },
    {
      "head": "EchoPixel True3D",
      "relation": "monitors",
      "tail": "HeartMate III",
      "properties": {}
    }
  ]
}