{
  "entities": [
    {
      "name": "Cine Strain Analysis",
      "type": "diagnostic_criteria",
      "properties": {}
    },
    {
      "name": "Segment Length",
      "type": "monitoring_indicator",
      "properties": {}
    },
    {
      "name": "Cardiac Resynchronization Therapy",
      "type": "treatment_regimen",
      "properties": {}
    },
    {
      "name": "current guidelines",
      "type": "diagnostic_criteria",
      "properties": {}
    }
  ],
  "relations": [
    {
      "head": "Segment Length",
      "relation": "diagnostic_basis_for",
      "tail": "Cardiac Resynchronization Therapy Outcome",
      "properties": {}
    },
    {
      "head": "Cine Strain Analysis",
      "relation": "precedes",
      "tail": "Cardiac Resynchronization Therapy",
      "properties": {}
    }
  ]
}