{
  "entities": [
    {
      "name": "Extracorporeal life support (ECLS)",
      "type": "medical_device",
      "properties": {}
    },
    {
      "name": "extracorporeal membrane oxygenation (ECMO)",
      "type": "medical_device",
      "properties": {}
    },
    {
      "name": "postcardiotomy (PC) shock",
      "type": "complication",
      "properties": {}
    },
    {
      "name": "heart transplantation",
      "type": "surgical_procedure",
      "properties": {}
    },
    {
      "name": "PC-ECLS",
      "type": "medical_device",
      "properties": {}
    },
    {
      "name": "cannula configuration",
      "type": "monitoring_indicator",
      "properties": {}
    },
    {
      "name": "left ventricular distention",
      "type": "complication",
      "properties": {}
    },
    {
      "name": "anticoagulation",
      "type": "treatment_regimen",
      "properties": {}
    },
    {
      "name": "ECLS weaning",
      "type": "treatment_regimen",
      "properties": {}
    },
    {
      "name": "intensive care unit complications",
      "type": "complication",
      "properties": {}
    }
  ],
  "relations": [
    {
      "head": "Extracorporeal life support (ECLS)",
      "relation": "treats",
      "tail": "postcardiotomy (PC) shock",
      "properties": {}
    },
    {
      "head": "Extracorporeal life support (ECLS)",
      "relation": "precedes",
      "tail": "heart transplantation",
      "properties": {}
    },
    {
      "head": "cannula configuration",
      "relation": "monitors",
      "tail": "PC-ECLS",
      "properties": {}
    },
    {
      "head": "anticoagulation",
      "relation": "treats",
      "tail": "PC-ECLS",
      "properties": {}
    },
    {
      "head": "ECLS weaning",
      "relation": "treats",
      "tail": "PC-ECLS",
      "properties": {}
    }
  ]
}