{
  "entities": [
    {
      "name": "cardiovascular diseases",
      "type": "risk_factor",
      "properties": {}
    },
    {
      "name": "urocortins",
      "type": "medication",
      "properties": {}
    },
    {
      "name": "corticotropin-releasing hormone",
      "type": "medication",
      "properties": {}
    },
    {
      "name": "CRH",
      "type": "medication",
      "properties": {}
    },
    {
      "name": "ischemic and reperfusion injury",
      "type": "complication",
      "properties": {}
    },
    {
      "name": "reperfusion ventricular tachycardia",
      "type": "complication",
      "properties": {}
    },
    {
      "name": "reperfusion ventricular fibrillation",
      "type": "complication",
      "properties": {}
    },
    {
      "name": "cardiac contractility",
      "type": "monitoring_indicator",
      "properties": {}
    },
    {
      "name": "cardiac tolerance to I/R injury",
      "type": "monitoring_indicator",
      "properties": {}
    }
  ],
  "relations": [
    {
      "head": "urocortins",
      "relation": "alleviates",
      "tail": "ischemic and reperfusion injury",
      "properties": {}
    },
    {
      "head": "CRH",
      "relation": "alleviates",
      "tail": "ischemic and reperfusion injury",
      "properties": {}
    },
    {
      "head": "urocortins",
      "relation": "alleviates",
      "tail": "reperfusion ventricular tachycardia",
      "properties": {}
    },
    {
      "head": "CRH",
      "relation": "alleviates",
      "tail": "reperfusion ventricular tachycardia",
      "properties": {}
    },
    {
      "head": "urocortins",
      "relation": "alleviates",
      "tail": "reperfusion ventricular fibrillation",
      "properties": {}
    },
    {
      "head": "CRH",
      "relation": "alleviates",
      "tail": "reperfusion ventricular fibrillation",
      "properties": {}
    },
    {
      "head": "urocortins",
      "relation": "treats",
      "tail": "cardiac contractility",
      "properties": {}
    },
    {
      "head": "CRH",
      "relation": "treats",
      "tail": "cardiac contractility",
      "properties": {}
    },
    {
      "head": "urocortins",
      "relation": "increases_risk",
      "tail": "cardiac tolerance to I/R injury",
      "properties": {}
    }
  ]
}