{
  "entities": [
    {
      "name": "Pharmacological postconditioning",
      "type": "treatment_regimen",
      "properties": {}
    },
    {
      "name": "sappanone A",
      "type": "medication",
      "properties": {}
    },
    {
      "name": "myocardial ischemia reperfusion injury",
      "type": "complication",
      "properties": {}
    },
    {
      "name": "mitochondrial dysfunction",
      "type": "complication",
      "properties": {}
    },
    {
      "name": "AMPK",
      "type": "monitoring_indicator",
      "properties": {}
    },
    {
      "name": "mitochondrial quality control",
      "type": "monitoring_indicator",
      "properties": {}
    },
    {
      "name": "Langendorff method",
      "type": "surgical_procedure",
      "properties": {}
    },
    {
      "name": "myocardial infarct size",
      "type": "monitoring_indicator",
      "properties": {}
    },
    {
      "name": "mitochondrial function",
      "type": "monitoring_indicator",
      "properties": {}
    },
    {
      "name": "mitochondrial biogenesis",
      "type": "monitoring_indicator",
      "properties": {}
    },
    {
      "name": "mitophagy",
      "type": "monitoring_indicator",
      "properties": {}
    },
    {
      "name": "mitochondrial fission and fusion",
      "type": "monitoring_indicator",
      "properties": {}
    },
    {
      "name": "lactate",
      "type": "monitoring_indicator",
      "properties": {}
    }
  ],
  "relations": [
    {
      "head": "sappanone A",
      "relation": "alleviates",
      "tail": "myocardial ischemia reperfusion injury",
      "properties": {}
    },
    {
      "head": "sappanone A",
      "relation": "alleviates",
      "tail": "mitochondrial dysfunction",
      "properties": {}
    },
    {
      "head": "AMPK",
      "relation": "monitors",
      "tail": "mitochondrial quality control",
      "properties": {}
    },
    {
      "head": "Pharmacological postconditioning",
      "relation": "treats",
      "tail": "myocardial ischemia reperfusion injury",
      "properties": {}
    },
    {
      "head": "sappanone A",
      "relation": "part_of",
      "tail": "Pharmacological postconditioning",
      "properties": {}
    }
  ]
}