{
  "entities": [
    {
      "name": "Portable Organ Care System (OCS) Heart trial",
      "type": "surgical_procedure",
      "properties": {
        "evidence_strength": "prospective trial"
      }
    },
    {
      "name": "ex vivo perfusion",
      "type": "surgical_procedure",
      "properties": {}
    },
    {
      "name": "expanded-criteria hearts",
      "type": "donor_characteristic",
      "properties": {}
    },
    {
      "name": "expanded-criteria heart perfusion",
      "type": "surgical_procedure",
      "properties": {}
    },
    {
      "name": "donor pool",
      "type": "monitoring_indicator",
      "properties": {}
    },
    {
      "name": "inclusion criteria of EXPAND",
      "type": "diagnostic_criteria",
      "properties": {}
    },
    {
      "name": "8637 potentially eligible donors",
      "type": "donor_characteristic",
      "properties": {
        "statistical_data": "8637 donors identified between January 1, 2015, and June 30, 2019"
      }
    },
    {
      "name": "United States",
      "type": "recipient_characteristic",
      "properties": {}
    },
    {
      "name": "national transplant registry",
      "type": "monitoring_indicator",
      "properties": {}
    }
  ],
  "relations": [
    {
      "head": "ex vivo perfusion",
      "relation": "treats",
      "tail": "expanded-criteria hearts",
      "properties": {
        "evidence_strength": "prospective trial"
      }
    },
    {
      "head": "expanded-criteria heart perfusion",
      "relation": "increases_risk",
      "tail": "donor pool",
      "properties": {}
    },
    {
      "head": "inclusion criteria of EXPAND",
      "relation": "diagnostic_basis_for",
      "tail": "8637 potentially eligible donors",
      "properties": {}
    },
    {
      "head": "national transplant registry",
      "relation": "monitors",
      "tail": "donor pool",
      "properties": {}
    }
  ]
}