{
  "entities": [
    {
      "name": "Heart transplantation",
      "type": "surgical_procedure",
      "properties": {}
    },
    {
      "name": "Impella",
      "type": "medical_device",
      "properties": {
        "manufacturer": "Abiomed, Danvers, MA"
      }
    },
    {
      "name": "intraaortic balloon pump",
      "type": "medical_device",
      "properties": {
        "abbreviation": "IABP"
      }
    },
    {
      "name": "cardiogenic shock",
      "type": "risk_factor",
      "properties": {}
    },
    {
      "name": "waitlist status 2",
      "type": "recipient_characteristic",
      "properties": {}
    },
    {
      "name": "United Network for Organ Sharing database",
      "type": "monitoring_indicator",
      "properties": {}
    },
    {
      "name": "Royston trend test",
      "type": "monitoring_indicator",
      "properties": {}
    },
    {
      "name": "chi(2) test",
      "type": "monitoring_indicator",
      "properties": {}
    },
    {
      "name": "Fine-Gray competing risks analysis",
      "type": "monitoring_indicator",
      "properties": {}
    },
    {
      "name": "Kaplan-Meier method",
      "type": "monitoring_indicator",
      "properties": {}
    },
    {
      "name": "Cox proportional hazards models",
      "type": "monitoring_indicator",
      "properties": {}
    },
    {
      "name": "waitlist mortality",
      "type": "risk_factor",
      "properties": {}
    },
    {
      "name": "Post-HTx 180-day survival",
      "type": "monitoring_indicator",
      "properties": {}
    }
  ],
  "relations": [
    {
      "head": "Impella",
      "relation": "part_of",
      "tail": "bridge to HTx",
      "properties": {
        "evidence_strength": "cohort study"
      }
    },
    {
      "head": "intraaortic balloon pump",
      "relation": "part_of",
      "tail": "bridge to HTx",
      "properties": {
        "evidence_strength": "cohort study"
      }
    },
    {
      "head": "cardiogenic shock",
      "relation": "prerequisite_of",
      "tail": "waitlist status 2",
      "properties": {}
    },
    {
      "head": "Impella",
      "relation": "monitors",
      "tail": "waitlist mortality",
      "properties": {
        "statistical_method": "Fine-Gray competing risks analysis"
      }
    },
    {
      "head": "intraaortic balloon pump",
      "relation": "monitors",
      "tail": "waitlist mortality",
      "properties": {
        "statistical_method": "Fine-Gray competing risks analysis"
      }
    },
    {
      "head": "Kaplan-Meier method",
      "relation": "monitors",
      "tail": "Post-HTx 180-day survival",
      "properties": {}
    },
    {
      "head": "Cox proportional hazards models",
      "relation": "monitors",
      "tail": "Post-HTx 180-day survival",
      "properties": {}
    },
    {
      "head": "Impella use",
      "relation": "precedes",
      "tail": "increase from 0.2% in 2014 to 2.6% in 2020",
      "properties": {
        "p_value": "< .01",
        "statistical_test": "Royston trend test"
      }
    },
    {
      "head": "Impella use",
      "relation": "precedes",
      "tail": "increase from 0.4%",
      "properties": {
        "statistical_test": "chi(2) test"
      }
    }
  ]
}