{
  "entities": [
    {
      "name": "Heart Transplantation",
      "type": "surgical_procedure",
      "properties": {}
    },
    {
      "name": "Cardiopulmonary Resuscitation",
      "type": "surgical_procedure",
      "properties": {}
    },
    {
      "name": "Donor",
      "type": "donor_characteristic",
      "properties": {}
    }
  ],
  "relations": [
    {
      "head": "Cardiopulmonary Resuscitation",
      "relation": "precedes",
      "tail": "Heart Transplantation",
      "properties": {}
    },
    {
      "head": "Donor",
      "relation": "part_of",
      "tail": "Heart Transplantation",
      "properties": {}
    }
  ]
}