{
  "entities": [
    {
      "name": "Extra-corporeal ventricular assist device",
      "type": "medical_device",
      "properties": {}
    },
    {
      "name": "Nipro VAD",
      "type": "medical_device",
      "properties": {}
    },
    {
      "name": "acute cardiogenic shock",
      "type": "risk_factor",
      "properties": {}
    },
    {
      "name": "post-cardiotomy shock",
      "type": "risk_factor",
      "properties": {}
    },
    {
      "name": "heart transplantation",
      "type": "surgical_procedure",
      "properties": {}
    },
    {
      "name": "destination therapy",
      "type": "treatment_regimen",
      "properties": {}
    },
    {
      "name": "conversion surgery",
      "type": "surgical_procedure",
      "properties": {}
    },
    {
      "name": "implantable VAD",
      "type": "medical_device",
      "properties": {}
    },
    {
      "name": "iVAD",
      "type": "medical_device",
      "properties": {}
    },
    {
      "name": "bridge-to-transplant",
      "type": "treatment_regimen",
      "properties": {}
    },
    {
      "name": "Nipro VAD implantation",
      "type": "surgical_procedure",
      "properties": {}
    },
    {
      "name": "mediastinal structure",
      "type": "recipient_characteristic",
      "properties": {}
    },
    {
      "name": "0.1 mm Gore-Tex",
      "type": "medical_device",
      "properties": {}
    },
    {
      "name": "extensive anatomical dissection",
      "type": "surgical_procedure",
      "properties": {}
    },
    {
      "name": "Nipro VAD surgery",
      "type": "surgical_procedure",
      "properties": {}
    },
    {
      "name": "infection of iVAD",
      "type": "complication",
      "properties": {}
    },
    {
      "name": "existing infection of Nipro VAD exit sites",
      "type": "risk_factor",
      "properties": {}
    }
  ],
  "relations": [
    {
      "head": "Extra-corporeal ventricular assist device",
      "relation": "treats",
      "tail": "acute cardiogenic shock",
      "properties": {}
    },
    {
      "head": "Extra-corporeal ventricular assist device",
      "relation": "treats",
      "tail": "post-cardiotomy shock",
      "properties": {}
    },
    {
      "head": "conversion surgery",
      "relation": "precedes",
      "tail": "heart transplantation",
      "properties": {}
    },
    {
      "head": "conversion surgery",
      "relation": "precedes",
      "tail": "destination therapy",
      "properties": {}
    },
    {
      "head": "conversion surgery",
      "relation": "part_of",
      "tail": "bridge-to-transplant",
      "properties": {}
    },
    {
      "head": "Nipro VAD implantation",
      "relation": "precedes",
      "tail": "conversion surgery",
      "properties": {}
    },
    {
      "head": "0.1 mm Gore-Tex",
      "relation": "alleviates",
      "tail": "extensive anatomical dissection",
      "properties": {}
    },
    {
      "head": "extensive anatomical dissection",
      "relation": "increases_risk",
      "tail": "complication",
      "properties": {}
    },
    {
      "head": "Nipro VAD surgery",
      "relation": "precedes",
      "tail": "conversion surgery",
      "properties": {}
    },
    {
      "head": "existing infection of Nipro VAD exit sites",
      "relation": "causes",
      "tail": "infection of iVAD",
      "properties": {}
    }
  ]
}