{
  "entities": [
    {
      "name": "del Nido cardioplegia",
      "type": "surgical_procedure",
      "properties": {}
    },
    {
      "name": "cold blood cardioplegia",
      "type": "surgical_procedure",
      "properties": {}
    },
    {
      "name": "cardiac surgery",
      "type": "surgical_procedure",
      "properties": {}
    },
    {
      "name": "prolonged cross-clamping time",
      "type": "risk_factor",
      "properties": {}
    },
    {
      "name": "aortic cross-clamping time",
      "type": "monitoring_indicator",
      "properties": {}
    },
    {
      "name": "intraoperative defibrillation",
      "type": "complication",
      "properties": {}
    },
    {
      "name": "postoperative peak troponin T levels",
      "type": "monitoring_indicator",
      "properties": {}
    },
    {
      "name": "inotropic support",
      "type": "treatment_regimen",
      "properties": {}
    },
    {
      "name": "intra-aortic balloon pump",
      "type": "medical_device",
      "properties": {}
    },
    {
      "name": "left ventricular ejection fraction",
      "type": "monitoring_indicator",
      "properties": {}
    },
    {
      "name": "cardiopulmonary bypass time",
      "type": "monitoring_indicator",
      "properties": {}
    },
    {
      "name": "total operation time",
      "type": "monitoring_indicator",
      "properties": {}
    },
    {
      "name": "propensity score matching",
      "type": "diagnostic_criteria",
      "properties": {
        "evidence_strength": "retrospective study"
      }
    },
    {
      "name": "P<0.001",
      "type": "monitoring_indicator",
      "properties": {
        "statistical_data": "P<0.001"
      }
    }
  ],
  "relations": [
    {
      "head": "del Nido cardioplegia",
      "relation": "monitors",
      "tail": "aortic cross-clamping time",
      "properties": {
        "statistical_data": "P<0.001"
      }
    },
    {
      "head": "cold blood cardioplegia",
      "relation": "monitors",
      "tail": "aortic cross-clamping time",
      "properties": {}
    },
    {
      "head": "propensity score matching",
      "relation": "diagnostic_basis_for",
      "tail": "del Nido cardioplegia",
      "properties": {}
    },
    {
      "head": "propensity score matching",
      "relation": "diagnostic_basis_for",
      "tail": "cold blood cardioplegia",
      "properties": {}
    },
    {
      "head": "intra-aortic balloon pump",
      "relation": "treats",
      "tail": "complication",
      "properties": {}
    },
    {
      "head": "inotropic support",
      "relation": "treats",
      "tail": "complication",
      "properties": {}
    }
  ]
}