{
  "entities": [
    {
      "name": "ischemia/reperfusion",
      "type": "complication",
      "properties": {}
    },
    {
      "name": "remote ischemic preconditioning",
      "type": "treatment_regimen",
      "properties": {}
    },
    {
      "name": "Langendorff-perfused hearts",
      "type": "medical_device",
      "properties": {}
    },
    {
      "name": "infarct size",
      "type": "monitoring_indicator",
      "properties": {}
    },
    {
      "name": "ventricular arrhythmias",
      "type": "complication",
      "properties": {}
    },
    {
      "name": "recovery of contractile function",
      "type": "monitoring_indicator",
      "properties": {}
    },
    {
      "name": "LVDP",
      "type": "monitoring_indicator",
      "properties": {}
    },
    {
      "name": "left ventricular tissue",
      "type": "monitoring_indicator",
      "properties": {}
    }
  ],
  "relations": [
    {
      "head": "aging",
      "relation": "increases_risk",
      "tail": "ischemia/reperfusion",
      "properties": {
        "evidence_strength": "experimental_study"
      }
    },
    {
      "head": "remote ischemic preconditioning",
      "relation": "treats",
      "tail": "ischemia/reperfusion",
      "properties": {
        "evidence_strength": "experimental_study"
      }
    },
    {
      "head": "infarct size",
      "relation": "monitors",
      "tail": "ischemia/reperfusion",
      "properties": {}
    },
    {
      "head": "ventricular arrhythmias",
      "relation": "monitors",
      "tail": "ischemia/reperfusion",
      "properties": {}
    },
    {
      "head": "recovery of contractile function",
      "relation": "monitors",
      "tail": "ischemia/reperfusion",
      "properties": {}
    },
    {
      "head": "LVDP",
      "relation": "monitors",
      "tail": "recovery of contractile function",
      "properties": {}
    },
    {
      "head": "left ventricular tissue",
      "relation": "part_of",
      "tail": "Langendorff-perfused hearts",
      "properties": {}
    }
  ]
}