{
  "entities": [
    {
      "name": "heart transplantation",
      "type": "surgical_procedure",
      "properties": {}
    },
    {
      "name": "ventricle assist device",
      "type": "medical_device",
      "properties": {}
    },
    {
      "name": "BNT162b2 mRNA vaccine",
      "type": "medication",
      "properties": {}
    },
    {
      "name": "immunogenicity",
      "type": "monitoring_indicator",
      "properties": {}
    }
  ],
  "relations": [
    {
      "head": "BNT162b2 mRNA vaccine",
      "relation": "monitors",
      "tail": "immunogenicity",
      "properties": {
        "evidence_strength": "cohort study"
      }
    }
  ]
}