{
  "entities": [
    {
      "name": "hydrogen sulfide post-conditioning",
      "type": "treatment_regimen",
      "properties": {}
    },
    {
      "name": "myocardial ischemia-reperfusion injury",
      "type": "complication",
      "properties": {}
    },
    {
      "name": "diabetic cardiomyopathy",
      "type": "risk_factor",
      "properties": {}
    },
    {
      "name": "Langendorff perfusion system",
      "type": "medical_device",
      "properties": {}
    },
    {
      "name": "diabetes mellitus",
      "type": "risk_factor",
      "properties": {}
    },
    {
      "name": "cardiac physiology",
      "type": "monitoring_indicator",
      "properties": {}
    },
    {
      "name": "cardiomyocyte injury",
      "type": "complication",
      "properties": {}
    },
    {
      "name": "mitochondrial function",
      "type": "monitoring_indicator",
      "properties": {}
    },
    {
      "name": "oxidative stress",
      "type": "complication",
      "properties": {}
    },
    {
      "name": "H2S metabolism",
      "type": "monitoring_indicator",
      "properties": {}
    },
    {
      "name": "RPP",
      "type": "monitoring_indicator",
      "properties": {
        "value": "HPOC- 32 +/- 2, DM-HPOC-19 +/- 1, DCM-HPOC-6 +/- 2"
      }
    },
    {
      "name": "LVDP",
      "type": "monitoring_indicator",
      "properties": {
        "value": "HPOC- 96 +/- 3, DM-HPOC-73 +/- 2, DCM-HPOC-50 +/- 3"
      }
    },
    {
      "name": "myocardial architecture",
      "type": "monitoring_indicator",
      "properties": {}
    },
    {
      "name": "glycolytic flux",
      "type": "monitoring_indicator",
      "properties": {}
    },
    {
      "name": "cystathionine beta-synthase",
      "type": "monitoring_indicator",
      "properties": {}
    },
    {
      "name": "rhodanese",
      "type": "monitoring_indicator",
      "properties": {}
    },
    {
      "name": "cystathionine-gamma-lyase",
      "type": "monitoring_indicator",
      "properties": {}
    }
  ],
  "relations": [
    {
      "head": "hydrogen sulfide post-conditioning",
      "relation": "alleviates",
      "tail": "myocardial ischemia-reperfusion injury",
      "properties": {
        "evidence_strength": "experimental_study"
      }
    },
    {
      "head": "diabetic cardiomyopathy",
      "relation": "increases_risk",
      "tail": "myocardial ischemia-reperfusion injury",
      "properties": {
        "evidence_strength": "experimental_study"
      }
    },
    {
      "head": "Langendorff perfusion system",
      "relation": "monitors",
      "tail": "cardiac physiology",
      "properties": {}
    },
    {
      "head": "hydrogen sulfide post-conditioning",
      "relation": "treats",
      "tail": "cardiomyocyte injury",
      "properties": {
        "evidence_strength": "experimental_study"
      }
    },
    {
      "head": "hydrogen sulfide post-conditioning",
      "relation": "treats",
      "tail": "mitochondrial dysfunction",
      "properties": {
        "evidence_strength": "experimental_study"
      }
    },
    {
      "head": "hydrogen sulfide post-conditioning",
      "relation": "treats",
      "tail": "oxidative stress",
      "properties": {
        "evidence_strength": "experimental_study"
      }
    },
    {
      "head": "diabetic cardiomyopathy",
      "relation": "causes",
      "tail": "perturbed myocardial architecture",
      "properties": {
        "evidence_strength": "experimental_study"
      }
    },
    {
      "head": "diabetic cardiomyopathy",
      "relation": "causes",
      "tail": "mitochondrial dysfunction",
      "properties": {
        "evidence_strength": "experimental_study"
      }
    },
    {
      "head": "diabetic cardiomyopathy",
      "relation": "causes",
      "tail": "impaired glycolytic flux",
      "properties": {
        "evidence_strength": "experimental_study"
      }
    },
    {
      "head": "cystathionine beta-synthase",
      "relation": "part_of",
      "tail": "H2S metabolizing enzymes",
      "properties": {}
    },
    {
      "head": "rhodanese",
      "relation": "part_of",
      "tail": "H2S metabolizing enzymes",
      "properties": {}
    },
    {
      "head": "cystathionine-gamma-lyase",
      "relation": "part_of",
      "tail": "H2S metabolizing enzymes",
      "properties": {}
    }
  ]
}