{
  "entities": [
    {
      "name": "Thalidomide",
      "type": "medication",
      "properties": {}
    },
    {
      "name": "Dexamethasone",
      "type": "medication",
      "properties": {}
    },
    {
      "name": "cardiac allograft transplantation",
      "type": "surgical_procedure",
      "properties": {}
    },
    {
      "name": "murine",
      "type": "recipient_characteristic",
      "properties": {}
    },
    {
      "name": "immune cells",
      "type": "monitoring_indicator",
      "properties": {}
    },
    {
      "name": "co-stimulatory molecules",
      "type": "monitoring_indicator",
      "properties": {}
    },
    {
      "name": "co-inhibitory molecules",
      "type": "monitoring_indicator",
      "properties": {}
    }
  ],
  "relations": [
    {
      "head": "Thalidomide",
      "relation": "monitors",
      "tail": "immune cells",
      "properties": {}
    },
    {
      "head": "Dexamethasone",
      "relation": "monitors",
      "tail": "immune cells",
      "properties": {}
    },
    {
      "head": "Thalidomide",
      "relation": "monitors",
      "tail": "co-stimulatory molecules",
      "properties": {}
    },
    {
      "head": "Dexamethasone",
      "relation": "monitors",
      "tail": "co-inhibitory molecules",
      "properties": {}
    },
    {
      "head": "Thalidomide",
      "relation": "treats",
      "tail": "cardiac allograft transplantation",
      "properties": {}
    },
    {
      "head": "Dexamethasone",
      "relation": "treats",
      "tail": "cardiac allograft transplantation",
      "properties": {}
    },
    {
      "head": "cardiac allograft transplantation",
      "relation": "part_of",
      "tail": "murine",
      "properties": {}
    }
  ]
}