{
  "entities": [
    {
      "name": "miR-486",
      "type": "medication",
      "properties": {}
    },
    {
      "name": "hypoxia/reoxygenation",
      "type": "risk_factor",
      "properties": {}
    },
    {
      "name": "H9c2 cell injury",
      "type": "complication",
      "properties": {}
    },
    {
      "name": "forkhead box D3",
      "type": "monitoring_indicator",
      "properties": {}
    },
    {
      "name": "myocardial ischemia-reperfusion injury",
      "type": "complication",
      "properties": {}
    },
    {
      "name": "myocardial infarction",
      "type": "risk_factor",
      "properties": {}
    },
    {
      "name": "coronary arteries",
      "type": "medical_device",
      "properties": {}
    },
    {
      "name": "viability of cardiomyocytes",
      "type": "monitoring_indicator",
      "properties": {}
    },
    {
      "name": "inflammation",
      "type": "complication",
      "properties": {}
    },
    {
      "name": "apoptosis",
      "type": "complication",
      "properties": {}
    },
    {
      "name": "Targetscan system",
      "type": "diagnostic_criteria",
      "properties": {}
    },
    {
      "name": "Dual-Luciferase reporter assay",
      "type": "diagnostic_criteria",
      "properties": {}
    },
    {
      "name": "HE staining",
      "type": "diagnostic_criteria",
      "properties": {}
    },
    {
      "name": "myocardial injury markers",
      "type": "monitoring_indicator",
      "properties": {}
    },
    {
      "name": "inflammatory factors",
      "type": "monitoring_indicator",
      "properties": {}
    },
    {
      "name": "FOXD3 mRNA",
      "type": "monitoring_indicator",
      "properties": {}
    },
    {
      "name": "overexpression of FOXD3",
      "type": "treatment_regimen",
      "properties": {}
    }
  ],
  "relations": [
    {
      "head": "hypoxia/reoxygenation",
      "relation": "causes",
      "tail": "H9c2 cell injury",
      "properties": {}
    },
    {
      "head": "miR-486",
      "relation": "alleviates",
      "tail": "hypoxia/reoxygenation-induced H9c2 cell injury",
      "properties": {}
    },
    {
      "head": "miR-486",
      "relation": "regulates",
      "tail": "forkhead box D3",
      "properties": {}
    },
    {
      "head": "myocardial infarction",
      "relation": "causes",
      "tail": "myocardial ischemia-reperfusion injury",
      "properties": {}
    },
    {
      "head": "obstructing the coronary arteries",
      "relation": "precedes",
      "tail": "rat myocardial IRI model",
      "properties": {}
    },
    {
      "head": "overexpression of miR-486",
      "relation": "increases",
      "tail": "viability of H9c2 cells",
      "properties": {}
    },
    {
      "head": "overexpression of miR-486",
      "relation": "reduces",
      "tail": "levels of inflammation",
      "properties": {}
    },
    {
      "head": "overexpression of miR-486",
      "relation": "reduces",
      "tail": "apoptosis",
      "properties": {}
    },
    {
      "head": "miR-486",
      "relation": "binds",
      "tail": "FOXD3 mRNA",
      "properties": {}
    },
    {
      "head": "miR-486",
      "relation": "degrades",
      "tail": "FOXD3 mRNA",
      "properties": {}
    },
    {
      "head": "overexpression of FOXD3",
      "relation": "attenuates",
      "tail": "protective effect of miR-486 on H9c2 cells",
      "properties": {}
    }
  ]
}