{
  "entities": [
    {
      "name": "Transplantation of stem/progenitor cells",
      "type": "surgical_procedure",
      "properties": {}
    },
    {
      "name": "myocardial infarction",
      "type": "risk_factor",
      "properties": {}
    },
    {
      "name": "low cell survival and engraftment after transplantation",
      "type": "complication",
      "properties": {}
    },
    {
      "name": "ligands, receptors, and signaling pathways",
      "type": "monitoring_indicator",
      "properties": {}
    },
    {
      "name": "uncommitted epicardial cells",
      "type": "donor_characteristic",
      "properties": {}
    },
    {
      "name": "adult heart surface",
      "type": "donor_characteristic",
      "properties": {}
    },
    {
      "name": "CD104 (beta-4 integrin)",
      "type": "monitoring_indicator",
      "properties": {}
    },
    {
      "name": "C-terminal peptide from connective tissue growth factor (CTGF-D4)",
      "type": "medication",
      "properties": {}
    },
    {
      "name": "insulin",
      "type": "medication",
      "properties": {}
    },
    {
      "name": "epicardial-derived cells (EPDC)",
      "type": "donor_characteristic",
      "properties": {}
    },
    {
      "name": "cardiac engraftment after MI",
      "type": "treatment_regimen",
      "properties": {}
    },
    {
      "name": "epicardial EMT",
      "type": "monitoring_indicator",
      "properties": {}
    }
  ],
  "relations": [
    {
      "head": "Transplantation of stem/progenitor cells",
      "relation": "treats",
      "tail": "myocardial infarction",
      "properties": {}
    },
    {
      "head": "low cell survival and engraftment after transplantation",
      "relation": "increases_risk",
      "tail": "Transplantation of stem/progenitor cells",
      "properties": {}
    },
    {
      "head": "ligands, receptors, and signaling pathways",
      "relation": "monitors",
      "tail": "graft success",
      "properties": {}
    },
    {
      "head": "CD104 (beta-4 integrin)",
      "relation": "diagnostic_basis_for",
      "tail": "uncommitted epicardial cells",
      "properties": {}
    },
    {
      "head": "C-terminal peptide from connective tissue growth factor (CTGF-D4)",
      "relation": "part_of",
      "tail": "treatment regimen",
      "properties": {}
    },
    {
      "head": "insulin",
      "relation": "part_of",
      "tail": "treatment regimen",
      "properties": {}
    },
    {
      "head": "C-terminal peptide from connective tissue growth factor (CTGF-D4) combined with insulin",
      "relation": "prerequisite_of",
      "tail": "priming epicardial-derived cells (EPDC) for cardiac engraftment after MI",
      "properties": {}
    },
    {
      "head": "epicardial EMT",
      "relation": "precedes",
      "tail": "native epicardial derivatives",
      "properties": {}
    }
  ]
}