{
  "entities": [
    {
      "name": "Tubastatin A",
      "type": "medication",
      "properties": {}
    },
    {
      "name": "NLRP3-mediated pyroptosis",
      "type": "complication",
      "properties": {}
    },
    {
      "name": "post-resuscitation myocardial dysfunction",
      "type": "complication",
      "properties": {}
    },
    {
      "name": "transcription factor EB signaling",
      "type": "monitoring_indicator",
      "properties": {}
    }
  ],
  "relations": [
    {
      "head": "Tubastatin A",
      "relation": "alleviates",
      "tail": "post-resuscitation myocardial dysfunction",
      "properties": {}
    },
    {
      "head": "Tubastatin A",
      "relation": "inhibits",
      "tail": "NLRP3-mediated pyroptosis",
      "properties": {}
    },
    {
      "head": "Tubastatin A",
      "relation": "enhances",
      "tail": "transcription factor EB signaling",
      "properties": {}
    },
    {
      "head": "NLRP3-mediated pyroptosis",
      "relation": "causes",
      "tail": "post-resuscitation myocardial dysfunction",
      "properties": {}
    }
  ]
}