{
  "entities": [
    {
      "name": "Significant Valvular Dysfunction",
      "type": "risk_factor",
      "properties": {}
    },
    {
      "name": "Cardiogenic Shock",
      "type": "complication",
      "properties": {}
    },
    {
      "name": "DOREMI Trial",
      "type": "diagnostic_criteria",
      "properties": {
        "evidence_strength": "Randomized Controlled Trial"
      }
    },
    {
      "name": "odds ratio",
      "type": "monitoring_indicator",
      "properties": {
        "value": "1.47",
        "p_value": "0.03"
      }
    }
  ],
  "relations": [
    {
      "head": "Significant Valvular Dysfunction",
      "relation": "increases_risk",
      "tail": "Cardiogenic Shock",
      "properties": {
        "odds_ratio": "1.47",
        "p_value": "0.03"
      }
    },
    {
      "head": "DOREMI Trial",
      "relation": "diagnostic_basis_for",
      "tail": "Significant Valvular Dysfunction",
      "properties": {
        "evidence_strength": "Randomized Controlled Trial"
      }
    }
  ]
}