{
  "entities": [
    {
      "name": "PI3K/AKT pathway",
      "type": "monitoring_indicator",
      "properties": {}
    },
    {
      "name": "heart diseases",
      "type": "complication",
      "properties": {}
    },
    {
      "name": "cardiomyocytes",
      "type": "recipient_characteristic",
      "properties": {}
    },
    {
      "name": "angiogenic processes",
      "type": "recipient_characteristic",
      "properties": {}
    },
    {
      "name": "inflammatory responses",
      "type": "recipient_characteristic",
      "properties": {}
    },
    {
      "name": "myocardial injury",
      "type": "complication",
      "properties": {}
    },
    {
      "name": "H(2)O(2)",
      "type": "risk_factor",
      "properties": {}
    },
    {
      "name": "Mercury",
      "type": "risk_factor",
      "properties": {}
    },
    {
      "name": "lipopolysaccharides",
      "type": "risk_factor",
      "properties": {}
    },
    {
      "name": "adriamycin",
      "type": "risk_factor",
      "properties": {}
    },
    {
      "name": "doxorubicin",
      "type": "risk_factor",
      "properties": {}
    },
    {
      "name": "epirubicin",
      "type": "risk_factor",
      "properties": {}
    },
    {
      "name": "myocardial ischemia/reperfusion injury",
      "type": "complication",
      "properties": {}
    },
    {
      "name": "myocardial infarction",
      "type": "complication",
      "properties": {}
    },
    {
      "name": "heart failure",
      "type": "complication",
      "properties": {}
    },
    {
      "name": "cardiac hypertrophy",
      "type": "complication",
      "properties": {}
    },
    {
      "name": "cardiomyopathy",
      "type": "complication",
      "properties": {}
    },
    {
      "name": "toxins-induced cardiac injury",
      "type": "complication",
      "properties": {}
    }
  ],
  "relations": [
    {
      "head": "PI3K/AKT pathway",
      "relation": "participates_in",
      "tail": "pathogenesis of heart diseases",
      "properties": {}
    },
    {
      "head": "PI3K/AKT pathway",
      "relation": "regulates",
      "tail": "size and survival of cardiomyocytes",
      "properties": {}
    },
    {
      "head": "PI3K/AKT pathway",
      "relation": "regulates",
      "tail": "angiogenic processes",
      "properties": {}
    },
    {
      "head": "PI3K/AKT pathway",
      "relation": "regulates",
      "tail": "inflammatory responses",
      "properties": {}
    },
    {
      "head": "PI3K/AKT pathway",
      "relation": "participates_in",
      "tail": "process of myocardial injury",
      "properties": {}
    },
    {
      "head": "H(2)O(2)",
      "relation": "induces",
      "tail": "myocardial injury",
      "properties": {}
    },
    {
      "head": "Mercury",
      "relation": "induces",
      "tail": "myocardial injury",
      "properties": {}
    },
    {
      "head": "lipopolysaccharides",
      "relation": "induces",
      "tail": "myocardial injury",
      "properties": {}
    },
    {
      "head": "adriamycin",
      "relation": "induces",
      "tail": "myocardial injury",
      "properties": {}
    },
    {
      "head": "doxorubicin",
      "relation": "induces",
      "tail": "myocardial injury",
      "properties": {}
    },
    {
      "head": "epirubicin",
      "relation": "induces",
      "tail": "myocardial injury",
      "properties": {}
    },
    {
      "head": "PI3K/AKT pathway",
      "relation": "contributes_to",
      "tail": "pathoetiology of myocardial ischemia/reperfusion injury",
      "properties": {}
    },
    {
      "head": "PI3K/AKT pathway",
      "relation": "contributes_to",
      "tail": "pathoetiology of myocardial infarction",
      "properties": {}
    },
    {
      "head": "PI3K/AKT pathway",
      "relation": "contributes_to",
      "tail": "pathoetiology of heart failure",
      "properties": {}
    },
    {
      "head": "PI3K/AKT pathway",
      "relation": "contributes_to",
      "tail": "pathoetiology of cardiac hypertrophy",
      "properties": {}
    },
    {
      "head": "PI3K/AKT pathway",
      "relation": "contributes_to",
      "tail": "pathoetiology of cardiomyopathy",
      "properties": {}
    },
    {
      "head": "PI3K/AKT pathway",
      "relation": "contributes_to",
      "tail": "pathoetiology of toxins-induced cardiac injury",
      "properties": {}
    }
  ]
}