{
  "entities": [
    {
      "name": "heart transplant",
      "type": "surgical_procedure",
      "properties": {}
    },
    {
      "name": "outcome prediction following heart transplant",
      "type": "monitoring_indicator",
      "properties": {}
    },
    {
      "name": "decision-making when considering potential organ offers",
      "type": "treatment_regimen",
      "properties": {}
    }
  ],
  "relations": [
    {
      "head": "outcome prediction following heart transplant",
      "relation": "precedes",
      "tail": "decision-making when considering potential organ offers",
      "properties": {}
    },
    {
      "head": "outcome prediction following heart transplant",
      "relation": "monitors",
      "tail": "heart transplant",
      "properties": {}
    }
  ]
}