{
  "entities": [
    {
      "name": "aortic arch repair",
      "type": "surgical_procedure",
      "properties": {}
    },
    {
      "name": "death",
      "type": "complication",
      "properties": {}
    },
    {
      "name": "stroke",
      "type": "complication",
      "properties": {}
    },
    {
      "name": "femoral artery cannulation",
      "type": "surgical_procedure",
      "properties": {}
    },
    {
      "name": "innominate artery cannulation",
      "type": "surgical_procedure",
      "properties": {}
    },
    {
      "name": "axillary artery cannulation",
      "type": "surgical_procedure",
      "properties": {}
    }
  ],
  "relations": [
    {
      "head": "aortic arch repair",
      "relation": "increases_risk",
      "tail": "death",
      "properties": {}
    },
    {
      "head": "aortic arch repair",
      "relation": "increases_risk",
      "tail": "stroke",
      "properties": {}
    },
    {
      "head": "femoral artery cannulation",
      "relation": "precedes",
      "tail": "aortic arch repair",
      "properties": {}
    },
    {
      "head": "innominate artery cannulation",
      "relation": "precedes",
      "tail": "aortic arch repair",
      "properties": {}
    },
    {
      "head": "axillary artery cannulation",
      "relation": "precedes",
      "tail": "aortic arch repair",
      "properties": {}
    }
  ]
}