{
  "entities": [
    {
      "name": "left ventricular assist device (LVAD) implantation",
      "type": "surgical_procedure",
      "properties": {}
    },
    {
      "name": "advanced heart failure",
      "type": "recipient_characteristic",
      "properties": {}
    },
    {
      "name": "donor hearts",
      "type": "donor_characteristic",
      "properties": {}
    },
    {
      "name": "third-generation continuous flow LVADs",
      "type": "medical_device",
      "properties": {}
    },
    {
      "name": "hemocompatibility",
      "type": "complication",
      "properties": {}
    },
    {
      "name": "stroke",
      "type": "complication",
      "properties": {}
    },
    {
      "name": "thrombotic events",
      "type": "complication",
      "properties": {}
    },
    {
      "name": "phosphodiesterase-5 inhibitors (PDE-5i)",
      "type": "medication",
      "properties": {}
    },
    {
      "name": "centrifugal flow LVAD",
      "type": "medical_device",
      "properties": {}
    },
    {
      "name": "randomized control trial",
      "type": "monitoring_indicator",
      "properties": {
        "evidence_strength": "RCT"
      }
    },
    {
      "name": "observational studies",
      "type": "monitoring_indicator",
      "properties": {
        "evidence_strength": "observational study"
      }
    }
  ],
  "relations": [
    {
      "head": "left ventricular assist device (LVAD) implantation",
      "relation": "treats",
      "tail": "advanced heart failure",
      "properties": {}
    },
    {
      "head": "left ventricular assist device (LVAD) implantation",
      "relation": "increases_risk",
      "tail": "hemocompatibility",
      "properties": {}
    },
    {
      "head": "left ventricular assist device (LVAD) implantation",
      "relation": "increases_risk",
      "tail": "stroke",
      "properties": {}
    },
    {
      "head": "phosphodiesterase-5 inhibitors (PDE-5i)",
      "relation": "alleviates",
      "tail": "thrombotic events",
      "properties": {
        "evidence_strength": "observational study"
      }
    },
    {
      "head": "phosphodiesterase-5 inhibitors (PDE-5i)",
      "relation": "monitors",
      "tail": "randomized control trial",
      "properties": {}
    },
    {
      "head": "phosphodiesterase-5 inhibitors (PDE-5i)",
      "relation": "treats",
      "tail": "centrifugal flow LVAD",
      "properties": {}
    }
  ]
}