{
  "entities": [
    {
      "name": "Cardiac microvascular endothelial cell ischemia-reperfusion injury",
      "type": "complication",
      "properties": {}
    },
    {
      "name": "acute myocardial infarction",
      "type": "risk_factor",
      "properties": {}
    },
    {
      "name": "revascularization therapy",
      "type": "surgical_procedure",
      "properties": {}
    },
    {
      "name": "cardiac microcirculatory system dysfunctions",
      "type": "complication",
      "properties": {}
    },
    {
      "name": "cardiac functions",
      "type": "monitoring_indicator",
      "properties": {}
    },
    {
      "name": "long-term prognostic outcomes",
      "type": "monitoring_indicator",
      "properties": {}
    },
    {
      "name": "lysine-specific demethylase 3A",
      "type": "monitoring_indicator",
      "properties": {}
    },
    {
      "name": "KDM3A",
      "type": "monitoring_indicator",
      "properties": {}
    }
  ],
  "relations": [
    {
      "head": "acute myocardial infarction",
      "relation": "increases_risk",
      "tail": "Cardiac microvascular endothelial cell ischemia-reperfusion injury",
      "properties": {
        "statistical_data": "approximately 50%",
        "evidence_strength": "cohort study"
      }
    },
    {
      "head": "revascularization therapy",
      "relation": "precedes",
      "tail": "Cardiac microvascular endothelial cell ischemia-reperfusion injury",
      "properties": {}
    },
    {
      "head": "Cardiac microvascular endothelial cell ischemia-reperfusion injury",
      "relation": "causes",
      "tail": "cardiac microcirculatory system dysfunctions",
      "properties": {}
    },
    {
      "head": "cardiac microcirculatory system dysfunctions",
      "relation": "increases_risk",
      "tail": "cardiac functions",
      "properties": {}
    },
    {
      "head": "cardiac microcirculatory system dysfunctions",
      "relation": "increases_risk",
      "tail": "long-term prognostic outcomes",
      "properties": {}
    },
    {
      "head": "lysine-specific demethylase 3A",
      "relation": "part_of",
      "tail": "KDM3A",
      "properties": {}
    }
  ]
}