{
  "entities": [
    {
      "name": "heart failure",
      "type": "recipient_characteristic",
      "properties": {}
    },
    {
      "name": "durable left ventricular assist device",
      "type": "medical_device",
      "properties": {}
    },
    {
      "name": "heart transplantation",
      "type": "surgical_procedure",
      "properties": {}
    },
    {
      "name": "race",
      "type": "risk_factor",
      "properties": {}
    },
    {
      "name": "ethnicity",
      "type": "risk_factor",
      "properties": {}
    },
    {
      "name": "social-economic status",
      "type": "risk_factor",
      "properties": {}
    },
    {
      "name": "geography",
      "type": "risk_factor",
      "properties": {}
    },
    {
      "name": "sex",
      "type": "risk_factor",
      "properties": {}
    },
    {
      "name": "gender categories",
      "type": "risk_factor",
      "properties": {}
    },
    {
      "name": "social determinants of health",
      "type": "risk_factor",
      "properties": {}
    },
    {
      "name": "health disparities",
      "type": "complication",
      "properties": {}
    }
  ],
  "relations": [
    {
      "head": "heart failure",
      "relation": "precedes",
      "tail": "durable left ventricular assist device",
      "properties": {}
    },
    {
      "head": "heart failure",
      "relation": "precedes",
      "tail": "heart transplantation",
      "properties": {}
    },
    {
      "head": "race",
      "relation": "increases_risk",
      "tail": "health disparities",
      "properties": {}
    },
    {
      "head": "ethnicity",
      "relation": "increases_risk",
      "tail": "health disparities",
      "properties": {}
    },
    {
      "head": "social-economic status",
      "relation": "increases_risk",
      "tail": "health disparities",
      "properties": {}
    },
    {
      "head": "geography",
      "relation": "increases_risk",
      "tail": "health disparities",
      "properties": {}
    },
    {
      "head": "sex",
      "relation": "increases_risk",
      "tail": "health disparities",
      "properties": {}
    },
    {
      "head": "gender categories",
      "relation": "increases_risk",
      "tail": "health disparities",
      "properties": {}
    },
    {
      "head": "social determinants of health",
      "relation": "increases_risk",
      "tail": "health disparities",
      "properties": {}
    }
  ]
}