{
  "entities": [
    {
      "name": "Predicted Heart Mass (PHM)",
      "type": "monitoring_indicator",
      "properties": {}
    },
    {
      "name": "adult cardiac transplantation",
      "type": "surgical_procedure",
      "properties": {}
    },
    {
      "name": "size matching metric",
      "type": "monitoring_indicator",
      "properties": {}
    },
    {
      "name": "healthy adult cohort",
      "type": "donor_characteristic",
      "properties": {}
    },
    {
      "name": "pediatric population",
      "type": "recipient_characteristic",
      "properties": {}
    },
    {
      "name": "older adolescents",
      "type": "recipient_characteristic",
      "properties": {}
    },
    {
      "name": "donor pool",
      "type": "donor_characteristic",
      "properties": {}
    },
    {
      "name": "United Network for Organ Sharing database",
      "type": "monitoring_indicator",
      "properties": {}
    },
    {
      "name": "patients aged 13 to 18 undergoing heart transplantation",
      "type": "recipient_characteristic",
      "properties": {}
    },
    {
      "name": "donor-to-recipient quintiles (Q1-Q5)",
      "type": "monitoring_indicator",
      "properties": {}
    }
  ],
  "relations": [
    {
      "head": "Predicted Heart Mass (PHM)",
      "relation": "part_of",
      "tail": "size matching metric",
      "properties": {}
    },
    {
      "head": "size matching metric",
      "relation": "monitors",
      "tail": "adult cardiac transplantation",
      "properties": {}
    },
    {
      "head": "healthy adult cohort",
      "relation": "prerequisite_of",
      "tail": "Predicted Heart Mass (PHM)",
      "properties": {}
    },
    {
      "head": "Predicted Heart Mass (PHM)",
      "relation": "monitors",
      "tail": "older adolescents",
      "properties": {}
    },
    {
      "head": "Predicted Heart Mass (PHM)",
      "relation": "monitors",
      "tail": "donor pool",
      "properties": {}
    },
    {
      "head": "United Network for Organ Sharing database",
      "relation": "monitors",
      "tail": "patients aged 13 to 18 undergoing heart transplantation",
      "properties": {}
    },
    {
      "head": "donor-to-recipient quintiles (Q1-Q5)",
      "relation": "monitors",
      "tail": "patients aged 13 to 18 undergoing heart transplantation",
      "properties": {}
    }
  ]
}