{
  "entities": [
    {
      "name": "heart failure",
      "type": "recipient_characteristic",
      "properties": {}
    },
    {
      "name": "cardiac transplantation",
      "type": "surgical_procedure",
      "properties": {}
    },
    {
      "name": "end-stage heart failure",
      "type": "recipient_characteristic",
      "properties": {}
    },
    {
      "name": "progenitor cell delivery",
      "type": "treatment_regimen",
      "properties": {}
    },
    {
      "name": "pluripotent cell delivery",
      "type": "treatment_regimen",
      "properties": {}
    },
    {
      "name": "cardiac reprogramming",
      "type": "treatment_regimen",
      "properties": {}
    },
    {
      "name": "transcription factors",
      "type": "treatment_regimen",
      "properties": {}
    },
    {
      "name": "microRNA",
      "type": "treatment_regimen",
      "properties": {}
    },
    {
      "name": "small molecules",
      "type": "treatment_regimen",
      "properties": {}
    },
    {
      "name": "conversion efficiency",
      "type": "risk_factor",
      "properties": {}
    },
    {
      "name": "virus utilization",
      "type": "risk_factor",
      "properties": {}
    },
    {
      "name": "immature induced cardiomyocytes",
      "type": "complication",
      "properties": {}
    },
    {
      "name": "heterogenous induced cardiomyocytes",
      "type": "complication",
      "properties": {}
    },
    {
      "name": "technical reproducibility issues",
      "type": "risk_factor",
      "properties": {}
    },
    {
      "name": "physiological effects of depleted fibroblasts on myocardial tissue",
      "type": "complication",
      "properties": {}
    }
  ],
  "relations": [
    {
      "head": "cardiac transplantation",
      "relation": "treats",
      "tail": "end-stage heart failure",
      "properties": {}
    },
    {
      "head": "progenitor cell delivery",
      "relation": "treats",
      "tail": "heart failure",
      "properties": {}
    },
    {
      "head": "pluripotent cell delivery",
      "relation": "treats",
      "tail": "heart failure",
      "properties": {}
    },
    {
      "head": "cardiac reprogramming",
      "relation": "treats",
      "tail": "heart failure",
      "properties": {}
    },
    {
      "head": "transcription factors",
      "relation": "part_of",
      "tail": "cardiac reprogramming",
      "properties": {}
    },
    {
      "head": "microRNA",
      "relation": "part_of",
      "tail": "cardiac reprogramming",
      "properties": {}
    },
    {
      "head": "small molecules",
      "relation": "part_of",
      "tail": "cardiac reprogramming",
      "properties": {}
    }
  ]
}