{
  "entities": [
    {
      "name": "PET MPI",
      "type": "diagnostic_criteria",
      "properties": {}
    },
    {
      "name": "CAD",
      "type": "risk_factor",
      "properties": {}
    },
    {
      "name": "myocardial blood flow (MBF)",
      "type": "monitoring_indicator",
      "properties": {}
    },
    {
      "name": "cardiac allograft vasculopathy (CAV)",
      "type": "complication",
      "properties": {}
    },
    {
      "name": "risk stratification",
      "type": "treatment_regimen",
      "properties": {}
    },
    {
      "name": "patients' management",
      "type": "treatment_regimen",
      "properties": {}
    }
  ],
  "relations": [
    {
      "head": "PET MPI",
      "relation": "monitors",
      "tail": "myocardial blood flow (MBF)",
      "properties": {}
    },
    {
      "head": "PET MPI",
      "relation": "diagnostic_basis_for",
      "tail": "CAD",
      "properties": {}
    },
    {
      "head": "myocardial blood flow (MBF)",
      "relation": "diagnostic_basis_for",
      "tail": "CAD",
      "properties": {}
    },
    {
      "head": "cardiac allograft vasculopathy (CAV)",
      "relation": "part_of",
      "tail": "CAD",
      "properties": {}
    },
    {
      "head": "PET MPI",
      "relation": "precedes",
      "tail": "risk stratification",
      "properties": {}
    },
    {
      "head": "PET MPI",
      "relation": "precedes",
      "tail": "patients' management",
      "properties": {}
    }
  ]
}