{
  "entities": [
    {
      "name": "heart transplants",
      "type": "surgical_procedure",
      "properties": {}
    },
    {
      "name": "hepatitis C virus-viremic donors",
      "type": "donor_characteristic",
      "properties": {}
    },
    {
      "name": "hepatitis C virus-seronegative recipients",
      "type": "recipient_characteristic",
      "properties": {}
    },
    {
      "name": "mechanical circulatory support",
      "type": "medical_device",
      "properties": {}
    },
    {
      "name": "extracorporeal membranous oxygenation",
      "type": "medical_device",
      "properties": {}
    },
    {
      "name": "Scientific Registry of Transplant Recipients",
      "type": "monitoring_indicator",
      "properties": {
        "evidence_strength": "registry_study"
      }
    }
  ],
  "relations": [
    {
      "head": "hepatitis C virus-viremic donors",
      "relation": "part_of",
      "tail": "heart transplants",
      "properties": {}
    },
    {
      "head": "hepatitis C virus-seronegative recipients",
      "relation": "part_of",
      "tail": "heart transplants",
      "properties": {}
    },
    {
      "head": "mechanical circulatory support",
      "relation": "precedes",
      "tail": "heart transplants",
      "properties": {}
    },
    {
      "head": "Scientific Registry of Transplant Recipients",
      "relation": "monitors",
      "tail": "heart transplants",
      "properties": {}
    }
  ]
}