{
  "entities": [
    {
      "name": "Cardiopulmonary bypass",
      "type": "medical_device",
      "properties": {}
    },
    {
      "name": "cardiac surgery",
      "type": "surgical_procedure",
      "properties": {}
    },
    {
      "name": "systemic inflammatory response syndrome",
      "type": "complication",
      "properties": {}
    },
    {
      "name": "ischaemia-reperfusion injury",
      "type": "complication",
      "properties": {}
    },
    {
      "name": "multi-organ dysfunction",
      "type": "complication",
      "properties": {}
    },
    {
      "name": "resveratrol",
      "type": "medication",
      "properties": {}
    },
    {
      "name": "vasodilation",
      "type": "monitoring_indicator",
      "properties": {}
    },
    {
      "name": "lowering of blood pressure",
      "type": "monitoring_indicator",
      "properties": {}
    },
    {
      "name": "reactive oxygen species levels",
      "type": "monitoring_indicator",
      "properties": {}
    },
    {
      "name": "suppression of low-density lipoprotein peroxidation",
      "type": "monitoring_indicator",
      "properties": {}
    },
    {
      "name": "mitigation of ischaemia/-reperfusion injury",
      "type": "treatment_regimen",
      "properties": {}
    },
    {
      "name": "patients undergoing cardiac surgery",
      "type": "recipient_characteristic",
      "properties": {}
    }
  ],
  "relations": [
    {
      "head": "Cardiopulmonary bypass",
      "relation": "part_of",
      "tail": "cardiac surgery",
      "properties": {}
    },
    {
      "head": "Cardiopulmonary bypass",
      "relation": "causes",
      "tail": "systemic inflammatory response syndrome",
      "properties": {}
    },
    {
      "head": "systemic inflammatory response syndrome",
      "relation": "causes",
      "tail": "ischaemia-reperfusion injury",
      "properties": {}
    },
    {
      "head": "systemic inflammatory response syndrome",
      "relation": "causes",
      "tail": "multi-organ dysfunction",
      "properties": {}
    },
    {
      "head": "resveratrol",
      "relation": "alleviates",
      "tail": "ischaemia-reperfusion injury",
      "properties": {}
    },
    {
      "head": "resveratrol",
      "relation": "treats",
      "tail": "patients undergoing cardiac surgery",
      "properties": {}
    }
  ]
}