{
  "entities": [
    {
      "name": "Invasive coronary angiography",
      "type": "diagnostic_criteria",
      "properties": {}
    },
    {
      "name": "cardiac allograft vasculopathy",
      "type": "complication",
      "properties": {}
    },
    {
      "name": "Positron emission tomography/computed tomography scan",
      "type": "diagnostic_criteria",
      "properties": {}
    },
    {
      "name": "myocardial blood flow quantification",
      "type": "monitoring_indicator",
      "properties": {}
    }
  ],
  "relations": [
    {
      "head": "Invasive coronary angiography",
      "relation": "diagnostic_basis_for",
      "tail": "cardiac allograft vasculopathy",
      "properties": {}
    },
    {
      "head": "Positron emission tomography/computed tomography scan",
      "relation": "monitors",
      "tail": "myocardial blood flow quantification",
      "properties": {}
    },
    {
      "head": "Positron emission tomography/computed tomography scan",
      "relation": "diagnostic_basis_for",
      "tail": "cardiac allograft vasculopathy",
      "properties": {}
    }
  ]
}