{
  "entities": [
    {
      "name": "orthotopic heart transplant",
      "type": "surgical_procedure",
      "properties": {}
    },
    {
      "name": "Cardiac allograft vasculopathy",
      "type": "complication",
      "properties": {}
    },
    {
      "name": "allograft failure",
      "type": "complication",
      "properties": {}
    },
    {
      "name": "non-ischemic cardiomyopathy",
      "type": "recipient_characteristic",
      "properties": {}
    },
    {
      "name": "hyperlipidemia",
      "type": "recipient_characteristic",
      "properties": {}
    },
    {
      "name": "insulin-dependent diabetes",
      "type": "recipient_characteristic",
      "properties": {}
    },
    {
      "name": "abdominal pain",
      "type": "recipient_characteristic",
      "properties": {}
    },
    {
      "name": "dyspnea",
      "type": "recipient_characteristic",
      "properties": {}
    },
    {
      "name": "palpitations",
      "type": "recipient_characteristic",
      "properties": {}
    },
    {
      "name": "SARS-CoV-2 infection",
      "type": "risk_factor",
      "properties": {}
    },
    {
      "name": "COVID-19",
      "type": "risk_factor",
      "properties": {}
    },
    {
      "name": "normal angiogram",
      "type": "monitoring_indicator",
      "properties": {}
    },
    {
      "name": "intimal smooth muscle proliferation",
      "type": "diagnostic_criteria",
      "properties": {}
    },
    {
      "name": "immune hyperactivity to donor heart tissue",
      "type": "diagnostic_criteria",
      "properties": {}
    }
  ],
  "relations": [
    {
      "head": "orthotopic heart transplant",
      "relation": "precedes",
      "tail": "Cardiac allograft vasculopathy",
      "properties": {}
    },
    {
      "head": "Cardiac allograft vasculopathy",
      "relation": "causes",
      "tail": "allograft failure",
      "properties": {}
    },
    {
      "head": "intimal smooth muscle proliferation",
      "relation": "part_of",
      "tail": "Cardiac allograft vasculopathy",
      "properties": {}
    },
    {
      "head": "immune hyperactivity to donor heart tissue",
      "relation": "part_of",
      "tail": "Cardiac allograft vasculopathy",
      "properties": {}
    },
    {
      "head": "SARS-CoV-2 infection",
      "relation": "increases_risk",
      "tail": "Cardiac allograft vasculopathy",
      "properties": {}
    },
    {
      "head": "COVID-19",
      "relation": "increases_risk",
      "tail": "Cardiac allograft vasculopathy",
      "properties": {}
    },
    {
      "head": "normal angiogram",
      "relation": "precedes",
      "tail": "allograft failure",
      "properties": {
        "timeframe": "within 1 year"
      }
    }
  ]
}