{
  "entities": [
    {
      "name": "acute myocarditis",
      "type": "diagnostic_criteria",
      "properties": {
        "definition": "a sudden inflammatory injury to the myocardium"
      }
    },
    {
      "name": "influenza",
      "type": "risk_factor",
      "properties": {}
    },
    {
      "name": "coronavirus",
      "type": "risk_factor",
      "properties": {}
    },
    {
      "name": "systemic lupus erythematosus",
      "type": "risk_factor",
      "properties": {}
    },
    {
      "name": "immune checkpoint inhibitors",
      "type": "risk_factor",
      "properties": {}
    },
    {
      "name": "smallpox vaccines",
      "type": "risk_factor",
      "properties": {}
    },
    {
      "name": "mRNA COVID-19 vaccines",
      "type": "risk_factor",
      "properties": {}
    },
    {
      "name": "chest pain",
      "type": "diagnostic_criteria",
      "properties": {
        "prevalence": "82% to 95%"
      }
    },
    {
      "name": "dyspnea",
      "type": "diagnostic_criteria",
      "properties": {
        "prevalence": "19% to 49%"
      }
    },
    {
      "name": "syncope",
      "type": "diagnostic_criteria",
      "properties": {
        "prevalence": "5% to 7%"
      }
    },
    {
      "name": "troponins",
      "type": "monitoring_indicator",
      "properties": {}
    },
    {
      "name": "electrocardiographic changes of ST segments",
      "type": "monitoring_indicator",
      "properties": {}
    },
    {
      "name": "echocardiographic wall motion abnormalities",
      "type": "monitoring_indicator",
      "properties": {}
    },
    {
      "name": "wall thickening",
      "type": "monitoring_indicator",
      "properties": {}
    },
    {
      "name": "cardiac magnetic resonance imaging",
      "type": "diagnostic_criteria",
      "properties": {}
    },
    {
      "name": "endomyocardial biopsy",
      "type": "diagnostic_criteria",
      "properties": {}
    },
    {
      "name": "acute heart failure",
      "type": "complication",
      "properties": {}
    },
    {
      "name": "ventricular arrhythmias",
      "type": "complication",
      "properties": {}
    },
    {
      "name": "heart transplant",
      "type": "surgical_procedure",
      "properties": {}
    },
    {
      "name": "hemodynamic instability",
      "type": "complication",
      "properties": {
        "prevalence": "2% to 9%"
      }
    }
  ],
  "relations": [
    {
      "head": "influenza",
      "relation": "causes",
      "tail": "acute myocarditis",
      "properties": {}
    },
    {
      "head": "coronavirus",
      "relation": "causes",
      "tail": "acute myocarditis",
      "properties": {}
    },
    {
      "head": "systemic lupus erythematosus",
      "relation": "causes",
      "tail": "acute myocarditis",
      "properties": {}
    },
    {
      "head": "immune checkpoint inhibitors",
      "relation": "causes",
      "tail": "acute myocarditis",
      "properties": {}
    },
    {
      "head": "smallpox vaccines",
      "relation": "causes",
      "tail": "acute myocarditis",
      "properties": {}
    },
    {
      "head": "mRNA COVID-19 vaccines",
      "relation": "causes",
      "tail": "acute myocarditis",
      "properties": {}
    },
    {
      "head": "chest pain",
      "relation": "diagnostic_basis_for",
      "tail": "acute myocarditis",
      "properties": {}
    },
    {
      "head": "dyspnea",
      "relation": "diagnostic_basis_for",
      "tail": "acute myocarditis",
      "properties": {}
    },
    {
      "head": "syncope",
      "relation": "diagnostic_basis_for",
      "tail": "acute myocarditis",
      "properties": {}
    },
    {
      "head": "troponins",
      "relation": "diagnostic_basis_for",
      "tail": "acute myocarditis",
      "properties": {}
    },
    {
      "head": "electrocardiographic changes of ST segments",
      "relation": "diagnostic_basis_for",
      "tail": "acute myocarditis",
      "properties": {}
    },
    {
      "head": "echocardiographic wall motion abnormalities",
      "relation": "diagnostic_basis_for",
      "tail": "acute myocarditis",
      "properties": {}
    },
    {
      "head": "wall thickening",
      "relation": "diagnostic_basis_for",
      "tail": "acute myocarditis",
      "properties": {}
    },
    {
      "head": "cardiac magnetic resonance imaging",
      "relation": "diagnostic_basis_for",
      "tail": "acute myocarditis",
      "properties": {}
    },
    {
      "head": "endomyocardial biopsy",
      "relation": "diagnostic_basis_for",
      "tail": "acute myocarditis",
      "properties": {}
    },
    {
      "head": "acute heart failure",
      "relation": "increases_risk",
      "tail": "heart transplant",
      "properties": {
        "incidence_rate": "12% (in-hospital mortality or need)"
      }
    },
    {
      "head": "ventricular arrhythmias",
      "relation": "increases_risk",
      "tail": "heart transplant",
      "properties": {
        "incidence_rate": "12% (in-hospital mortality or need)"
      }
    }
  ]
}