{
  "entities": [
    {
      "name": "Guanxin Danshen formula",
      "type": "medication",
      "properties": {}
    },
    {
      "name": "myocardial ischemia/reperfusion injury",
      "type": "complication",
      "properties": {}
    },
    {
      "name": "myocardial tissue necrosis",
      "type": "complication",
      "properties": {}
    },
    {
      "name": "myocardial infarction",
      "type": "complication",
      "properties": {}
    },
    {
      "name": "interleukin (IL-1beta, IL-6)",
      "type": "monitoring_indicator",
      "properties": {}
    },
    {
      "name": "superoxide dismutase (SOD)",
      "type": "monitoring_indicator",
      "properties": {}
    },
    {
      "name": "glutathione",
      "type": "monitoring_indicator",
      "properties": {}
    },
    {
      "name": "NLRP3",
      "type": "monitoring_indicator",
      "properties": {}
    },
    {
      "name": "caspase-1",
      "type": "monitoring_indicator",
      "properties": {}
    },
    {
      "name": "gasdermin D (GSDMD)",
      "type": "monitoring_indicator",
      "properties": {}
    },
    {
      "name": "Salvianolic acid B",
      "type": "medication",
      "properties": {}
    },
    {
      "name": "notoginsenoside R1",
      "type": "medication",
      "properties": {}
    },
    {
      "name": "H9C2 cardiomyocytes",
      "type": "recipient_characteristic",
      "properties": {}
    },
    {
      "name": "hypoxia-reoxygenated",
      "type": "risk_factor",
      "properties": {}
    }
  ],
  "relations": [
    {
      "head": "myocardial ischemia/reperfusion injury",
      "relation": "causes",
      "tail": "myocardial tissue necrosis",
      "properties": {}
    },
    {
      "head": "myocardial tissue necrosis",
      "relation": "increases_risk",
      "tail": "myocardial infarction",
      "properties": {}
    },
    {
      "head": "Guanxin Danshen formula",
      "relation": "alleviates",
      "tail": "myocardial ischemia/reperfusion injury",
      "properties": {}
    },
    {
      "head": "Guanxin Danshen formula",
      "relation": "decreases",
      "tail": "interleukin (IL-1beta, IL-6)",
      "properties": {}
    },
    {
      "head": "Guanxin Danshen formula",
      "relation": "increases",
      "tail": "superoxide dismutase (SOD)",
      "properties": {}
    },
    {
      "head": "Guanxin Danshen formula",
      "relation": "decreases",
      "tail": "NLRP3",
      "properties": {}
    },
    {
      "head": "Guanxin Danshen formula",
      "relation": "decreases",
      "tail": "caspase-1",
      "properties": {}
    },
    {
      "head": "Guanxin Danshen formula",
      "relation": "decreases",
      "tail": "gasdermin D (GSDMD)",
      "properties": {}
    },
    {
      "head": "Salvianolic acid B",
      "relation": "treats",
      "tail": "H9C2 cardiomyocytes",
      "properties": {}
    },
    {
      "head": "notoginsenoside R1",
      "relation": "treats",
      "tail": "H9C2 cardiomyocytes",
      "properties": {}
    },
    {
      "head": "hypoxia-reoxygenated",
      "relation": "increases_risk",
      "tail": "H9C2 cardiomyocytes",
      "properties": {}
    }
  ]
}