{
  "entities": [
    {
      "name": "cilostazol",
      "type": "medication",
      "properties": {}
    },
    {
      "name": "ischemia-reperfusion injury",
      "type": "complication",
      "properties": {}
    },
    {
      "name": "obese Wistar rats",
      "type": "recipient_characteristic",
      "properties": {}
    },
    {
      "name": "normal weight-Wistar rats",
      "type": "recipient_characteristic",
      "properties": {}
    },
    {
      "name": "adenosine triphosphate (ATP)",
      "type": "monitoring_indicator",
      "properties": {}
    },
    {
      "name": "superoxide dismutase (SOD)",
      "type": "monitoring_indicator",
      "properties": {}
    },
    {
      "name": "fibrinogen",
      "type": "monitoring_indicator",
      "properties": {}
    },
    {
      "name": "plasminogen activator inhibitor-1 (PAI-1)",
      "type": "monitoring_indicator",
      "properties": {}
    },
    {
      "name": "Sham Group",
      "type": "treatment_regimen",
      "properties": {
        "description": "IRI was not established in normal weight-Wistar rats"
      }
    },
    {
      "name": "Control Group",
      "type": "treatment_regimen",
      "properties": {
        "description": "IRI but no cilostazol in normal weight-Wistar rats"
      }
    },
    {
      "name": "Cilostazol in normal weight-Wistar rats",
      "type": "treatment_regimen",
      "properties": {
        "description": "IRI and cilostazol was administered"
      }
    },
    {
      "name": "Cilostazol in obese-Wistar rats",
      "type": "treatment_regimen",
      "properties": {
        "description": "IRI and cilostazol was administered"
      }
    }
  ],
  "relations": [
    {
      "head": "cilostazol",
      "relation": "treats",
      "tail": "ischemia-reperfusion injury",
      "properties": {
        "evidence_strength": "animal_study",
        "p_value": "0.024"
      }
    },
    {
      "head": "Control Group",
      "relation": "increases_risk",
      "tail": "adenosine triphosphate (ATP)",
      "properties": {
        "p_value": "0.024"
      }
    },
    {
      "head": "Control Group",
      "relation": "increases_risk",
      "tail": "superoxide dismutase (SOD)",
      "properties": {
        "p_value": "0.003"
      }
    },
    {
      "head": "Control Group",
      "relation": "increases_risk",
      "tail": "plasminogen activator inhibitor-1 (PAI-1)",
      "properties": {
        "p_value": "0.047"
      }
    },
    {
      "head": "Cilostazol in normal weight-Wistar rats",
      "relation": "monitors",
      "tail": "fibrinogen",
      "properties": {
        "value": "187 mg/dL",
        "p_value": "0.046"
      }
    },
    {
      "head": "Sham Group",
      "relation": "monitors",
      "tail": "fibrinogen",
      "properties": {
        "value": "198 mg/dL"
      }
    },
    {
      "head": "Control Group",
      "relation": "monitors",
      "tail": "fibrinogen",
      "properties": {
        "value": "204 mg/dL"
      }
    },
    {
      "head": "Cilostazol in normal weight-Wistar rats",
      "relation": "precedes",
      "tail": "Cilostazol in obese-Wistar rats",
      "properties": {
        "comparison": "ATP level was significantly lower in normal-weight cilostazol group than in obese group",
        "p_value": "0.043"
      }
    }
  ]
}