{
  "entities": [
    {
      "name": "cardiac transplantation",
      "type": "surgical_procedure",
      "properties": {}
    },
    {
      "name": "cardiac allograft vasculopathy",
      "type": "complication",
      "properties": {}
    },
    {
      "name": "atherosclerotic cardiovascular disease",
      "type": "complication",
      "properties": {}
    },
    {
      "name": "aggressive lipid management",
      "type": "treatment_regimen",
      "properties": {}
    },
    {
      "name": "statin monotherapy",
      "type": "treatment_regimen",
      "properties": {}
    },
    {
      "name": "statin intolerance",
      "type": "risk_factor",
      "properties": {}
    },
    {
      "name": "PCSK9 inhibitors",
      "type": "medication",
      "properties": {}
    },
    {
      "name": "hyperlipidemia",
      "type": "complication",
      "properties": {}
    },
    {
      "name": "alirocumab",
      "type": "medication",
      "properties": {}
    },
    {
      "name": "evolocumab",
      "type": "medication",
      "properties": {}
    },
    {
      "name": "low-density lipoprotein",
      "type": "monitoring_indicator",
      "properties": {}
    },
    {
      "name": "retrospective review",
      "type": "diagnostic_criteria",
      "properties": {
        "evidence_strength": "retrospective study"
      }
    },
    {
      "name": "literature analysis",
      "type": "diagnostic_criteria",
      "properties": {
        "evidence_strength": "literature review"
      }
    }
  ],
  "relations": [
    {
      "head": "cardiac transplantation",
      "relation": "increases_risk",
      "tail": "cardiac allograft vasculopathy",
      "properties": {}
    },
    {
      "head": "cardiac transplantation",
      "relation": "increases_risk",
      "tail": "atherosclerotic cardiovascular disease",
      "properties": {}
    },
    {
      "head": "aggressive lipid management",
      "relation": "treats",
      "tail": "hyperlipidemia",
      "properties": {}
    },
    {
      "head": "statin monotherapy",
      "relation": "treats",
      "tail": "hyperlipidemia",
      "properties": {}
    },
    {
      "head": "statin intolerance",
      "relation": "contraindicated_in",
      "tail": "statin monotherapy",
      "properties": {}
    },
    {
      "head": "PCSK9 inhibitors",
      "relation": "treats",
      "tail": "hyperlipidemia",
      "properties": {}
    },
    {
      "head": "alirocumab",
      "relation": "part_of",
      "tail": "PCSK9 inhibitors",
      "properties": {}
    },
    {
      "head": "evolocumab",
      "relation": "part_of",
      "tail": "PCSK9 inhibitors",
      "properties": {}
    },
    {
      "head": "PCSK9 inhibitors",
      "relation": "alleviates",
      "tail": "low-density lipoprotein",
      "properties": {
        "statistical_data": "40 to 87% decrease from baseline"
      }
    },
    {
      "head": "retrospective review",
      "relation": "diagnostic_basis_for",
      "tail": "PCSK9 inhibitors use",
      "properties": {}
    },
    {
      "head": "literature analysis",
      "relation": "diagnostic_basis_for",
      "tail": "PCSK9 inhibitors use",
      "properties": {}
    }
  ]
}