{
  "entities": [
    {
      "name": "heart transplantation",
      "type": "surgical_procedure",
      "properties": {}
    },
    {
      "name": "center volume",
      "type": "recipient_characteristic",
      "properties": {}
    },
    {
      "name": "low-volume centers",
      "type": "recipient_characteristic",
      "properties": {
        "volume": "<10 HTx/year"
      }
    },
    {
      "name": "medium-volume centers",
      "type": "recipient_characteristic",
      "properties": {
        "volume": "10-30 HTx/year"
      }
    },
    {
      "name": "high-volume centers",
      "type": "recipient_characteristic",
      "properties": {
        "volume": ">30 HTx/year"
      }
    },
    {
      "name": "death or deterioration",
      "type": "complication",
      "properties": {}
    },
    {
      "name": "left ventricular assist device (LVAD) implantation",
      "type": "surgical_procedure",
      "properties": {}
    },
    {
      "name": "survival to transplant",
      "type": "monitoring_indicator",
      "properties": {}
    },
    {
      "name": "delisted due to recovery",
      "type": "recipient_characteristic",
      "properties": {}
    }
  ],
  "relations": [
    {
      "head": "center volume",
      "relation": "monitors",
      "tail": "waitlist outcomes",
      "properties": {
        "evidence_strength": "retrospective analysis"
      }
    },
    {
      "head": "high-volume centers",
      "relation": "increases_risk",
      "tail": "survival to transplant",
      "properties": {
        "rate": "71.3%",
        "comparison": "vs. 60.6% for low-volume centers and 64.9% for medium-volume centers"
      }
    },
    {
      "head": "low-volume centers",
      "relation": "increases_risk",
      "tail": "death or deterioration",
      "properties": {
        "rate": "14.6%",
        "comparison": "vs. 12.6% for high-volume centers"
      }
    },
    {
      "head": "medium-volume centers",
      "relation": "increases_risk",
      "tail": "death or deterioration",
      "properties": {
        "rate": "15.1%",
        "comparison": "vs. 12.6% for high-volume centers"
      }
    },
    {
      "head": "left ventricular assist device (LVAD) implantation",
      "relation": "precedes",
      "tail": "heart transplantation",
      "properties": {
        "percentage": "3.8%"
      }
    }
  ]
}