{
  "entities": [
    {
      "name": "PFKFB2",
      "type": "medication",
      "properties": {}
    },
    {
      "name": "myocardial ischemia/reperfusion injury",
      "type": "complication",
      "properties": {}
    },
    {
      "name": "ferroptosis",
      "type": "complication",
      "properties": {}
    },
    {
      "name": "adenosine monophosphate-activated protein kinase",
      "type": "monitoring_indicator",
      "properties": {}
    },
    {
      "name": "AMPK inhibitor compound C",
      "type": "medication",
      "properties": {}
    },
    {
      "name": "oxygen-glucose deprivation/reperfusion",
      "type": "surgical_procedure",
      "properties": {}
    },
    {
      "name": "H9c2 cells",
      "type": "recipient_characteristic",
      "properties": {}
    },
    {
      "name": "mice",
      "type": "recipient_characteristic",
      "properties": {}
    }
  ],
  "relations": [
    {
      "head": "PFKFB2",
      "relation": "alleviates",
      "tail": "myocardial ischemia/reperfusion injury",
      "properties": {}
    },
    {
      "head": "PFKFB2",
      "relation": "inhibits",
      "tail": "ferroptosis",
      "properties": {}
    },
    {
      "head": "PFKFB2",
      "relation": "activates",
      "tail": "adenosine monophosphate-activated protein kinase",
      "properties": {}
    },
    {
      "head": "adenosine monophosphate-activated protein kinase activation",
      "relation": "alleviates",
      "tail": "ferroptosis",
      "properties": {}
    },
    {
      "head": "AMPK inhibitor compound C",
      "relation": "reverses",
      "tail": "effect of PFKFB2 overexpression in reducing ferroptosis",
      "properties": {}
    },
    {
      "head": "oxygen-glucose deprivation/reperfusion",
      "relation": "precedes",
      "tail": "ferroptosis",
      "properties": {}
    },
    {
      "head": "PFKFB2 overexpression",
      "relation": "improves",
      "tail": "heart function",
      "properties": {}
    }
  ]
}