{
  "entities": [
    {
      "name": "Marginal Donor Hearts",
      "type": "donor_characteristic",
      "properties": {}
    },
    {
      "name": "Clinical Outcomes",
      "type": "monitoring_indicator",
      "properties": {}
    },
    {
      "name": "Single Center Experience",
      "type": "diagnostic_criteria",
      "properties": {
        "evidence_strength": "cohort study"
      }
    }
  ],
  "relations": [
    {
      "head": "Marginal Donor Hearts",
      "relation": "monitors",
      "tail": "Clinical Outcomes",
      "properties": {}
    },
    {
      "head": "Single Center Experience",
      "relation": "diagnostic_basis_for",
      "tail": "Clinical Outcomes",
      "properties": {}
    }
  ]
}