{
  "entities": [
    {
      "name": "increased circulating phenylacetylglutamine concentration",
      "type": "monitoring_indicator",
      "properties": {}
    },
    {
      "name": "cardiovascular event risk",
      "type": "risk_factor",
      "properties": {}
    },
    {
      "name": "heart failure",
      "type": "recipient_characteristic",
      "properties": {}
    }
  ],
  "relations": [
    {
      "head": "increased circulating phenylacetylglutamine concentration",
      "relation": "increases_risk",
      "tail": "cardiovascular event risk",
      "properties": {
        "context": "in heart failure patients"
      }
    },
    {
      "head": "increased circulating phenylacetylglutamine concentration",
      "relation": "diagnostic_basis_for",
      "tail": "cardiovascular event risk",
      "properties": {
        "context": "predictive value elevation in heart failure patients"
      }
    }
  ]
}