{
  "entities": [
    {
      "name": "heart transplantation",
      "type": "surgical_procedure",
      "properties": {}
    },
    {
      "name": "alloimmune rejection",
      "type": "complication",
      "properties": {}
    },
    {
      "name": "monomethyl fumarate",
      "type": "medication",
      "properties": {}
    },
    {
      "name": "tolerogenic dendritic cells",
      "type": "monitoring_indicator",
      "properties": {}
    }
  ],
  "relations": [
    {
      "head": "monomethyl fumarate",
      "relation": "prevents",
      "tail": "alloimmune rejection",
      "properties": {}
    },
    {
      "head": "monomethyl fumarate",
      "relation": "inducing",
      "tail": "tolerogenic dendritic cells",
      "properties": {}
    },
    {
      "head": "alloimmune rejection",
      "relation": "complication",
      "tail": "heart transplantation",
      "properties": {}
    }
  ]
}