{
  "entities": [
    {
      "name": "Left Ventricular Systolic Dysfunction",
      "type": "complication",
      "properties": {}
    },
    {
      "name": "Hypertrophic Cardiomyopathy",
      "type": "risk_factor",
      "properties": {}
    },
    {
      "name": "SHaRe Registry",
      "type": "monitoring_indicator",
      "properties": {
        "evidence_strength": "registry_study"
      }
    }
  ],
  "relations": [
    {
      "head": "Hypertrophic Cardiomyopathy",
      "relation": "increases_risk",
      "tail": "Left Ventricular Systolic Dysfunction",
      "properties": {}
    },
    {
      "head": "SHaRe Registry",
      "relation": "monitors",
      "tail": "Left Ventricular Systolic Dysfunction",
      "properties": {}
    },
    {
      "head": "SHaRe Registry",
      "relation": "monitors",
      "tail": "Hypertrophic Cardiomyopathy",
      "properties": {}
    }
  ]
}