{
  "entities": [
    {
      "name": "Extracorporeal life support",
      "type": "medical_device",
      "properties": {
        "evidence_strength": "retrospective cohort study"
      }
    },
    {
      "name": "Enteral nutrition",
      "type": "treatment_regimen",
      "properties": {
        "evidence_strength": "retrospective cohort study"
      }
    },
    {
      "name": "Gastrointestinal complications",
      "type": "complication",
      "properties": {
        "evidence_strength": "retrospective cohort study"
      }
    },
    {
      "name": "Inadequate gut perfusion",
      "type": "risk_factor",
      "properties": {
        "evidence_strength": "retrospective cohort study"
      }
    },
    {
      "name": "Respiratory failure",
      "type": "contraindication",
      "properties": {
        "evidence_strength": "retrospective cohort study"
      }
    },
    {
      "name": "Cardiac arrest",
      "type": "contraindication",
      "properties": {
        "evidence_strength": "retrospective cohort study"
      }
    },
    {
      "name": "Low cardiac output state",
      "type": "contraindication",
      "properties": {
        "evidence_strength": "retrospective cohort study"
      }
    },
    {
      "name": "Inability to separate from cardiopulmonary bypass",
      "type": "contraindication",
      "properties": {
        "evidence_strength": "retrospective cohort study"
      }
    },
    {
      "name": "Pediatric intensive care unit",
      "type": "monitoring_indicator",
      "properties": {
        "evidence_strength": "retrospective cohort study"
      }
    }
  ],
  "relations": [
    {
      "head": "Inadequate gut perfusion",
      "relation": "increases_risk",
      "tail": "Gastrointestinal complications",
      "properties": {
        "evidence_strength": "retrospective cohort study"
      }
    },
    {
      "head": "Enteral nutrition",
      "relation": "treats",
      "tail": "Extracorporeal life support",
      "properties": {
        "evidence_strength": "retrospective cohort study"
      }
    },
    {
      "head": "Pediatric intensive care unit",
      "relation": "monitors",
      "tail": "Extracorporeal life support",
      "properties": {
        "evidence_strength": "retrospective cohort study"
      }
    }
  ]
}