{
  "entities": [
    {
      "name": "Epinephrine Dosing",
      "type": "medication",
      "properties": {}
    },
    {
      "name": "Extracorporeal Cardiopulmonary Resuscitation",
      "type": "surgical_procedure",
      "properties": {}
    },
    {
      "name": "pediatric cardiac",
      "type": "recipient_characteristic",
      "properties": {}
    },
    {
      "name": "Single-Center Retrospective Cohort",
      "type": "monitoring_indicator",
      "properties": {
        "evidence_strength": "cohort study"
      }
    }
  ],
  "relations": [
    {
      "head": "Epinephrine Dosing",
      "relation": "part_of",
      "tail": "Extracorporeal Cardiopulmonary Resuscitation",
      "properties": {}
    },
    {
      "head": "Single-Center Retrospective Cohort",
      "relation": "monitors",
      "tail": "Epinephrine Dosing",
      "properties": {}
    },
    {
      "head": "Extracorporeal Cardiopulmonary Resuscitation",
      "relation": "precedes",
      "tail": "pediatric cardiac",
      "properties": {}
    }
  ]
}