{
  "entities": [
    {
      "name": "heart transplantation",
      "type": "surgical_procedure",
      "properties": {}
    },
    {
      "name": "mechanical circulatory support",
      "type": "medical_device",
      "properties": {}
    },
    {
      "name": "heart failure with reduced ejection fraction (HFrEF)",
      "type": "recipient_characteristic",
      "properties": {}
    },
    {
      "name": "RV-basal diameter, RVD(1)",
      "type": "monitoring_indicator",
      "properties": {}
    },
    {
      "name": "RV dysfunction grade",
      "type": "monitoring_indicator",
      "properties": {}
    },
    {
      "name": "death",
      "type": "complication",
      "properties": {}
    },
    {
      "name": "urgent heart transplantation",
      "type": "surgical_procedure",
      "properties": {}
    },
    {
      "name": "implantation of mechanical circulatory support",
      "type": "surgical_procedure",
      "properties": {}
    },
    {
      "name": "echocardiographic evaluation",
      "type": "monitoring_indicator",
      "properties": {}
    }
  ],
  "relations": [
    {
      "head": "RV-basal diameter, RVD(1)",
      "relation": "increases_risk",
      "tail": "death",
      "properties": {
        "p_value": "0.0002",
        "evidence_strength": "cohort study"
      }
    },
    {
      "head": "RV-basal diameter, RVD(1)",
      "relation": "increases_risk",
      "tail": "urgent heart transplantation",
      "properties": {
        "p_value": "0.0002",
        "evidence_strength": "cohort study"
      }
    },
    {
      "head": "RV-basal diameter, RVD(1)",
      "relation": "increases_risk",
      "tail": "implantation of mechanical circulatory support",
      "properties": {
        "p_value": "0.0002",
        "evidence_strength": "cohort study"
      }
    },
    {
      "head": "echocardiographic evaluation",
      "relation": "monitors",
      "tail": "RV-basal diameter, RVD(1)",
      "properties": {
        "evidence_strength": "cohort study"
      }
    },
    {
      "head": "echocardiographic evaluation",
      "relation": "monitors",
      "tail": "RV dysfunction grade",
      "properties": {
        "evidence_strength": "cohort study"
      }
    }
  ]
}