{
  "entities": [
    {
      "name": "Coronary flow capacity",
      "type": "monitoring_indicator",
      "properties": {}
    },
    {
      "name": "revascularization",
      "type": "surgical_procedure",
      "properties": {}
    },
    {
      "name": "survival prediction",
      "type": "monitoring_indicator",
      "properties": {}
    }
  ],
  "relations": [
    {
      "head": "Coronary flow capacity",
      "relation": "diagnostic_basis_for",
      "tail": "survival prediction",
      "properties": {}
    },
    {
      "head": "Coronary flow capacity",
      "relation": "precedes",
      "tail": "revascularization",
      "properties": {}
    }
  ]
}