{
  "entities": [
    {
      "name": "CD34(+) cells",
      "type": "donor_characteristic",
      "properties": {}
    },
    {
      "name": "donor endothelium",
      "type": "donor_characteristic",
      "properties": {}
    },
    {
      "name": "transplanted heart",
      "type": "medical_device",
      "properties": {}
    }
  ],
  "relations": [
    {
      "head": "CD34(+) cells",
      "relation": "part_of",
      "tail": "donor endothelium",
      "properties": {}
    },
    {
      "head": "CD34(+) cells",
      "relation": "replaces",
      "tail": "donor endothelium",
      "properties": {}
    },
    {
      "head": "donor endothelium",
      "relation": "part_of",
      "tail": "transplanted heart",
      "properties": {}
    }
  ]
}