{
  "entities": [
    {
      "name": "Orthotopic Pig-to-baboon Heart Transplantation",
      "type": "surgical_procedure",
      "properties": {}
    },
    {
      "name": "Xenografts",
      "type": "medical_device",
      "properties": {}
    },
    {
      "name": "Concentric Hypertrophy",
      "type": "complication",
      "properties": {}
    },
    {
      "name": "Dynamic Left Ventricular Outflow Tract Obstruction",
      "type": "complication",
      "properties": {}
    }
  ],
  "relations": [
    {
      "head": "Orthotopic Pig-to-baboon Heart Transplantation",
      "relation": "precedes",
      "tail": "Concentric Hypertrophy",
      "properties": {}
    },
    {
      "head": "Orthotopic Pig-to-baboon Heart Transplantation",
      "relation": "precedes",
      "tail": "Dynamic Left Ventricular Outflow Tract Obstruction",
      "properties": {}
    }
  ]
}