{
  "entities": [
    {
      "name": "iron status assessment",
      "type": "monitoring_indicator",
      "properties": {}
    },
    {
      "name": "pediatric heart failure",
      "type": "recipient_characteristic",
      "properties": {}
    },
    {
      "name": "absolute iron deficiency",
      "type": "risk_factor",
      "properties": {}
    },
    {
      "name": "dilated cardiomyopathy-induced heart failure",
      "type": "recipient_characteristic",
      "properties": {}
    },
    {
      "name": "chronic heart failure",
      "type": "recipient_characteristic",
      "properties": {}
    },
    {
      "name": "dilated cardiomyopathy",
      "type": "recipient_characteristic",
      "properties": {}
    },
    {
      "name": "baseline cardiac function",
      "type": "monitoring_indicator",
      "properties": {}
    },
    {
      "name": "hemoglobin level",
      "type": "monitoring_indicator",
      "properties": {}
    },
    {
      "name": "composite adverse events",
      "type": "complication",
      "properties": {}
    },
    {
      "name": "death",
      "type": "complication",
      "properties": {}
    },
    {
      "name": "heart transplant",
      "type": "surgical_procedure",
      "properties": {}
    },
    {
      "name": "ventricular assist device placement",
      "type": "surgical_procedure",
      "properties": {}
    },
    {
      "name": "VAD placement",
      "type": "surgical_procedure",
      "properties": {}
    },
    {
      "name": "transplant registry listing",
      "type": "treatment_regimen",
      "properties": {}
    },
    {
      "name": "transferrin saturation",
      "type": "monitoring_indicator",
      "properties": {}
    },
    {
      "name": "absolute iron deficiency",
      "type": "diagnostic_criteria",
      "properties": {
        "criteria": "transferrin saturations <20%"
      }
    },
    {
      "name": "iron sufficiency",
      "type": "diagnostic_criteria",
      "properties": {
        "criteria": "transferrin saturations >/=30%"
      }
    },
    {
      "name": "indeterminant iron status",
      "type": "diagnostic_criteria",
      "properties": {
        "criteria": "transferrin saturations 20%-29%"
      }
    }
  ],
  "relations": [
    {
      "head": "dilated cardiomyopathy",
      "relation": "causes",
      "tail": "heart failure",
      "properties": {}
    },
    {
      "head": "absolute iron deficiency",
      "relation": "increases_risk",
      "tail": "composite adverse events",
      "properties": {
        "study_type": "retrospective cohort study"
      }
    },
    {
      "head": "transferrin saturation",
      "relation": "diagnostic_basis_for",
      "tail": "absolute iron deficiency",
      "properties": {}
    },
    {
      "head": "transferrin saturation",
      "relation": "diagnostic_basis_for",
      "tail": "iron sufficiency",
      "properties": {}
    },
    {
      "head": "transferrin saturation",
      "relation": "diagnostic_basis_for",
      "tail": "indeterminant iron status",
      "properties": {}
    },
    {
      "head": "death",
      "relation": "part_of",
      "tail": "composite adverse events",
      "properties": {}
    },
    {
      "head": "heart transplant",
      "relation": "part_of",
      "tail": "composite adverse events",
      "properties": {}
    },
    {
      "head": "ventricular assist device placement",
      "relation": "part_of",
      "tail": "composite adverse events",
      "properties": {}
    },
    {
      "head": "VAD placement",
      "relation": "part_of",
      "tail": "composite adverse events",
      "properties": {}
    },
    {
      "head": "transplant registry listing",
      "relation": "part_of",
      "tail": "composite adverse events",
      "properties": {}
    },
    {
      "head": "iron status assessment",
      "relation": "monitors",
      "tail": "pediatric heart failure",
      "properties": {}
    },
    {
      "head": "baseline cardiac function",
      "relation": "monitors",
      "tail": "dilated cardiomyopathy",
      "properties": {}
    },
    {
      "head": "hemoglobin level",
      "relation": "monitors",
      "tail": "dilated cardiomyopathy",
      "properties": {}
    }
  ]
}