{
  "entities": [
    {
      "name": "surgical repair of a penetrating aortic ulcer",
      "type": "surgical_procedure",
      "properties": {}
    },
    {
      "name": "penetrating aortic ulcer",
      "type": "risk_factor",
      "properties": {}
    },
    {
      "name": "distal ascending aorta close to the brachiocephalic trunk",
      "type": "recipient_characteristic",
      "properties": {}
    },
    {
      "name": "supracoronary ascending aortic and hemiarch replacement",
      "type": "surgical_procedure",
      "properties": {}
    },
    {
      "name": "full sternotomy",
      "type": "surgical_procedure",
      "properties": {}
    },
    {
      "name": "moderate hypothermia",
      "type": "treatment_regimen",
      "properties": {}
    },
    {
      "name": "bilateral antegrade cerebral perfusion",
      "type": "surgical_procedure",
      "properties": {}
    }
  ],
  "relations": [
    {
      "head": "penetrating aortic ulcer",
      "relation": "prerequisite_of",
      "tail": "surgical repair of a penetrating aortic ulcer",
      "properties": {}
    },
    {
      "head": "supracoronary ascending aortic and hemiarch replacement",
      "relation": "part_of",
      "tail": "surgical repair of a penetrating aortic ulcer",
      "properties": {}
    },
    {
      "head": "full sternotomy",
      "relation": "precedes",
      "tail": "supracoronary ascending aortic and hemiarch replacement",
      "properties": {}
    },
    {
      "head": "moderate hypothermia",
      "relation": "precedes",
      "tail": "supracoronary ascending aortic and hemiarch replacement",
      "properties": {}
    },
    {
      "head": "bilateral antegrade cerebral perfusion",
      "relation": "part_of",
      "tail": "surgical repair of a penetrating aortic ulcer",
      "properties": {}
    }
  ]
}