{
  "entities": [
    {
      "name": "heart transplantation",
      "type": "surgical_procedure",
      "properties": {}
    },
    {
      "name": "dilated cardiomyopathy",
      "type": "recipient_characteristic",
      "properties": {}
    },
    {
      "name": "mismatched donor-recipient weight",
      "type": "donor_characteristic",
      "properties": {}
    },
    {
      "name": "postoperative nursing care",
      "type": "treatment_regimen",
      "properties": {}
    }
  ],
  "relations": [
    {
      "head": "postoperative nursing care",
      "relation": "part_of",
      "tail": "heart transplantation",
      "properties": {}
    },
    {
      "head": "dilated cardiomyopathy",
      "relation": "prerequisite_of",
      "tail": "heart transplantation",
      "properties": {}
    },
    {
      "head": "mismatched donor-recipient weight",
      "relation": "part_of",
      "tail": "heart transplantation",
      "properties": {}
    }
  ]
}