{
  "entities": [
    {
      "name": "Pachymic acid (PA)",
      "type": "medication",
      "properties": {}
    },
    {
      "name": "ferroptosis",
      "type": "complication",
      "properties": {}
    },
    {
      "name": "cardiomyocytes",
      "type": "recipient_characteristic",
      "properties": {}
    },
    {
      "name": "AMPK",
      "type": "monitoring_indicator",
      "properties": {}
    },
    {
      "name": "ischemia/reperfusion-induced myocardial injury",
      "type": "complication",
      "properties": {}
    },
    {
      "name": "myocardial infarction (MI)",
      "type": "complication",
      "properties": {}
    },
    {
      "name": "oxygen-glucose deprivation and reperfusion (OGD/R)",
      "type": "surgical_procedure",
      "properties": {}
    },
    {
      "name": "HL-1 cardiomyocytes",
      "type": "recipient_characteristic",
      "properties": {}
    },
    {
      "name": "cell viability",
      "type": "monitoring_indicator",
      "properties": {}
    },
    {
      "name": "glutathione peroxide (GSH-Px) activity",
      "type": "monitoring_indicator",
      "properties": {}
    },
    {
      "name": "Fe(2+) concentration",
      "type": "monitoring_indicator",
      "properties": {}
    },
    {
      "name": "lactate dehydrogenase (LDH) activity",
      "type": "monitoring_indicator",
      "properties": {}
    },
    {
      "name": "malondialdehyde (MDA)",
      "type": "monitoring_indicator",
      "properties": {}
    },
    {
      "name": "reactive oxygen species (ROS)",
      "type": "monitoring_indicator",
      "properties": {}
    },
    {
      "name": "ferroptosis marker proteins SLC7A11",
      "type": "monitoring_indicator",
      "properties": {}
    },
    {
      "name": "GPX4",
      "type": "monitoring_indicator",
      "properties": {}
    },
    {
      "name": "phosphorylation of IRS-1",
      "type": "monitoring_indicator",
      "properties": {}
    },
    {
      "name": "AKT",
      "type": "monitoring_indicator",
      "properties": {}
    },
    {
      "name": "AMPK proteins",
      "type": "monitoring_indicator",
      "properties": {}
    }
  ],
  "relations": [
    {
      "head": "Pachymic acid (PA)",
      "relation": "alleviates",
      "tail": "ferroptosis",
      "properties": {}
    },
    {
      "head": "Pachymic acid (PA)",
      "relation": "treats",
      "tail": "ischemia/reperfusion-induced myocardial injury",
      "properties": {}
    },
    {
      "head": "ischemia/reperfusion-induced myocardial injury",
      "relation": "causes",
      "tail": "myocardial infarction (MI)",
      "properties": {}
    },
    {
      "head": "oxygen-glucose deprivation and reperfusion (OGD/R)",
      "relation": "precedes",
      "tail": "decreased cell viability",
      "properties": {}
    },
    {
      "head": "oxygen-glucose deprivation and reperfusion (OGD/R)",
      "relation": "precedes",
      "tail": "decreased glutathione peroxide (GSH-Px) activity",
      "properties": {}
    },
    {
      "head": "oxygen-glucose deprivation and reperfusion (OGD/R)",
      "relation": "precedes",
      "tail": "increased Fe(2+) concentration",
      "properties": {}
    },
    {
      "head": "oxygen-glucose deprivation and reperfusion (OGD/R)",
      "relation": "precedes",
      "tail": "increased lactate dehydrogenase (LDH) activity",
      "properties": {}
    },
    {
      "head": "oxygen-glucose deprivation and reperfusion (OGD/R)",
      "relation": "precedes",
      "tail": "promoted malondialdehyde (MDA) production",
      "properties": {}
    },
    {
      "head": "oxygen-glucose deprivation and reperfusion (OGD/R)",
      "relation": "precedes",
      "tail": "promoted reactive oxygen species (ROS) production",
      "properties": {}
    },
    {
      "head": "oxygen-glucose deprivation and reperfusion (OGD/R)",
      "relation": "precedes",
      "tail": "inhibited expression of ferroptosis marker proteins SLC7A11 and GPX4",
      "properties": {}
    },
    {
      "head": "Pachymic acid (PA)",
      "relation": "alleviates",
      "tail": "OGD/R-induced effects",
      "properties": {}
    },
    {
      "head": "Pachymic acid (PA)",
      "relation": "monitors",
      "tail": "phosphorylation of IRS-1, AKT, and AMPK proteins",
      "properties": {}
    }
  ]
}