{
  "entities": [
    {
      "name": "diazoxide",
      "type": "medication",
      "properties": {}
    },
    {
      "name": "ischemic preconditioning",
      "type": "treatment_regimen",
      "properties": {}
    },
    {
      "name": "cardiac surgery",
      "type": "surgical_procedure",
      "properties": {}
    },
    {
      "name": "adenosine triphosphate-sensitive potassium channel",
      "type": "medical_device",
      "properties": {}
    },
    {
      "name": "Kir1.1",
      "type": "medical_device",
      "properties": {}
    },
    {
      "name": "SUR1",
      "type": "medical_device",
      "properties": {}
    }
  ],
  "relations": [
    {
      "head": "diazoxide",
      "relation": "alleviates",
      "tail": "ischemic preconditioning",
      "properties": {}
    },
    {
      "head": "diazoxide",
      "relation": "treats",
      "tail": "cardiac surgery",
      "properties": {}
    },
    {
      "head": "diazoxide",
      "relation": "part_of",
      "tail": "adenosine triphosphate-sensitive potassium channel",
      "properties": {}
    },
    {
      "head": "Kir1.1",
      "relation": "part_of",
      "tail": "adenosine triphosphate-sensitive potassium channel",
      "properties": {}
    },
    {
      "head": "SUR1",
      "relation": "part_of",
      "tail": "adenosine triphosphate-sensitive potassium channel",
      "properties": {}
    }
  ]
}