{
  "entities": [
    {
      "name": "cytisine",
      "type": "medication",
      "properties": {}
    },
    {
      "name": "varenicline",
      "type": "medication",
      "properties": {}
    },
    {
      "name": "cardiac reperfusion injury",
      "type": "complication",
      "properties": {}
    },
    {
      "name": "myocardial ischemia",
      "type": "risk_factor",
      "properties": {}
    },
    {
      "name": "rat model",
      "type": "diagnostic_criteria",
      "properties": {
        "evidence_strength": "animal_study"
      }
    }
  ],
  "relations": [
    {
      "head": "cytisine",
      "relation": "alleviates",
      "tail": "cardiac reperfusion injury",
      "properties": {}
    },
    {
      "head": "varenicline",
      "relation": "alleviates",
      "tail": "cardiac reperfusion injury",
      "properties": {}
    },
    {
      "head": "myocardial ischemia",
      "relation": "causes",
      "tail": "cardiac reperfusion injury",
      "properties": {}
    },
    {
      "head": "rat model",
      "relation": "diagnostic_basis_for",
      "tail": "myocardial ischemia",
      "properties": {}
    }
  ]
}