{
  "entities": [
    {
      "name": "Myocardial ischemia-reperfusion (I/R)",
      "type": "complication",
      "properties": {
        "description": "An important complication of reperfusion therapy for myocardial infarction, characterized by hyperactive oxidative stress and inflammatory response."
      }
    },
    {
      "name": "Leonurine (4-guanidino-n-butyl syringate, SCM-198)",
      "type": "medication",
      "properties": {
        "description": "An alkaloid extracted from Herba leonuri, previously found to be highly cardioprotective both in vitro and in vivo."
      }
    },
    {
      "name": "Reperfusion therapy",
      "type": "treatment_regimen",
      "properties": {
        "description": "A therapy for myocardial infarction that can lead to myocardial ischemia-reperfusion (I/R) injury as a complication."
      }
    },
    {
      "name": "Myocardial infarction",
      "type": "risk_factor",
      "properties": {}
    },
    {
      "name": "Oxidative stress",
      "type": "risk_factor",
      "properties": {}
    },
    {
      "name": "Inflammatory response",
      "type": "risk_factor",
      "properties": {}
    }
  ],
  "relations": [
    {
      "head": "Reperfusion therapy",
      "relation": "increases_risk",
      "tail": "Myocardial ischemia-reperfusion (I/R)",
      "properties": {}
    },
    {
      "head": "Myocardial infarction",
      "relation": "prerequisite_of",
      "tail": "Reperfusion therapy",
      "properties": {}
    },
    {
      "head": "Myocardial ischemia-reperfusion (I/R)",
      "relation": "characterized_by",
      "tail": "Oxidative stress",
      "properties": {}
    },
    {
      "head": "Myocardial ischemia-reperfusion (I/R)",
      "relation": "characterized_by",
      "tail": "Inflammatory response",
      "properties": {}
    },
    {
      "head": "Leonurine (4-guanidino-n-butyl syringate, SCM-198)",
      "relation": "alleviates",
      "tail": "Myocardial ischemia-reperfusion (I/R)",
      "properties": {
        "evidence": "Previously found to be highly cardioprotective both in vitro and in vivo."
      }
    }
  ]
}