{
  "entities": [
    {
      "name": "donor heart",
      "type": "donor_characteristic",
      "properties": {}
    },
    {
      "name": "cardiac transplantation",
      "type": "surgical_procedure",
      "properties": {}
    },
    {
      "name": "end-stage heart failure",
      "type": "recipient_characteristic",
      "properties": {}
    },
    {
      "name": "expanded criteria donors",
      "type": "donor_characteristic",
      "properties": {}
    },
    {
      "name": "Public Health Service increased risk donors",
      "type": "donor_characteristic",
      "properties": {}
    },
    {
      "name": "hepatitis C donors",
      "type": "donor_characteristic",
      "properties": {}
    },
    {
      "name": "donation after circulatory death donors",
      "type": "donor_characteristic",
      "properties": {}
    }
  ],
  "relations": [
    {
      "head": "shortage of donor hearts",
      "relation": "increases_risk",
      "tail": "longer recipient wait times",
      "properties": {}
    },
    {
      "head": "shortage of donor hearts",
      "relation": "increases_risk",
      "tail": "increased wait list mortality",
      "properties": {}
    },
    {
      "head": "expanded criteria donors",
      "relation": "part_of",
      "tail": "donor heart pool",
      "properties": {}
    },
    {
      "head": "Public Health Service increased risk donors",
      "relation": "part_of",
      "tail": "donor heart pool",
      "properties": {}
    },
    {
      "head": "hepatitis C donors",
      "relation": "part_of",
      "tail": "donor heart pool",
      "properties": {}
    },
    {
      "head": "donation after circulatory death donors",
      "relation": "part_of",
      "tail": "donor heart pool",
      "properties": {}
    }
  ]
}