{
  "entities": [
    {
      "name": "Ischemic cerebrovascular disease",
      "type": "risk_factor",
      "properties": {}
    },
    {
      "name": "heart disease",
      "type": "risk_factor",
      "properties": {}
    },
    {
      "name": "malignant tumors",
      "type": "risk_factor",
      "properties": {}
    },
    {
      "name": "Cerebral ischemia/reperfusion injury",
      "type": "complication",
      "properties": {}
    },
    {
      "name": "seipin",
      "type": "medication",
      "properties": {}
    },
    {
      "name": "Oxygen-glucose deprivation/reoxygenation",
      "type": "diagnostic_criteria",
      "properties": {}
    },
    {
      "name": "middle cerebral artery occlusion",
      "type": "surgical_procedure",
      "properties": {}
    }
  ],
  "relations": [
    {
      "head": "Ischemic cerebrovascular disease",
      "relation": "increases_risk",
      "tail": "Cerebral ischemia/reperfusion injury",
      "properties": {}
    },
    {
      "head": "seipin",
      "relation": "alleviates",
      "tail": "Cerebral ischemia/reperfusion injury",
      "properties": {}
    },
    {
      "head": "Oxygen-glucose deprivation/reoxygenation",
      "relation": "diagnostic_basis_for",
      "tail": "Cerebral ischemia/reperfusion injury",
      "properties": {}
    },
    {
      "head": "middle cerebral artery occlusion",
      "relation": "precedes",
      "tail": "Cerebral ischemia/reperfusion injury",
      "properties": {}
    }
  ]
}