{
  "entities": [
    {
      "name": "Impella 5.5",
      "type": "medical_device",
      "properties": {
        "manufacturer": "Abiomed, Danvers, MA, USA",
        "FDA_approval_duration": "≤14 days"
      }
    },
    {
      "name": "mechanical circulatory support",
      "type": "treatment_regimen",
      "properties": {}
    },
    {
      "name": "prolonged support",
      "type": "treatment_regimen",
      "properties": {
        "duration": ">14 days"
      }
    },
    {
      "name": "device-related complication",
      "type": "complication",
      "properties": {
        "rate": "9.7%"
      }
    },
    {
      "name": "adult patients",
      "type": "recipient_characteristic",
      "properties": {
        "age": "≥18 years old"
      }
    },
    {
      "name": "retrospective review",
      "type": "monitoring_indicator",
      "properties": {
        "study_type": "cohort study",
        "time_period": "May 2020 to April 2023"
      }
    }
  ],
  "relations": [
    {
      "head": "Impella 5.5",
      "relation": "treats",
      "tail": "mechanical circulatory support",
      "properties": {}
    },
    {
      "head": "prolonged support",
      "relation": "monitors",
      "tail": "device-related complication",
      "properties": {
        "p_value": "< 0.001"
      }
    },
    {
      "head": "retrospective review",
      "relation": "monitors",
      "tail": "adult patients",
      "properties": {}
    }
  ]
}