{
  "entities": [
    {
      "name": "Fontan failure",
      "type": "recipient_characteristic",
      "properties": {}
    },
    {
      "name": "heart transplantation",
      "type": "surgical_procedure",
      "properties": {}
    },
    {
      "name": "initial heart failure consultation",
      "type": "monitoring_indicator",
      "properties": {}
    },
    {
      "name": "advanced heart failure care",
      "type": "treatment_regimen",
      "properties": {}
    },
    {
      "name": "survey study",
      "type": "diagnostic_criteria",
      "properties": {
        "evidence_strength": "cohort study"
      }
    }
  ],
  "relations": [
    {
      "head": "Fontan failure",
      "relation": "increases_risk",
      "tail": "heart transplantation",
      "properties": {}
    },
    {
      "head": "initial heart failure consultation",
      "relation": "precedes",
      "tail": "advanced heart failure care",
      "properties": {}
    },
    {
      "head": "survey study",
      "relation": "diagnostic_basis_for",
      "tail": "outcomes following initial heart failure consultation",
      "properties": {}
    }
  ]
}