{
  "entities": [
    {
      "name": "Heart transplantation",
      "type": "surgical_procedure",
      "properties": {}
    },
    {
      "name": "postoperative infection",
      "type": "complication",
      "properties": {}
    },
    {
      "name": "death",
      "type": "complication",
      "properties": {}
    },
    {
      "name": "end-stage heart disease",
      "type": "recipient_characteristic",
      "properties": {}
    },
    {
      "name": "immune rejection",
      "type": "complication",
      "properties": {}
    },
    {
      "name": "immunosuppression regimens",
      "type": "treatment_regimen",
      "properties": {}
    },
    {
      "name": "risk factors",
      "type": "risk_factor",
      "properties": {}
    },
    {
      "name": "basiliximab",
      "type": "medication",
      "properties": {}
    },
    {
      "name": "immunosuppressive agents",
      "type": "medication",
      "properties": {}
    },
    {
      "name": "clinical outcomes",
      "type": "monitoring_indicator",
      "properties": {}
    },
    {
      "name": "logistic regression analysis",
      "type": "diagnostic_criteria",
      "properties": {
        "evidence_strength": "observational_study"
      }
    },
    {
      "name": "cox-proportional hazard regression analysis",
      "type": "diagnostic_criteria",
      "properties": {
        "evidence_strength": "observational_study"
      }
    },
    {
      "name": "odds ratio",
      "type": "monitoring_indicator",
      "properties": {
        "value": "0.07"
      }
    },
    {
      "name": "P-value",
      "type": "monitoring_indicator",
      "properties": {
        "value": ".014"
      }
    }
  ],
  "relations": [
    {
      "head": "Heart transplantation",
      "relation": "treats",
      "tail": "end-stage heart disease",
      "properties": {}
    },
    {
      "head": "postoperative infection",
      "relation": "increases_risk",
      "tail": "death",
      "properties": {}
    },
    {
      "head": "basiliximab",
      "relation": "alleviates",
      "tail": "immune rejection",
      "properties": {}
    },
    {
      "head": "basiliximab",
      "relation": "part_of",
      "tail": "immunosuppression regimens",
      "properties": {}
    },
    {
      "head": "immunosuppressive agents",
      "relation": "precedes",
      "tail": "Heart transplantation",
      "properties": {
        "timing": "postoperatively"
      }
    },
    {
      "head": "clinical outcomes",
      "relation": "monitors",
      "tail": "Heart transplantation",
      "properties": {
        "duration": "6-month follow-up period"
      }
    },
    {
      "head": "logistic regression analysis",
      "relation": "diagnostic_basis_for",
      "tail": "relationship between basiliximab use and clinical outcomes",
      "properties": {}
    },
    {
      "head": "cox-proportional hazard regression analysis",
      "relation": "diagnostic_basis_for",
      "tail": "relationship between basiliximab use and clinical outcomes",
      "properties": {}
    },
    {
      "head": "basiliximab use",
      "relation": "increases_risk",
      "tail": "postoperative infection",
      "properties": {
        "statistical_data": "OR=0.07, P=.014"
      }
    },
    {
      "head": "basiliximab use",
      "relation": "increases_risk",
      "tail": "death",
      "properties": {
        "statistical_data": "OR=0.07, P=.014"
      }
    }
  ]
}