{
  "entities": [
    {
      "name": "heart transplantation",
      "type": "surgical_procedure",
      "properties": {}
    },
    {
      "name": "end-stage heart failure",
      "type": "recipient_characteristic",
      "properties": {}
    },
    {
      "name": "extended criteria donor organs",
      "type": "donor_characteristic",
      "properties": {}
    },
    {
      "name": "Paragonix SherpaPak Cardiac Transport System",
      "type": "medical_device",
      "properties": {}
    },
    {
      "name": "SherpaPak system",
      "type": "medical_device",
      "properties": {}
    },
    {
      "name": "GUARDIAN-Heart Registry",
      "type": "monitoring_indicator",
      "properties": {}
    }
  ],
  "relations": [
    {
      "head": "end-stage heart failure",
      "relation": "prerequisite_of",
      "tail": "heart transplantation",
      "properties": {}
    },
    {
      "head": "extended criteria donor organs",
      "relation": "part_of",
      "tail": "heart transplantation",
      "properties": {}
    },
    {
      "head": "Paragonix SherpaPak Cardiac Transport System",
      "relation": "monitors",
      "tail": "extended criteria donor organs",
      "properties": {}
    },
    {
      "head": "SherpaPak system",
      "relation": "monitors",
      "tail": "recipient outcomes",
      "properties": {}
    },
    {
      "head": "GUARDIAN-Heart Registry",
      "relation": "monitors",
      "tail": "recipient outcomes",
      "properties": {
        "evidence_strength": "registry analysis"
      }
    }
  ]
}