{
  "entities": [
    {
      "name": "NADPH oxidase overexpression",
      "type": "donor_characteristic",
      "properties": {}
    },
    {
      "name": "mitochondrial OxPhos impairment",
      "type": "donor_characteristic",
      "properties": {}
    },
    {
      "name": "human hearts donated after circulatory death",
      "type": "donor_characteristic",
      "properties": {}
    },
    {
      "name": "brain death",
      "type": "donor_characteristic",
      "properties": {}
    },
    {
      "name": "American journal of physiology. Heart and circulatory physiology",
      "type": "monitoring_indicator",
      "properties": {
        "evidence_strength": "journal_article"
      }
    },
    {
      "name": "2024 Mar 1",
      "type": "monitoring_indicator",
      "properties": {
        "publication_date": "2024-03-01"
      }
    }
  ],
  "relations": [
    {
      "head": "human hearts donated after circulatory death",
      "relation": "part_of",
      "tail": "NADPH oxidase overexpression",
      "properties": {
        "comparison": "more profound than brain death"
      }
    },
    {
      "head": "human hearts donated after circulatory death",
      "relation": "part_of",
      "tail": "mitochondrial OxPhos impairment",
      "properties": {
        "comparison": "more profound than brain death"
      }
    }
  ]
}