{
  "entities": [
    {
      "name": "Donor pretreatment",
      "type": "treatment_regimen",
      "properties": {}
    },
    {
      "name": "cardiac allografts",
      "type": "surgical_procedure",
      "properties": {}
    },
    {
      "name": "Transplantation proceedings",
      "type": "monitoring_indicator",
      "properties": {}
    },
    {
      "name": "1979 Jun",
      "type": "monitoring_indicator",
      "properties": {}
    },
    {
      "name": "Nowygrod R",
      "type": "monitoring_indicator",
      "properties": {}
    },
    {
      "name": "Hardy MA",
      "type": "monitoring_indicator",
      "properties": {}
    },
    {
      "name": "Todd GJ",
      "type": "monitoring_indicator",
      "properties": {}
    },
    {
      "name": "Oluwole S",
      "type": "monitoring_indicator",
      "properties": {}
    },
    {
      "name": "Reemtsma K",
      "type": "monitoring_indicator",
      "properties": {}
    }
  ],
  "relations": [
    {
      "head": "Donor pretreatment",
      "relation": "part_of",
      "tail": "cardiac allografts",
      "properties": {}
    }
  ]
}