{
  "entities": [
    {
      "name": "Normothermic Regional Perfusion",
      "type": "surgical_procedure",
      "properties": {}
    },
    {
      "name": "American Society of Transplant Surgeons",
      "type": "medical_device",
      "properties": {}
    },
    {
      "name": "Consensus Statement",
      "type": "diagnostic_criteria",
      "properties": {}
    }
  ],
  "relations": [
    {
      "head": "American Society of Transplant Surgeons",
      "relation": "diagnostic_basis_for",
      "tail": "Normothermic Regional Perfusion",
      "properties": {}
    },
    {
      "head": "Consensus Statement",
      "relation": "part_of",
      "tail": "American Society of Transplant Surgeons",
      "properties": {}
    }
  ]
}