{
  "entities": [
    {
      "name": "beta-adrenergic receptors",
      "type": "monitoring_indicator",
      "properties": {}
    },
    {
      "name": "cardiac tolerance to ischemia/reperfusion",
      "type": "recipient_characteristic",
      "properties": {}
    },
    {
      "name": "beta-adrenergic receptor agonists",
      "type": "medication",
      "properties": {}
    },
    {
      "name": "beta-adrenergic receptor antagonists",
      "type": "medication",
      "properties": {}
    },
    {
      "name": "catecholamines",
      "type": "medication",
      "properties": {}
    },
    {
      "name": "beta-ARs",
      "type": "monitoring_indicator",
      "properties": {}
    }
  ],
  "relations": [
    {
      "head": "beta-adrenergic receptors",
      "relation": "monitors",
      "tail": "cardiac tolerance to ischemia/reperfusion",
      "properties": {}
    },
    {
      "head": "beta-adrenergic receptor agonists",
      "relation": "treats",
      "tail": "cardiac tolerance to ischemia/reperfusion",
      "properties": {}
    },
    {
      "head": "beta-adrenergic receptor antagonists",
      "relation": "treats",
      "tail": "cardiac tolerance to ischemia/reperfusion",
      "properties": {}
    },
    {
      "head": "catecholamines",
      "relation": "part_of",
      "tail": "beta-adrenergic receptors",
      "properties": {}
    }
  ]
}