{
  "entities": [
    {
      "name": "circadian rhythms",
      "type": "risk_factor",
      "properties": {}
    },
    {
      "name": "cardiovascular function",
      "type": "monitoring_indicator",
      "properties": {}
    },
    {
      "name": "disease development",
      "type": "complication",
      "properties": {}
    },
    {
      "name": "genetically modified animals",
      "type": "diagnostic_criteria",
      "properties": {}
    },
    {
      "name": "circadian molecular clock",
      "type": "risk_factor",
      "properties": {}
    },
    {
      "name": "pathogenesis",
      "type": "complication",
      "properties": {}
    },
    {
      "name": "pathophysiology",
      "type": "complication",
      "properties": {}
    },
    {
      "name": "myocardial ischemia",
      "type": "complication",
      "properties": {}
    },
    {
      "name": "heart failure progression",
      "type": "complication",
      "properties": {}
    },
    {
      "name": "translational preclinical studies",
      "type": "diagnostic_criteria",
      "properties": {}
    },
    {
      "name": "heart's circadian biology",
      "type": "monitoring_indicator",
      "properties": {}
    },
    {
      "name": "circadian medicine",
      "type": "treatment_regimen",
      "properties": {}
    },
    {
      "name": "circadian molecular mechanisms",
      "type": "monitoring_indicator",
      "properties": {}
    },
    {
      "name": "novel therapies",
      "type": "treatment_regimen",
      "properties": {}
    },
    {
      "name": "intense light",
      "type": "treatment_regimen",
      "properties": {}
    },
    {
      "name": "small molecule",
      "type": "medication",
      "properties": {}
    }
  ],
  "relations": [
    {
      "head": "circadian rhythms",
      "relation": "increases_risk",
      "tail": "disease development",
      "properties": {}
    },
    {
      "head": "circadian molecular clock",
      "relation": "increases_risk",
      "tail": "pathogenesis",
      "properties": {}
    },
    {
      "head": "circadian molecular clock",
      "relation": "increases_risk",
      "tail": "pathophysiology",
      "properties": {}
    },
    {
      "head": "circadian molecular clock",
      "relation": "increases_risk",
      "tail": "myocardial ischemia",
      "properties": {}
    },
    {
      "head": "circadian molecular clock",
      "relation": "increases_risk",
      "tail": "heart failure progression",
      "properties": {}
    },
    {
      "head": "translational preclinical studies",
      "relation": "precedes",
      "tail": "circadian medicine",
      "properties": {}
    },
    {
      "head": "intense light",
      "relation": "part_of",
      "tail": "novel therapies",
      "properties": {}
    },
    {
      "head": "small molecule",
      "relation": "part_of",
      "tail": "novel therapies",
      "properties": {}
    }
  ]
}