{
  "entities": [
    {
      "name": "Fulminant myocarditis",
      "type": "recipient_characteristic",
      "properties": {}
    },
    {
      "name": "cardiogenic shock",
      "type": "complication",
      "properties": {}
    },
    {
      "name": "myocardial inflammation",
      "type": "recipient_characteristic",
      "properties": {}
    },
    {
      "name": "impairment of cardiac function",
      "type": "complication",
      "properties": {}
    },
    {
      "name": "intensive care units",
      "type": "treatment_regimen",
      "properties": {}
    },
    {
      "name": "temporary mechanical cardiac support",
      "type": "medical_device",
      "properties": {}
    },
    {
      "name": "heart transplantation",
      "type": "surgical_procedure",
      "properties": {}
    },
    {
      "name": "permanent MCS systems",
      "type": "medical_device",
      "properties": {}
    }
  ],
  "relations": [
    {
      "head": "Fulminant myocarditis",
      "relation": "causes",
      "tail": "cardiogenic shock",
      "properties": {}
    },
    {
      "head": "myocardial inflammation",
      "relation": "causes",
      "tail": "impairment of cardiac function",
      "properties": {}
    },
    {
      "head": "temporary mechanical cardiac support",
      "relation": "precedes",
      "tail": "heart transplantation",
      "properties": {}
    },
    {
      "head": "temporary mechanical cardiac support",
      "relation": "treats",
      "tail": "Fulminant myocarditis",
      "properties": {}
    },
    {
      "head": "permanent MCS systems",
      "relation": "treats",
      "tail": "Fulminant myocarditis",
      "properties": {}
    }
  ]
}