{
  "entities": [
    {
      "name": "machine learning algorithm",
      "type": "diagnostic_criteria",
      "properties": {}
    },
    {
      "name": "diagnostic accuracy",
      "type": "monitoring_indicator",
      "properties": {}
    },
    {
      "name": "antibody mediated rejection (AMR-H)",
      "type": "complication",
      "properties": {}
    },
    {
      "name": "cardiac transplant endomyocardial biopsies",
      "type": "monitoring_indicator",
      "properties": {}
    }
  ],
  "relations": [
    {
      "head": "machine learning algorithm",
      "relation": "improves",
      "tail": "diagnostic accuracy",
      "properties": {}
    },
    {
      "head": "diagnostic accuracy",
      "relation": "diagnostic_basis_for",
      "tail": "antibody mediated rejection (AMR-H)",
      "properties": {}
    },
    {
      "head": "cardiac transplant endomyocardial biopsies",
      "relation": "monitors",
      "tail": "antibody mediated rejection (AMR-H)",
      "properties": {}
    }
  ]
}