{
  "entities": [
    {
      "name": "clinical auxiliary heart transplantation",
      "type": "surgical_procedure",
      "properties": {}
    },
    {
      "name": "controlled pacing",
      "type": "treatment_regimen",
      "properties": {}
    },
    {
      "name": "spontaneous beating",
      "type": "treatment_regimen",
      "properties": {}
    },
    {
      "name": "random pacing",
      "type": "treatment_regimen",
      "properties": {}
    },
    {
      "name": "simultaneous pacing",
      "type": "treatment_regimen",
      "properties": {}
    },
    {
      "name": "sequential pacing",
      "type": "treatment_regimen",
      "properties": {}
    },
    {
      "name": "isolated perfused working double rat heart",
      "type": "medical_device",
      "properties": {}
    },
    {
      "name": "peak systolic pressure",
      "type": "monitoring_indicator",
      "properties": {}
    },
    {
      "name": "diastolic pressure",
      "type": "monitoring_indicator",
      "properties": {}
    },
    {
      "name": "combined cardiac output",
      "type": "monitoring_indicator",
      "properties": {}
    },
    {
      "name": "coronary flow",
      "type": "monitoring_indicator",
      "properties": {}
    },
    {
      "name": "oxygen uptake",
      "type": "monitoring_indicator",
      "properties": {}
    },
    {
      "name": "left main coronary artery ligation",
      "type": "risk_factor",
      "properties": {}
    },
    {
      "name": "cardiac output",
      "type": "monitoring_indicator",
      "properties": {
        "statistical_data": "improved from 10 to 30 ml/min (P less than 0.001)"
      }
    },
    {
      "name": "myocardial oxygen consumption",
      "type": "monitoring_indicator",
      "properties": {
        "statistical_data": "increased from 80 to 110 microliters/g/min (P less than 0.05)"
      }
    },
    {
      "name": "diastolic perfusion pressure",
      "type": "monitoring_indicator",
      "properties": {}
    },
    {
      "name": "enzyme release",
      "type": "monitoring_indicator",
      "properties": {}
    },
    {
      "name": "severely depressed hemodynamics",
      "type": "complication",
      "properties": {}
    },
    {
      "name": "diseased recipient heart",
      "type": "recipient_characteristic",
      "properties": {}
    },
    {
      "name": "normal hearts",
      "type": "donor_characteristic",
      "properties": {}
    }
  ],
  "relations": [
    {
      "head": "sequential pacing",
      "relation": "precedes",
      "tail": "clinical auxiliary heart transplantation",
      "properties": {
        "evidence_strength": "experimental study"
      }
    },
    {
      "head": "sequential pacing",
      "relation": "monitors",
      "tail": "peak systolic pressure",
      "properties": {
        "evidence_strength": "experimental study"
      }
    },
    {
      "head": "sequential pacing",
      "relation": "monitors",
      "tail": "diastolic pressure",
      "properties": {
        "evidence_strength": "experimental study"
      }
    },
    {
      "head": "sequential pacing",
      "relation": "monitors",
      "tail": "combined cardiac output",
      "properties": {
        "evidence_strength": "experimental study"
      }
    },
    {
      "head": "simultaneous pacing",
      "relation": "monitors",
      "tail": "coronary flow",
      "properties": {
        "evidence_strength": "experimental study"
      }
    },
    {
      "head": "simultaneous pacing",
      "relation": "monitors",
      "tail": "oxygen uptake",
      "properties": {
        "evidence_strength": "experimental study"
      }
    },
    {
      "head": "left main coronary artery ligation",
      "relation": "causes",
      "tail": "severely depressed hemodynamics",
      "properties": {
        "evidence_strength": "experimental study"
      }
    },
    {
      "head": "sequential pacing",
      "relation": "alleviates",
      "tail": "severely depressed hemodynamics",
      "properties": {
        "evidence_strength": "experimental study"
      }
    },
    {
      "head": "sequential pacing",
      "relation": "monitors",
      "tail": "cardiac output",
      "properties": {
        "evidence_strength": "experimental study",
        "statistical_data": "improved from 10 to 30 ml/min (P less than 0.001)"
      }
    },
    {
      "head": "sequential pacing",
      "relation": "monitors",
      "tail": "myocardial oxygen consumption",
      "properties": {
        "evidence_strength": "experimental study",
        "statistical_data": "increased from 80 to 110 microliters/g/min (P less than 0.05)"
      }
    },
    {
      "head": "diastolic perfusion pressure",
      "relation": "causes",
      "tail": "increased myocardial oxygen consumption",
      "properties": {
        "evidence_strength": "experimental study"
      }
    },
    {
      "head": "sequential pacing",
      "relation": "treats",
      "tail": "diseased recipient heart",
      "properties": {
        "evidence_strength": "experimental study"
      }
    }
  ]
}