{
  "entities": [
    {
      "name": "cold adaptation",
      "type": "treatment_regimen",
      "properties": {}
    },
    {
      "name": "cardiovascular diseases",
      "type": "complication",
      "properties": {}
    },
    {
      "name": "tolerance of the rat heart to ischemia/reperfusion",
      "type": "recipient_characteristic",
      "properties": {}
    },
    {
      "name": "cardioprotective effect",
      "type": "recipient_characteristic",
      "properties": {}
    }
  ],
  "relations": [
    {
      "head": "long-term human stay in the Far North",
      "relation": "increases_risk",
      "tail": "cardiovascular diseases",
      "properties": {}
    },
    {
      "head": "chronic and continuous exposure to cold",
      "relation": "increases_risk",
      "tail": "tolerance of the rat heart to ischemia/reperfusion",
      "properties": {}
    },
    {
      "head": "cold adaptation",
      "relation": "treats",
      "tail": "cardioprotective effect",
      "properties": {}
    }
  ]
}