{
  "entities": [
    {
      "name": "pig-to-baboon heterotopic thoracic cardiac xenotransplantation",
      "type": "surgical_procedure",
      "properties": {}
    },
    {
      "name": "perioperative cardiac xenograft dysfunction",
      "type": "complication",
      "properties": {}
    },
    {
      "name": "cardiac overgrowth",
      "type": "complication",
      "properties": {}
    }
  ],
  "relations": [
    {
      "head": "pig-to-baboon heterotopic thoracic cardiac xenotransplantation",
      "relation": "precedes",
      "tail": "perioperative cardiac xenograft dysfunction",
      "properties": {}
    },
    {
      "head": "pig-to-baboon heterotopic thoracic cardiac xenotransplantation",
      "relation": "precedes",
      "tail": "cardiac overgrowth",
      "properties": {}
    }
  ]
}