{
  "entities": [
    {
      "name": "Ischemia/reperfusion (I/R)",
      "type": "complication",
      "properties": {}
    },
    {
      "name": "G protein-coupled receptors (GPCRs)",
      "type": "monitoring_indicator",
      "properties": {}
    },
    {
      "name": "Orphan GPCRs",
      "type": "monitoring_indicator",
      "properties": {}
    },
    {
      "name": "GPR3",
      "type": "monitoring_indicator",
      "properties": {}
    },
    {
      "name": "GPR4",
      "type": "monitoring_indicator",
      "properties": {}
    },
    {
      "name": "GPR17",
      "type": "monitoring_indicator",
      "properties": {}
    },
    {
      "name": "GPR30",
      "type": "monitoring_indicator",
      "properties": {}
    },
    {
      "name": "apoptosis",
      "type": "complication",
      "properties": {}
    },
    {
      "name": "inflammation",
      "type": "complication",
      "properties": {}
    },
    {
      "name": "autophagy",
      "type": "complication",
      "properties": {}
    }
  ],
  "relations": [
    {
      "head": "Ischemia/reperfusion (I/R)",
      "relation": "causes",
      "tail": "apoptosis",
      "properties": {}
    },
    {
      "head": "Ischemia/reperfusion (I/R)",
      "relation": "causes",
      "tail": "inflammation",
      "properties": {}
    },
    {
      "head": "Ischemia/reperfusion (I/R)",
      "relation": "causes",
      "tail": "autophagy",
      "properties": {}
    },
    {
      "head": "Orphan GPCRs",
      "relation": "monitors",
      "tail": "Ischemia/reperfusion (I/R)",
      "properties": {}
    },
    {
      "head": "Orphan GPCRs",
      "relation": "monitors",
      "tail": "apoptosis",
      "properties": {}
    },
    {
      "head": "Orphan GPCRs",
      "relation": "monitors",
      "tail": "inflammation",
      "properties": {}
    },
    {
      "head": "Orphan GPCRs",
      "relation": "monitors",
      "tail": "autophagy",
      "properties": {}
    }
  ]
}