{
  "entities": [
    {
      "name": "coronary artery bypass graft (CABG) surgery",
      "type": "surgical_procedure",
      "properties": {}
    },
    {
      "name": "off-pump CABG",
      "type": "surgical_procedure",
      "properties": {}
    },
    {
      "name": "on-pump CABG",
      "type": "surgical_procedure",
      "properties": {}
    },
    {
      "name": "smoking",
      "type": "risk_factor",
      "properties": {}
    },
    {
      "name": "hypertension",
      "type": "risk_factor",
      "properties": {}
    },
    {
      "name": "hyperlipidemia",
      "type": "risk_factor",
      "properties": {}
    },
    {
      "name": "neurological deficits",
      "type": "complication",
      "properties": {}
    },
    {
      "name": "low output syndrome",
      "type": "complication",
      "properties": {}
    },
    {
      "name": "failure of weaning from cardiopulmonary bypass (CPB)",
      "type": "complication",
      "properties": {}
    },
    {
      "name": "sudden cardiac arrest",
      "type": "complication",
      "properties": {}
    },
    {
      "name": "mechanical ventilation",
      "type": "medical_device",
      "properties": {}
    },
    {
      "name": "intensive care unit (ICU) stay",
      "type": "monitoring_indicator",
      "properties": {}
    },
    {
      "name": "total hospital stay",
      "type": "monitoring_indicator",
      "properties": {}
    },
    {
      "name": "mortality",
      "type": "monitoring_indicator",
      "properties": {}
    },
    {
      "name": "age",
      "type": "recipient_characteristic",
      "properties": {}
    },
    {
      "name": "ischemic heart disease",
      "type": "recipient_characteristic",
      "properties": {}
    },
    {
      "name": "observational study",
      "type": "diagnostic_criteria",
      "properties": {
        "evidence_strength": "observational study"
      }
    }
  ],
  "relations": [
    {
      "head": "off-pump CABG",
      "relation": "precedes",
      "tail": "grafting time",
      "properties": {}
    },
    {
      "head": "on-pump CABG",
      "relation": "precedes",
      "tail": "total operative time",
      "properties": {}
    },
    {
      "head": "on-pump CABG",
      "relation": "increases_risk",
      "tail": "neurological deficits",
      "properties": {}
    },
    {
      "head": "on-pump CABG",
      "relation": "increases_risk",
      "tail": "mechanical ventilation",
      "properties": {}
    },
    {
      "head": "on-pump CABG",
      "relation": "increases_risk",
      "tail": "intensive care unit (ICU) stay",
      "properties": {}
    },
    {
      "head": "on-pump CABG",
      "relation": "increases_risk",
      "tail": "total hospital stay",
      "properties": {}
    },
    {
      "head": "on-pump CABG",
      "relation": "increases_risk",
      "tail": "mortality",
      "properties": {}
    },
    {
      "head": "low output syndrome",
      "relation": "causes",
      "tail": "mortality",
      "properties": {}
    },
    {
      "head": "failure of weaning from cardiopulmonary bypass (CPB)",
      "relation": "causes",
      "tail": "mortality",
      "properties": {}
    },
    {
      "head": "sudden cardiac arrest",
      "relation": "causes",
      "tail": "mortality",
      "properties": {}
    },
    {
      "head": "observational study",
      "relation": "diagnostic_basis_for",
      "tail": "pathological outcome of cardiopulmonary bypass",
      "properties": {}
    }
  ]
}