{
  "entities": [
    {
      "name": "Kawasaki disease",
      "type": "diagnostic_criteria",
      "properties": {}
    },
    {
      "name": "vasculitis syndrome",
      "type": "diagnostic_criteria",
      "properties": {}
    },
    {
      "name": "fever",
      "type": "diagnostic_criteria",
      "properties": {}
    },
    {
      "name": "rash",
      "type": "diagnostic_criteria",
      "properties": {}
    },
    {
      "name": "cervical lymphadenopathy",
      "type": "diagnostic_criteria",
      "properties": {}
    },
    {
      "name": "conjunctivitis",
      "type": "diagnostic_criteria",
      "properties": {}
    },
    {
      "name": "mucosal changes",
      "type": "diagnostic_criteria",
      "properties": {}
    },
    {
      "name": "coronary artery aneurysms",
      "type": "complication",
      "properties": {}
    },
    {
      "name": "myocarditis",
      "type": "complication",
      "properties": {}
    },
    {
      "name": "myocardial infarction",
      "type": "complication",
      "properties": {}
    },
    {
      "name": "sudden cardiac death",
      "type": "complication",
      "properties": {}
    },
    {
      "name": "reduced organ perfusion",
      "type": "complication",
      "properties": {}
    },
    {
      "name": "systolic hypotension",
      "type": "complication",
      "properties": {}
    },
    {
      "name": "Kawasaki disease shock syndrome",
      "type": "complication",
      "properties": {}
    },
    {
      "name": "shock",
      "type": "complication",
      "properties": {}
    },
    {
      "name": "hypotension",
      "type": "complication",
      "properties": {}
    },
    {
      "name": "tachycardia",
      "type": "complication",
      "properties": {}
    },
    {
      "name": "elevated inflammatory markers",
      "type": "monitoring_indicator",
      "properties": {}
    },
    {
      "name": "hypoalbuminemia",
      "type": "monitoring_indicator",
      "properties": {}
    },
    {
      "name": "sterile pyuria",
      "type": "monitoring_indicator",
      "properties": {}
    },
    {
      "name": "intravenous cefotaxime",
      "type": "medication",
      "properties": {}
    },
    {
      "name": "vancomycin",
      "type": "medication",
      "properties": {}
    },
    {
      "name": "toxic shock syndrome",
      "type": "diagnostic_criteria",
      "properties": {}
    },
    {
      "name": "chest computerized tomography",
      "type": "medical_device",
      "properties": {}
    },
    {
      "name": "ultrasound",
      "type": "medical_device",
      "properties": {}
    },
    {
      "name": "pulmonary consolidation",
      "type": "complication",
      "properties": {}
    },
    {
      "name": "polyserous effusion",
      "type": "complication",
      "properties": {}
    },
    {
      "name": "echocardiography",
      "type": "medical_device",
      "properties": {}
    },
    {
      "name": "mild biatrial dilatation",
      "type": "complication",
      "properties": {}
    },
    {
      "name": "mild valvular regurgitation",
      "type": "complication",
      "properties": {}
    },
    {
      "name": "preserved left ventricular function",
      "type": "monitoring_indicator",
      "properties": {}
    },
    {
      "name": "coronary artery lesions",
      "type": "complication",
      "properties": {}
    }
  ],
  "relations": [
    {
      "head": "Kawasaki disease",
      "relation": "causes",
      "tail": "coronary artery aneurysms",
      "properties": {}
    },
    {
      "head": "Kawasaki disease",
      "relation": "causes",
      "tail": "myocarditis",
      "properties": {}
    },
    {
      "head": "Kawasaki disease",
      "relation": "causes",
      "tail": "myocardial infarction",
      "properties": {}
    },
    {
      "head": "Kawasaki disease",
      "relation": "causes",
      "tail": "sudden cardiac death",
      "properties": {}
    },
    {
      "head": "Kawasaki disease",
      "relation": "causes",
      "tail": "reduced organ perfusion",
      "properties": {}
    },
    {
      "head": "Kawasaki disease",
      "relation": "causes",
      "tail": "systolic hypotension",
      "properties": {}
    },
    {
      "head": "Kawasaki disease",
      "relation": "causes",
      "tail": "Kawasaki disease shock syndrome",
      "properties": {}
    },
    {
      "head": "Kawasaki disease shock syndrome",
      "relation": "part_of",
      "tail": "shock",
      "properties": {}
    },
    {
      "head": "shock",
      "relation": "part_of",
      "tail": "hypotension",
      "properties": {}
    },
    {
      "head": "shock",
      "relation": "part_of",
      "tail": "tachycardia",
      "properties": {}
    },
    {
      "head": "intravenous cefotaxime",
      "relation": "treats",
      "tail": "toxic shock syndrome",
      "properties": {}
    },
    {
      "head": "vancomycin",
      "relation": "treats",
      "tail": "toxic shock syndrome",
      "properties": {}
    },
    {
      "head": "chest computerized tomography",
      "relation": "monitors",
      "tail": "pulmonary consolidation",
      "properties": {}
    },
    {
      "head": "chest computerized tomography",
      "relation": "monitors",
      "tail": "polyserous effusion",
      "properties": {}
    },
    {
      "head": "ultrasound",
      "relation": "monitors",
      "tail": "pulmonary consolidation",
      "properties": {}
    },
    {
      "head": "ultrasound",
      "relation": "monitors",
      "tail": "polyserous effusion",
      "properties": {}
    },
    {
      "head": "echocardiography",
      "relation": "monitors",
      "tail": "mild biatrial dilatation",
      "properties": {}
    },
    {
      "head": "echocardiography",
      "relation": "monitors",
      "tail": "mild valvular regurgitation",
      "properties": {}
    },
    {
      "head": "echocardiography",
      "relation": "monitors",
      "tail": "preserved left ventricular function",
      "properties": {}
    },
    {
      "head": "treatment",
      "relation": "alleviates",
      "tail": "coronary artery lesions",
      "properties": {}
    }
  ]
}