{
  "entities": [
    {
      "name": "Transient Inhibition of Translation",
      "type": "treatment_regimen",
      "properties": {}
    },
    {
      "name": "Cardiac Function",
      "type": "monitoring_indicator",
      "properties": {}
    },
    {
      "name": "Ischemia/Reperfusion",
      "type": "risk_factor",
      "properties": {}
    },
    {
      "name": "Inflammatory Response",
      "type": "complication",
      "properties": {}
    }
  ],
  "relations": [
    {
      "head": "Transient Inhibition of Translation",
      "relation": "alleviates",
      "tail": "Inflammatory Response",
      "properties": {}
    },
    {
      "head": "Transient Inhibition of Translation",
      "relation": "improves",
      "tail": "Cardiac Function",
      "properties": {}
    },
    {
      "head": "Ischemia/Reperfusion",
      "relation": "increases_risk",
      "tail": "Inflammatory Response",
      "properties": {}
    }
  ]
}