{
  "entities": [
    {
      "name": "propofol",
      "type": "medication",
      "properties": {}
    },
    {
      "name": "ferroptosis",
      "type": "complication",
      "properties": {}
    },
    {
      "name": "myocardial ischemia-reperfusion injury",
      "type": "complication",
      "properties": {}
    },
    {
      "name": "SLC16A13",
      "type": "monitoring_indicator",
      "properties": {}
    },
    {
      "name": "AMPK",
      "type": "monitoring_indicator",
      "properties": {}
    },
    {
      "name": "GPX4",
      "type": "monitoring_indicator",
      "properties": {}
    },
    {
      "name": "in vivo animal experiments",
      "type": "diagnostic_criteria",
      "properties": {
        "evidence_strength": "animal study"
      }
    }
  ],
  "relations": [
    {
      "head": "propofol",
      "relation": "alleviates",
      "tail": "myocardial ischemia-reperfusion injury",
      "properties": {}
    },
    {
      "head": "propofol",
      "relation": "inhibits",
      "tail": "ferroptosis",
      "properties": {}
    },
    {
      "head": "SLC16A13",
      "relation": "part_of",
      "tail": "SLC16A13-AMPK-GPX4 pathway",
      "properties": {}
    },
    {
      "head": "AMPK",
      "relation": "part_of",
      "tail": "SLC16A13-AMPK-GPX4 pathway",
      "properties": {}
    },
    {
      "head": "GPX4",
      "relation": "part_of",
      "tail": "SLC16A13-AMPK-GPX4 pathway",
      "properties": {}
    },
    {
      "head": "propofol pretreatment",
      "relation": "inhibits",
      "tail": "ferroptosis",
      "properties": {}
    },
    {
      "head": "propofol pretreatment",
      "relation": "alleviates",
      "tail": "myocardial ischemia-reperfusion injury",
      "properties": {}
    },
    {
      "head": "in vivo animal experiments",
      "relation": "diagnostic_basis_for",
      "tail": "protective effects of propofol",
      "properties": {}
    }
  ]
}