{
  "entities": [
    {
      "name": "heart transplantation",
      "type": "surgical_procedure",
      "properties": {}
    },
    {
      "name": "severe heart failure",
      "type": "recipient_characteristic",
      "properties": {}
    },
    {
      "name": "graft preservation",
      "type": "treatment_regimen",
      "properties": {}
    },
    {
      "name": "infectious risk",
      "type": "risk_factor",
      "properties": {}
    },
    {
      "name": "immunosuppressive drugs",
      "type": "medication",
      "properties": {}
    },
    {
      "name": "nutritional advice",
      "type": "treatment_regimen",
      "properties": {}
    },
    {
      "name": "discharge from the hospital",
      "type": "monitoring_indicator",
      "properties": {}
    }
  ],
  "relations": [
    {
      "head": "heart transplantation",
      "relation": "treats",
      "tail": "severe heart failure",
      "properties": {}
    },
    {
      "head": "immunosuppressive drugs",
      "relation": "increases_risk",
      "tail": "infectious risk",
      "properties": {}
    },
    {
      "head": "nutritional advice",
      "relation": "precedes",
      "tail": "discharge from the hospital",
      "properties": {}
    },
    {
      "head": "nutritional advice",
      "relation": "alleviates",
      "tail": "infectious risk",
      "properties": {}
    },
    {
      "head": "nutritional advice",
      "relation": "part_of",
      "tail": "graft preservation",
      "properties": {}
    }
  ]
}