{
  "entities": [
    {
      "name": "del Nido cardioplegia solution",
      "type": "medical_device",
      "properties": {}
    },
    {
      "name": "myocardial protection",
      "type": "treatment_regimen",
      "properties": {}
    },
    {
      "name": "adult cardiac surgery",
      "type": "surgical_procedure",
      "properties": {}
    },
    {
      "name": "Plasma Lyte A",
      "type": "medical_device",
      "properties": {}
    },
    {
      "name": "coronary artery bypass grafting (CABG)",
      "type": "surgical_procedure",
      "properties": {}
    },
    {
      "name": "randomized double-blind clinical trial",
      "type": "diagnostic_criteria",
      "properties": {
        "evidence_strength": "RCT"
      }
    }
  ],
  "relations": [
    {
      "head": "del Nido cardioplegia solution",
      "relation": "treats",
      "tail": "myocardial protection",
      "properties": {}
    },
    {
      "head": "randomized double-blind clinical trial",
      "relation": "diagnostic_basis_for",
      "tail": "del Nido cardioplegia solution",
      "properties": {
        "evidence_strength": "RCT"
      }
    }
  ]
}