{
  "entities": [
    {
      "name": "Heart transplant",
      "type": "surgical_procedure",
      "properties": {}
    },
    {
      "name": "cancer",
      "type": "complication",
      "properties": {}
    },
    {
      "name": "Patients who underwent HTx between 1985 and 2017",
      "type": "recipient_characteristic",
      "properties": {
        "study_type": "cohort study"
      }
    }
  ],
  "relations": [
    {
      "head": "Heart transplant",
      "relation": "increases_risk",
      "tail": "cancer",
      "properties": {
        "evidence_strength": "cohort study"
      }
    }
  ]
}