{
  "entities": [
    {
      "name": "heart transplantation",
      "type": "surgical_procedure",
      "properties": {}
    },
    {
      "name": "immunosuppressive trough levels (C0)",
      "type": "monitoring_indicator",
      "properties": {}
    },
    {
      "name": "urinary tract infections (UTIs)",
      "type": "complication",
      "properties": {}
    },
    {
      "name": "bacterial pulmonary infection",
      "type": "complication",
      "properties": {}
    },
    {
      "name": "new or deteriorating pulmonary infiltrates",
      "type": "diagnostic_criteria",
      "properties": {}
    },
    {
      "name": "development of organisms in cultures of sputum specimens",
      "type": "diagnostic_criteria",
      "properties": {}
    },
    {
      "name": "related signs",
      "type": "diagnostic_criteria",
      "properties": {}
    },
    {
      "name": "pyuria",
      "type": "diagnostic_criteria",
      "properties": {}
    },
    {
      "name": "positive urine culture",
      "type": "diagnostic_criteria",
      "properties": {}
    },
    {
      "name": "0.07 episodes/1000 regarding heart transplantation days",
      "type": "risk_factor",
      "properties": {
        "statistical_data": "incidence rate"
      }
    },
    {
      "name": "eightfold increase in the rate of rejection",
      "type": "risk_factor",
      "properties": {
        "statistical_data": "odds ratio: 8x"
      }
    },
    {
      "name": "higher variability in tacrolimus C0",
      "type": "risk_factor",
      "properties": {}
    },
    {
      "name": "low metabolism of immunosuppressive drugs",
      "type": "recipient_characteristic",
      "properties": {}
    },
    {
      "name": "herpes viruses",
      "type": "risk_factor",
      "properties": {}
    },
    {
      "name": "Escherichia coli",
      "type": "risk_factor",
      "properties": {}
    },
    {
      "name": "Enterococcus spp.",
      "type": "risk_factor",
      "properties": {}
    },
    {
      "name": "Pseudomonas aeruginosa",
      "type": "risk_factor",
      "properties": {}
    },
    {
      "name": "Staphylococcus saprophyticus",
      "type": "risk_factor",
      "properties": {}
    },
    {
      "name": "tacrolimus",
      "type": "medication",
      "properties": {}
    },
    {
      "name": "immunosuppressive drugs",
      "type": "medication",
      "properties": {}
    }
  ],
  "relations": [
    {
      "head": "new or deteriorating pulmonary infiltrates",
      "relation": "diagnostic_basis_for",
      "tail": "bacterial pulmonary infection",
      "properties": {}
    },
    {
      "head": "development of organisms in cultures of sputum specimens",
      "relation": "diagnostic_basis_for",
      "tail": "bacterial pulmonary infection",
      "properties": {}
    },
    {
      "head": "related signs",
      "relation": "diagnostic_basis_for",
      "tail": "urinary tract infections (UTIs)",
      "properties": {}
    },
    {
      "head": "pyuria",
      "relation": "diagnostic_basis_for",
      "tail": "urinary tract infections (UTIs)",
      "properties": {}
    },
    {
      "head": "positive urine culture",
      "relation": "diagnostic_basis_for",
      "tail": "urinary tract infections (UTIs)",
      "properties": {}
    },
    {
      "head": "higher variability in tacrolimus C0",
      "relation": "increases_risk",
      "tail": "eightfold increase in the rate of rejection",
      "properties": {
        "statistical_data": "odds ratio: 8x"
      }
    },
    {
      "head": "low metabolism of immunosuppressive drugs",
      "relation": "increases_risk",
      "tail": "infectious complications",
      "properties": {}
    },
    {
      "head": "immunosuppressive trough levels (C0)",
      "relation": "monitors",
      "tail": "immunosuppressive drugs",
      "properties": {}
    },
    {
      "head": "Escherichia coli",
      "relation": "causes",
      "tail": "urinary tract infections (UTIs)",
      "properties": {}
    },
    {
      "head": "Enterococcus spp.",
      "relation": "causes",
      "tail": "urinary tract infections (UTIs)",
      "properties": {}
    },
    {
      "head": "Pseudomonas aeruginosa",
      "relation": "causes",
      "tail": "urinary tract infections (UTIs)",
      "properties": {}
    },
    {
      "head": "Staphylococcus saprophyticus",
      "relation": "causes",
      "tail": "urinary tract infections (UTIs)",
      "properties": {}
    },
    {
      "head": "heart transplantation",
      "relation": "precedes",
      "tail": "urinary tract infections (UTIs)",
      "properties": {}
    },
    {
      "head": "heart transplantation",
      "relation": "precedes",
      "tail": "bacterial pulmonary infection",
      "properties": {}
    }
  ]
}