{
  "entities": [
    {
      "name": "congenital heart surgery",
      "type": "surgical_procedure",
      "properties": {}
    },
    {
      "name": "pediatric perfusion",
      "type": "surgical_procedure",
      "properties": {}
    },
    {
      "name": "Japan",
      "type": "recipient_characteristic",
      "properties": {}
    },
    {
      "name": "Vietnam",
      "type": "recipient_characteristic",
      "properties": {}
    },
    {
      "name": "declining birth rate",
      "type": "risk_factor",
      "properties": {}
    },
    {
      "name": "aging population",
      "type": "risk_factor",
      "properties": {}
    },
    {
      "name": "medical education support",
      "type": "treatment_regimen",
      "properties": {}
    }
  ],
  "relations": [
    {
      "head": "medical education support",
      "relation": "precedes",
      "tail": "rapid growth and development of congenital heart surgery in Vietnam",
      "properties": {}
    },
    {
      "head": "Japan",
      "relation": "part_of",
      "tail": "current congenital heart surgery and pediatric perfusion practices",
      "properties": {}
    },
    {
      "head": "Vietnam",
      "relation": "part_of",
      "tail": "current congenital heart surgery and pediatric perfusion practices",
      "properties": {}
    }
  ]
}