{
  "entities": [
    {
      "name": "Preservation Solution",
      "type": "medical_device",
      "properties": {}
    },
    {
      "name": "Human Aneurysmatic Aorta Harvest",
      "type": "surgical_procedure",
      "properties": {}
    },
    {
      "name": "Transport",
      "type": "surgical_procedure",
      "properties": {}
    },
    {
      "name": "Tissue Injury Protection",
      "type": "treatment_regimen",
      "properties": {}
    },
    {
      "name": "Comparative Analysis",
      "type": "monitoring_indicator",
      "properties": {
        "evidence_strength": "cohort study"
      }
    }
  ],
  "relations": [
    {
      "head": "Preservation Solution",
      "relation": "part_of",
      "tail": "Human Aneurysmatic Aorta Harvest",
      "properties": {}
    },
    {
      "head": "Preservation Solution",
      "relation": "part_of",
      "tail": "Transport",
      "properties": {}
    },
    {
      "head": "Comparative Analysis",
      "relation": "monitors",
      "tail": "Tissue Injury Protection",
      "properties": {}
    }
  ]
}