{
  "entities": [
    {
      "name": "cardiac resynchronisation therapy",
      "type": "treatment_regimen",
      "properties": {}
    },
    {
      "name": "cardiac sarcoidosis",
      "type": "recipient_characteristic",
      "properties": {}
    },
    {
      "name": "ischaemic cardiomyopathy",
      "type": "recipient_characteristic",
      "properties": {}
    }
  ],
  "relations": [
    {
      "head": "cardiac resynchronisation therapy",
      "relation": "monitors",
      "tail": "cardiac sarcoidosis",
      "properties": {
        "evidence_strength": "comparison study"
      }
    },
    {
      "head": "cardiac resynchronisation therapy",
      "relation": "monitors",
      "tail": "ischaemic cardiomyopathy",
      "properties": {
        "evidence_strength": "comparison study"
      }
    }
  ]
}