{
  "entities": [
    {
      "name": "heart transplant",
      "type": "surgical_procedure",
      "properties": {}
    },
    {
      "name": "left superior vena cava",
      "type": "recipient_characteristic",
      "properties": {}
    },
    {
      "name": "surgical technique",
      "type": "surgical_procedure",
      "properties": {}
    }
  ],
  "relations": [
    {
      "head": "surgical technique",
      "relation": "part_of",
      "tail": "heart transplant",
      "properties": {}
    },
    {
      "head": "heart transplant",
      "relation": "precedes",
      "tail": "left superior vena cava",
      "properties": {}
    },
    {
      "head": "left superior vena cava",
      "relation": "prerequisite_of",
      "tail": "surgical technique",
      "properties": {}
    }
  ]
}