{
  "entities": [
    {
      "name": "extended normothermic ex situ heart perfusion",
      "type": "surgical_procedure",
      "properties": {}
    },
    {
      "name": "marginal porcine hearts",
      "type": "donor_characteristic",
      "properties": {}
    },
    {
      "name": "novel cardioprotective perfusion protocol",
      "type": "treatment_regimen",
      "properties": {}
    },
    {
      "name": "functional decline",
      "type": "complication",
      "properties": {}
    }
  ],
  "relations": [
    {
      "head": "novel cardioprotective perfusion protocol",
      "relation": "prevents",
      "tail": "functional decline",
      "properties": {}
    },
    {
      "head": "extended normothermic ex situ heart perfusion",
      "relation": "precedes",
      "tail": "functional decline",
      "properties": {}
    },
    {
      "head": "marginal porcine hearts",
      "relation": "part_of",
      "tail": "extended normothermic ex situ heart perfusion",
      "properties": {}
    }
  ]
}