{
  "entities": [
    {
      "name": "human engineered cardiac tissues",
      "type": "medical_device",
      "properties": {}
    },
    {
      "name": "vascularization",
      "type": "monitoring_indicator",
      "properties": {}
    },
    {
      "name": "in vivo functionality",
      "type": "monitoring_indicator",
      "properties": {}
    },
    {
      "name": "cardiopatches",
      "type": "medical_device",
      "properties": {}
    },
    {
      "name": "human induced pluripotent stem cell-derived cardiomyocytes",
      "type": "donor_characteristic",
      "properties": {}
    },
    {
      "name": "endothelial cells",
      "type": "donor_characteristic",
      "properties": {}
    },
    {
      "name": "serum-free media",
      "type": "treatment_regimen",
      "properties": {}
    },
    {
      "name": "capillary networks",
      "type": "monitoring_indicator",
      "properties": {}
    },
    {
      "name": "contractile stress",
      "type": "monitoring_indicator",
      "properties": {}
    },
    {
      "name": "conduction velocity",
      "type": "monitoring_indicator",
      "properties": {}
    },
    {
      "name": "dorsal-skinfold chambers",
      "type": "medical_device",
      "properties": {}
    },
    {
      "name": "immunocompromised mice",
      "type": "recipient_characteristic",
      "properties": {}
    }
  ],
  "relations": [
    {
      "head": "vascularization",
      "relation": "monitors",
      "tail": "in vivo functionality",
      "properties": {}
    },
    {
      "head": "human induced pluripotent stem cell-derived cardiomyocytes",
      "relation": "part_of",
      "tail": "cardiopatches",
      "properties": {}
    },
    {
      "head": "endothelial cells",
      "relation": "part_of",
      "tail": "cardiopatches",
      "properties": {}
    },
    {
      "head": "serum-free media",
      "relation": "prerequisite_of",
      "tail": "cardiopatches",
      "properties": {}
    },
    {
      "head": "capillary networks",
      "relation": "monitors",
      "tail": "cardiopatches",
      "properties": {}
    },
    {
      "head": "contractile stress",
      "relation": "monitors",
      "tail": "cardiopatches",
      "properties": {}
    },
    {
      "head": "conduction velocity",
      "relation": "monitors",
      "tail": "cardiopatches",
      "properties": {}
    },
    {
      "head": "dorsal-skinfold chambers",
      "relation": "monitors",
      "tail": "cardiopatches",
      "properties": {}
    },
    {
      "head": "immunocompromised mice",
      "relation": "prerequisite_of",
      "tail": "implantation",
      "properties": {}
    }
  ]
}