{
  "entities": [
    {
      "name": "heart transplant",
      "type": "surgical_procedure",
      "properties": {}
    },
    {
      "name": "cardiac allograft vasculopathy",
      "type": "complication",
      "properties": {}
    },
    {
      "name": "invasive coronary angiography",
      "type": "diagnostic_criteria",
      "properties": {}
    },
    {
      "name": "Murray's law-based quantitative flow ratio (muFR)",
      "type": "monitoring_indicator",
      "properties": {}
    },
    {
      "name": "angiography microvascular resistance (AMR)",
      "type": "monitoring_indicator",
      "properties": {}
    },
    {
      "name": "epicardial lesions",
      "type": "complication",
      "properties": {}
    },
    {
      "name": "microvascular physiology",
      "type": "monitoring_indicator",
      "properties": {}
    }
  ],
  "relations": [
    {
      "head": "invasive coronary angiography",
      "relation": "diagnostic_basis_for",
      "tail": "cardiac allograft vasculopathy",
      "properties": {}
    },
    {
      "head": "Murray's law-based quantitative flow ratio (muFR)",
      "relation": "monitors",
      "tail": "epicardial lesions",
      "properties": {}
    },
    {
      "head": "angiography microvascular resistance (AMR)",
      "relation": "monitors",
      "tail": "microvascular physiology",
      "properties": {}
    }
  ]
}