{
  "entities": [
    {
      "name": "venoarterial extracorporeal membrane oxygenation (V-A ECMO) support",
      "type": "medical_device",
      "properties": {}
    },
    {
      "name": "cannulation strategies",
      "type": "surgical_procedure",
      "properties": {}
    },
    {
      "name": "central V-A ECMO",
      "type": "surgical_procedure",
      "properties": {}
    },
    {
      "name": "peripheral approach",
      "type": "surgical_procedure",
      "properties": {}
    },
    {
      "name": "cannulation configuration",
      "type": "surgical_procedure",
      "properties": {}
    },
    {
      "name": "cannulation site strategies",
      "type": "surgical_procedure",
      "properties": {}
    },
    {
      "name": "intra-aortic balloon pump (IABP)",
      "type": "medical_device",
      "properties": {}
    },
    {
      "name": "V-A ECMO circulatory support modalities",
      "type": "medical_device",
      "properties": {}
    },
    {
      "name": "patients' improvement",
      "type": "monitoring_indicator",
      "properties": {}
    }
  ],
  "relations": [
    {
      "head": "central V-A ECMO",
      "relation": "part_of",
      "tail": "cannulation strategies",
      "properties": {}
    },
    {
      "head": "peripheral approach",
      "relation": "part_of",
      "tail": "cannulation strategies",
      "properties": {}
    },
    {
      "head": "cannulation site strategies",
      "relation": "precedes",
      "tail": "V-A ECMO circulatory support modalities",
      "properties": {}
    },
    {
      "head": "intra-aortic balloon pump (IABP)",
      "relation": "part_of",
      "tail": "V-A ECMO circulatory support modalities",
      "properties": {}
    },
    {
      "head": "V-A ECMO circulatory support modalities",
      "relation": "monitors",
      "tail": "patients' improvement",
      "properties": {}
    }
  ]
}