{
  "entities": [
    {
      "name": "Aerobic exercise training",
      "type": "treatment_regimen",
      "properties": {}
    },
    {
      "name": "ischemia-reperfusion injury",
      "type": "complication",
      "properties": {}
    },
    {
      "name": "mice",
      "type": "recipient_characteristic",
      "properties": {}
    },
    {
      "name": "methylation level",
      "type": "monitoring_indicator",
      "properties": {}
    },
    {
      "name": "METTL3-associated m6A RNA",
      "type": "monitoring_indicator",
      "properties": {}
    },
    {
      "name": "cardiomyocytes",
      "type": "recipient_characteristic",
      "properties": {}
    }
  ],
  "relations": [
    {
      "head": "Aerobic exercise training",
      "relation": "alleviates",
      "tail": "ischemia-reperfusion injury",
      "properties": {}
    },
    {
      "head": "Aerobic exercise training",
      "relation": "monitors",
      "tail": "methylation level",
      "properties": {}
    },
    {
      "head": "methylation level",
      "relation": "part_of",
      "tail": "METTL3-associated m6A RNA",
      "properties": {}
    },
    {
      "head": "METTL3-associated m6A RNA",
      "relation": "part_of",
      "tail": "cardiomyocytes",
      "properties": {}
    }
  ]
}