{
  "entities": [
    {
      "name": "arterial switch operation",
      "type": "surgical_procedure",
      "properties": {}
    },
    {
      "name": "myocardial protection",
      "type": "surgical_procedure",
      "properties": {}
    },
    {
      "name": "neonates",
      "type": "recipient_characteristic",
      "properties": {}
    },
    {
      "name": "antegrade Custodiol(R)",
      "type": "treatment_regimen",
      "properties": {}
    },
    {
      "name": "paediatric microplegia",
      "type": "treatment_regimen",
      "properties": {}
    },
    {
      "name": "antegrade Custodiol(R) plus paediatric microplegia",
      "type": "treatment_regimen",
      "properties": {}
    },
    {
      "name": "antegrade plus retrograde intermittently paediatric microplegia",
      "type": "treatment_regimen",
      "properties": {}
    },
    {
      "name": "myocardial injury",
      "type": "complication",
      "properties": {}
    },
    {
      "name": "troponin I",
      "type": "monitoring_indicator",
      "properties": {}
    },
    {
      "name": "Creatine kinase",
      "type": "monitoring_indicator",
      "properties": {}
    },
    {
      "name": "CK-MB",
      "type": "monitoring_indicator",
      "properties": {}
    },
    {
      "name": "vasoactive inotrope score",
      "type": "monitoring_indicator",
      "properties": {}
    },
    {
      "name": "retrospective study",
      "type": "diagnostic_criteria",
      "properties": {
        "evidence_strength": "cohort study"
      }
    }
  ],
  "relations": [
    {
      "head": "myocardial protection",
      "relation": "prerequisite_of",
      "tail": "good outcome after arterial switch operation",
      "properties": {}
    },
    {
      "head": "troponin I",
      "relation": "monitors",
      "tail": "myocardial injury",
      "properties": {}
    },
    {
      "head": "Creatine kinase",
      "relation": "monitors",
      "tail": "myocardial injury",
      "properties": {}
    },
    {
      "head": "CK-MB",
      "relation": "monitors",
      "tail": "myocardial injury",
      "properties": {}
    },
    {
      "head": "vasoactive inotrope score",
      "relation": "monitors",
      "tail": "myocardial injury",
      "properties": {}
    }
  ]
}