{
  "entities": [
    {
      "name": "Hand acceleration time (HAT)",
      "type": "monitoring_indicator",
      "properties": {}
    },
    {
      "name": "haemodialysis access-induced distal ischaemia (HAIDI)",
      "type": "complication",
      "properties": {}
    },
    {
      "name": "prospective cohort study",
      "type": "diagnostic_criteria",
      "properties": {
        "evidence_strength": "cohort study"
      }
    }
  ],
  "relations": [
    {
      "head": "Hand acceleration time (HAT)",
      "relation": "monitors",
      "tail": "haemodialysis access-induced distal ischaemia (HAIDI)",
      "properties": {}
    },
    {
      "head": "Hand acceleration time (HAT)",
      "relation": "diagnostic_basis_for",
      "tail": "haemodialysis access-induced distal ischaemia (HAIDI)",
      "properties": {}
    },
    {
      "head": "prospective cohort study",
      "relation": "diagnostic_basis_for",
      "tail": "haemodialysis access-induced distal ischaemia (HAIDI)",
      "properties": {}
    }
  ]
}