{
  "entities": [
    {
      "name": "Acute Heart Failure",
      "type": "diagnostic_criteria",
      "properties": {}
    },
    {
      "name": "loop diuretics",
      "type": "medication",
      "properties": {}
    },
    {
      "name": "decongestion",
      "type": "treatment_regimen",
      "properties": {}
    },
    {
      "name": "goal-directed medical therapies",
      "type": "treatment_regimen",
      "properties": {}
    },
    {
      "name": "risk stratification",
      "type": "monitoring_indicator",
      "properties": {}
    },
    {
      "name": "early follow-up after discharge therapies",
      "type": "treatment_regimen",
      "properties": {}
    },
    {
      "name": "Cardiogenic shock",
      "type": "complication",
      "properties": {}
    }
  ],
  "relations": [
    {
      "head": "loop diuretics",
      "relation": "part_of",
      "tail": "decongestion",
      "properties": {}
    },
    {
      "head": "goal-directed medical therapies",
      "relation": "precedes",
      "tail": "discharge",
      "properties": {}
    },
    {
      "head": "risk stratification",
      "relation": "monitors",
      "tail": "Acute Heart Failure",
      "properties": {}
    },
    {
      "head": "early follow-up after discharge therapies",
      "relation": "treats",
      "tail": "Acute Heart Failure",
      "properties": {}
    },
    {
      "head": "Cardiogenic shock",
      "relation": "complication",
      "tail": "Acute Heart Failure",
      "properties": {}
    }
  ]
}