{
  "entities": [
    {
      "name": "Engineered heart muscle allografts",
      "type": "surgical_procedure",
      "properties": {}
    },
    {
      "name": "heart repair",
      "type": "treatment_regimen",
      "properties": {}
    },
    {
      "name": "primates",
      "type": "recipient_characteristic",
      "properties": {}
    },
    {
      "name": "humans",
      "type": "recipient_characteristic",
      "properties": {}
    }
  ],
  "relations": [
    {
      "head": "Engineered heart muscle allografts",
      "relation": "treats",
      "tail": "heart repair",
      "properties": {}
    },
    {
      "head": "Engineered heart muscle allografts",
      "relation": "part_of",
      "tail": "heart repair",
      "properties": {}
    }
  ]
}