{
  "entities": [
    {
      "name": "Venoarterial extracorporeal membrane oxygenation (VA-ECMO)",
      "type": "medical_device",
      "properties": {}
    },
    {
      "name": "Septic shock",
      "type": "risk_factor",
      "properties": {}
    },
    {
      "name": "Sepsis",
      "type": "risk_factor",
      "properties": {}
    },
    {
      "name": "Sepsis-associated cardiomyopathy",
      "type": "complication",
      "properties": {}
    },
    {
      "name": "Myocardial depression",
      "type": "complication",
      "properties": {}
    },
    {
      "name": "Mortality",
      "type": "complication",
      "properties": {}
    },
    {
      "name": "Seeding of infection",
      "type": "complication",
      "properties": {}
    },
    {
      "name": "Exacerbation of inflammation",
      "type": "complication",
      "properties": {}
    },
    {
      "name": "Vasoplegia",
      "type": "complication",
      "properties": {}
    },
    {
      "name": "Bleeding",
      "type": "complication",
      "properties": {}
    },
    {
      "name": "Thrombosis",
      "type": "complication",
      "properties": {}
    },
    {
      "name": "Distal limb ischemia",
      "type": "complication",
      "properties": {}
    },
    {
      "name": "Medical therapy",
      "type": "treatment_regimen",
      "properties": {}
    }
  ],
  "relations": [
    {
      "head": "Septic shock",
      "relation": "causes",
      "tail": "Mortality",
      "properties": {}
    },
    {
      "head": "Sepsis",
      "relation": "causes",
      "tail": "Sepsis-associated cardiomyopathy",
      "properties": {}
    },
    {
      "head": "Sepsis-associated cardiomyopathy",
      "relation": "increases_risk",
      "tail": "Mortality",
      "properties": {}
    },
    {
      "head": "Venoarterial extracorporeal membrane oxygenation (VA-ECMO)",
      "relation": "treats",
      "tail": "Sepsis",
      "properties": {}
    },
    {
      "head": "Venoarterial extracorporeal membrane oxygenation (VA-ECMO)",
      "relation": "causes",
      "tail": "Seeding of infection",
      "properties": {}
    },
    {
      "head": "Venoarterial extracorporeal membrane oxygenation (VA-ECMO)",
      "relation": "causes",
      "tail": "Exacerbation of inflammation",
      "properties": {}
    },
    {
      "head": "Venoarterial extracorporeal membrane oxygenation (VA-ECMO)",
      "relation": "causes",
      "tail": "Vasoplegia",
      "properties": {}
    },
    {
      "head": "Venoarterial extracorporeal membrane oxygenation (VA-ECMO)",
      "relation": "causes",
      "tail": "Bleeding",
      "properties": {}
    },
    {
      "head": "Venoarterial extracorporeal membrane oxygenation (VA-ECMO)",
      "relation": "causes",
      "tail": "Thrombosis",
      "properties": {}
    },
    {
      "head": "Venoarterial extracorporeal membrane oxygenation (VA-ECMO)",
      "relation": "causes",
      "tail": "Distal limb ischemia",
      "properties": {}
    },
    {
      "head": "Medical therapy",
      "relation": "precedes",
      "tail": "Venoarterial extracorporeal membrane oxygenation (VA-ECMO)",
      "properties": {}
    }
  ]
}