{
  "entities": [
    {
      "name": "emergency surgery",
      "type": "surgical_procedure",
      "properties": {}
    },
    {
      "name": "coronary malperfusion",
      "type": "complication",
      "properties": {}
    },
    {
      "name": "type A acute aortic dissection (AAAD)",
      "type": "complication",
      "properties": {}
    },
    {
      "name": "myocardial ischemia",
      "type": "complication",
      "properties": {}
    },
    {
      "name": "cardiac tamponade",
      "type": "complication",
      "properties": {}
    },
    {
      "name": "preoperative peripheral extracorporeal membrane oxygenation (ECMO)",
      "type": "medical_device",
      "properties": {}
    },
    {
      "name": "left coronary artery involvement",
      "type": "risk_factor",
      "properties": {}
    },
    {
      "name": "preoperative hemodynamic instability",
      "type": "risk_factor",
      "properties": {}
    },
    {
      "name": "in-hospital mortality",
      "type": "monitoring_indicator",
      "properties": {
        "value": "27%"
      }
    },
    {
      "name": "retrospective review",
      "type": "diagnostic_criteria",
      "properties": {
        "evidence_strength": "cohort study"
      }
    }
  ],
  "relations": [
    {
      "head": "type A acute aortic dissection (AAAD)",
      "relation": "causes",
      "tail": "coronary malperfusion",
      "properties": {}
    },
    {
      "head": "coronary malperfusion",
      "relation": "causes",
      "tail": "myocardial ischemia",
      "properties": {}
    },
    {
      "head": "emergency surgery",
      "relation": "treats",
      "tail": "type A acute aortic dissection (AAAD)",
      "properties": {}
    },
    {
      "head": "emergency surgery",
      "relation": "treats",
      "tail": "coronary malperfusion",
      "properties": {}
    },
    {
      "head": "preoperative peripheral extracorporeal membrane oxygenation (ECMO)",
      "relation": "monitors",
      "tail": "preoperative hemodynamic instability",
      "properties": {}
    },
    {
      "head": "left coronary artery involvement",
      "relation": "increases_risk",
      "tail": "in-hospital mortality",
      "properties": {}
    },
    {
      "head": "preoperative hemodynamic instability",
      "relation": "increases_risk",
      "tail": "in-hospital mortality",
      "properties": {}
    },
    {
      "head": "retrospective review",
      "relation": "diagnostic_basis_for",
      "tail": "surgical outcomes",
      "properties": {}
    }
  ]
}