{
  "entities": [
    {
      "name": "Primary Graft Dysfunction",
      "type": "complication",
      "properties": {}
    },
    {
      "name": "Advanced Organ Preservation",
      "type": "surgical_procedure",
      "properties": {}
    },
    {
      "name": "Heart Transplantation",
      "type": "surgical_procedure",
      "properties": {}
    }
  ],
  "relations": [
    {
      "head": "Advanced Organ Preservation",
      "relation": "alleviates",
      "tail": "Primary Graft Dysfunction",
      "properties": {}
    },
    {
      "head": "Advanced Organ Preservation",
      "relation": "part_of",
      "tail": "Heart Transplantation",
      "properties": {}
    }
  ]
}