{
  "entities": [
    {
      "name": "Heart transplantation",
      "type": "surgical_procedure",
      "properties": {
        "evidence_strength": "cohort study"
      }
    },
    {
      "name": "end-stage heart failure",
      "type": "recipient_characteristic",
      "properties": {}
    },
    {
      "name": "organ shortage",
      "type": "risk_factor",
      "properties": {}
    },
    {
      "name": "waiting time",
      "type": "monitoring_indicator",
      "properties": {
        "median": "2 months"
      }
    },
    {
      "name": "hospitalizations",
      "type": "monitoring_indicator",
      "properties": {
        "average": "2.71"
      }
    }
  ],
  "relations": [
    {
      "head": "Heart transplantation",
      "relation": "treats",
      "tail": "end-stage heart failure",
      "properties": {
        "evidence_strength": "cohort study"
      }
    },
    {
      "head": "organ shortage",
      "relation": "increases_risk",
      "tail": "Heart transplantation",
      "properties": {
        "evidence_strength": "cohort study"
      }
    }
  ]
}