{
  "entities": [
    {
      "name": "BCYRN1",
      "type": "monitoring_indicator",
      "properties": {}
    },
    {
      "name": "Regulatory T cells (Tregs)",
      "type": "monitoring_indicator",
      "properties": {}
    },
    {
      "name": "extracellular vesicles from human cardiosphere-derived cells (CDC-EVs)",
      "type": "treatment_regimen",
      "properties": {}
    },
    {
      "name": "IL-10",
      "type": "monitoring_indicator",
      "properties": {}
    },
    {
      "name": "microRNA sponge",
      "type": "monitoring_indicator",
      "properties": {}
    },
    {
      "name": "miR-138",
      "type": "monitoring_indicator",
      "properties": {}
    },
    {
      "name": "miR-150",
      "type": "monitoring_indicator",
      "properties": {}
    },
    {
      "name": "miR-98",
      "type": "monitoring_indicator",
      "properties": {}
    },
    {
      "name": "ATG7-dependent autophagy",
      "type": "monitoring_indicator",
      "properties": {}
    },
    {
      "name": "CCR6-dependent Treg migration",
      "type": "monitoring_indicator",
      "properties": {}
    },
    {
      "name": "myocardial infarction",
      "type": "risk_factor",
      "properties": {}
    },
    {
      "name": "troponin I",
      "type": "monitoring_indicator",
      "properties": {}
    },
    {
      "name": "cardiac Treg infiltration",
      "type": "monitoring_indicator",
      "properties": {}
    },
    {
      "name": "transplant rejection",
      "type": "complication",
      "properties": {}
    }
  ],
  "relations": [
    {
      "head": "extracellular vesicles from human cardiosphere-derived cells (CDC-EVs)",
      "relation": "increases_risk",
      "tail": "Treg proliferation",
      "properties": {}
    },
    {
      "head": "extracellular vesicles from human cardiosphere-derived cells (CDC-EVs)",
      "relation": "increases_risk",
      "tail": "IL-10 production",
      "properties": {}
    },
    {
      "head": "BCYRN1",
      "relation": "part_of",
      "tail": "extracellular vesicles from human cardiosphere-derived cells (CDC-EVs)",
      "properties": {}
    },
    {
      "head": "BCYRN1",
      "relation": "alleviates",
      "tail": "myocardial infarction",
      "properties": {}
    },
    {
      "head": "BCYRN1",
      "relation": "increases_risk",
      "tail": "cardiac Treg infiltration",
      "properties": {}
    },
    {
      "head": "BCYRN1",
      "relation": "increases_risk",
      "tail": "Treg proliferation",
      "properties": {}
    },
    {
      "head": "BCYRN1",
      "relation": "increases_risk",
      "tail": "IL-10 production",
      "properties": {}
    },
    {
      "head": "BCYRN1",
      "relation": "treats",
      "tail": "transplant rejection",
      "properties": {
        "evidence_strength": "hypothesized"
      }
    }
  ]
}