{
  "entities": [
    {
      "name": "partial heart transplant",
      "type": "surgical_procedure",
      "properties": {}
    },
    {
      "name": "valves",
      "type": "medical_device",
      "properties": {}
    },
    {
      "name": "piglets",
      "type": "recipient_characteristic",
      "properties": {}
    },
    {
      "name": "prolonged cold storage",
      "type": "donor_characteristic",
      "properties": {}
    },
    {
      "name": "growth",
      "type": "monitoring_indicator",
      "properties": {}
    }
  ],
  "relations": [
    {
      "head": "partial heart transplant",
      "relation": "part_of",
      "tail": "valves",
      "properties": {}
    },
    {
      "head": "valves",
      "relation": "monitors",
      "tail": "growth",
      "properties": {}
    },
    {
      "head": "prolonged cold storage",
      "relation": "precedes",
      "tail": "partial heart transplant",
      "properties": {}
    }
  ]
}