{
  "entities": [
    {
      "name": "Cardiac Allograft Vasculopathy",
      "type": "complication",
      "properties": {}
    },
    {
      "name": "Lipid Biomarkers",
      "type": "monitoring_indicator",
      "properties": {}
    },
    {
      "name": "Interpreting Lipid Biomarkers",
      "type": "monitoring_indicator",
      "properties": {}
    }
  ],
  "relations": [
    {
      "head": "Lipid Biomarkers",
      "relation": "monitors",
      "tail": "Cardiac Allograft Vasculopathy",
      "properties": {}
    },
    {
      "head": "Interpreting Lipid Biomarkers",
      "relation": "monitors",
      "tail": "Cardiac Allograft Vasculopathy",
      "properties": {}
    }
  ]
}