{
  "entities": [
    {
      "name": "coronary angiography",
      "type": "surgical_procedure",
      "properties": {}
    },
    {
      "name": "percutaneous coronary intervention",
      "type": "surgical_procedure",
      "properties": {}
    },
    {
      "name": "heart transplant recipient",
      "type": "recipient_characteristic",
      "properties": {}
    },
    {
      "name": "75-year-old male",
      "type": "recipient_characteristic",
      "properties": {}
    },
    {
      "name": "cardiac allograft vasculopathy",
      "type": "recipient_characteristic",
      "properties": {}
    },
    {
      "name": "iodinated contrast medium",
      "type": "medication",
      "properties": {}
    },
    {
      "name": "ioversol",
      "type": "medication",
      "properties": {}
    },
    {
      "name": "contrast-induced encephalopathy (CIE)",
      "type": "complication",
      "properties": {}
    },
    {
      "name": "encephalopathy",
      "type": "complication",
      "properties": {}
    },
    {
      "name": "focal impaired awareness seizure",
      "type": "complication",
      "properties": {}
    },
    {
      "name": "encephalopathic pattern",
      "type": "diagnostic_criteria",
      "properties": {}
    },
    {
      "name": "intravenous levetiracetam",
      "type": "medication",
      "properties": {}
    },
    {
      "name": "cardiac catheterization",
      "type": "surgical_procedure",
      "properties": {}
    },
    {
      "name": "incidence of 0.06%",
      "type": "risk_factor",
      "properties": {
        "statistical_data": "0.06%"
      }
    },
    {
      "name": "hyperosmolar contrast agent",
      "type": "medication",
      "properties": {}
    },
    {
      "name": "shrinkage of endothelial cells",
      "type": "complication",
      "properties": {}
    },
    {
      "name": "opening of tight junctions",
      "type": "complication",
      "properties": {}
    },
    {
      "name": "disruption of the blood-brain barrier",
      "type": "complication",
      "properties": {}
    },
    {
      "name": "direct neurotoxicity",
      "type": "complication",
      "properties": {}
    },
    {
      "name": "brain imaging",
      "type": "monitoring_indicator",
      "properties": {}
    },
    {
      "name": "electroencephalography",
      "type": "monitoring_indicator",
      "properties": {}
    },
    {
      "name": "focal slowing on the right fronto-temporal and left fronto-centro-temporal region",
      "type": "diagnostic_criteria",
      "properties": {}
    },
    {
      "name": "paroxysmal discharges of high voltage delta activity",
      "type": "diagnostic_criteria",
      "properties": {}
    }
  ],
  "relations": [
    {
      "head": "iodinated contrast medium",
      "relation": "causes",
      "tail": "contrast-induced encephalopathy (CIE)",
      "properties": {}
    },
    {
      "head": "coronary angiography",
      "relation": "precedes",
      "tail": "encephalopathy",
      "properties": {}
    },
    {
      "head": "intravenous levetiracetam",
      "relation": "treats",
      "tail": "contrast-induced encephalopathy (CIE)",
      "properties": {}
    },
    {
      "head": "hyperosmolar contrast agent",
      "relation": "causes",
      "tail": "shrinkage of endothelial cells",
      "properties": {}
    },
    {
      "head": "shrinkage of endothelial cells",
      "relation": "precedes",
      "tail": "opening of tight junctions",
      "properties": {}
    },
    {
      "head": "opening of tight junctions",
      "relation": "causes",
      "tail": "disruption of the blood-brain barrier",
      "properties": {}
    },
    {
      "head": "disruption of the blood-brain barrier",
      "relation": "causes",
      "tail": "direct neurotoxicity",
      "properties": {}
    },
    {
      "head": "direct neurotoxicity",
      "relation": "causes",
      "tail": "contrast-induced encephalopathy (CIE)",
      "properties": {}
    },
    {
      "head": "brain imaging",
      "relation": "monitors",
      "tail": "acute lesions or perfusion deficits",
      "properties": {}
    },
    {
      "head": "electroencephalography",
      "relation": "monitors",
      "tail": "encephalopathic pattern",
      "properties": {}
    },
    {
      "head": "encephalopathic pattern",
      "relation": "diagnostic_basis_for",
      "tail": "contrast-induced encephalopathy (CIE)",
      "properties": {}
    },
    {
      "head": "cardiac catheterization",
      "relation": "increases_risk",
      "tail": "contrast-induced encephalopathy (CIE)",
      "properties": {
        "statistical_data": "incidence of 0.06%"
      }
    }
  ]
}