{
  "entities": [
    {
      "name": "orthotropic heart transplantation",
      "type": "surgical_procedure",
      "properties": {}
    },
    {
      "name": "percutaneous coronary intervention",
      "type": "surgical_procedure",
      "properties": {}
    },
    {
      "name": "heart transplant recipients",
      "type": "recipient_characteristic",
      "properties": {}
    },
    {
      "name": "Coronary allograft vasculopathy",
      "type": "complication",
      "properties": {}
    },
    {
      "name": "late mortality",
      "type": "complication",
      "properties": {}
    },
    {
      "name": "rejection",
      "type": "complication",
      "properties": {}
    },
    {
      "name": "chronic total occlusion",
      "type": "complication",
      "properties": {}
    },
    {
      "name": "mortality",
      "type": "complication",
      "properties": {}
    },
    {
      "name": "ISHLT criteria",
      "type": "diagnostic_criteria",
      "properties": {}
    },
    {
      "name": "Kaplan-Meier analysis",
      "type": "monitoring_indicator",
      "properties": {}
    }
  ],
  "relations": [
    {
      "head": "Coronary allograft vasculopathy",
      "relation": "causes",
      "tail": "late mortality",
      "properties": {
        "evidence_strength": "cohort study"
      }
    },
    {
      "head": "Coronary allograft vasculopathy",
      "relation": "increases_risk",
      "tail": "mortality",
      "properties": {
        "p_value": "0.045",
        "evidence_strength": "cohort study"
      }
    },
    {
      "head": "percutaneous coronary intervention",
      "relation": "treats",
      "tail": "Coronary allograft vasculopathy",
      "properties": {
        "evidence_strength": "cohort study"
      }
    },
    {
      "head": "percutaneous coronary intervention",
      "relation": "treats",
      "tail": "chronic total occlusion",
      "properties": {
        "evidence_strength": "cohort study"
      }
    },
    {
      "head": "ISHLT criteria",
      "relation": "diagnostic_basis_for",
      "tail": "Coronary allograft vasculopathy",
      "properties": {
        "evidence_strength": "cohort study"
      }
    },
    {
      "head": "Kaplan-Meier analysis",
      "relation": "monitors",
      "tail": "survival",
      "properties": {
        "evidence_strength": "cohort study"
      }
    }
  ]
}