{
  "entities": [
    {
      "name": "testicular torsion",
      "type": "risk_factor",
      "properties": {}
    },
    {
      "name": "surgical intervention",
      "type": "surgical_procedure",
      "properties": {}
    },
    {
      "name": "male subfertility",
      "type": "complication",
      "properties": {}
    },
    {
      "name": "infertility",
      "type": "complication",
      "properties": {}
    },
    {
      "name": "remote cardiac effect",
      "type": "complication",
      "properties": {}
    },
    {
      "name": "sacubitril/valsartan (SV)",
      "type": "medication",
      "properties": {}
    },
    {
      "name": "testicular ischaemia/reperfusion (TIR)",
      "type": "risk_factor",
      "properties": {}
    },
    {
      "name": "testicular damage",
      "type": "complication",
      "properties": {}
    },
    {
      "name": "juvenile rats",
      "type": "recipient_characteristic",
      "properties": {}
    },
    {
      "name": "Wistar albino rats",
      "type": "recipient_characteristic",
      "properties": {}
    }
  ],
  "relations": [
    {
      "head": "testicular torsion",
      "relation": "causes",
      "tail": "male subfertility",
      "properties": {}
    },
    {
      "head": "testicular torsion",
      "relation": "causes",
      "tail": "infertility",
      "properties": {}
    },
    {
      "head": "testicular torsion",
      "relation": "causes",
      "tail": "remote cardiac effect",
      "properties": {}
    },
    {
      "head": "testicular torsion",
      "relation": "prerequisite_of",
      "tail": "surgical intervention",
      "properties": {}
    },
    {
      "head": "testicular ischaemia/reperfusion (TIR)",
      "relation": "causes",
      "tail": "testicular damage",
      "properties": {}
    },
    {
      "head": "testicular ischaemia/reperfusion (TIR)",
      "relation": "causes",
      "tail": "remote cardiac effect",
      "properties": {}
    },
    {
      "head": "sacubitril/valsartan (SV)",
      "relation": "treats",
      "tail": "testicular damage",
      "properties": {}
    },
    {
      "head": "sacubitril/valsartan (SV)",
      "relation": "treats",
      "tail": "remote cardiac effect",
      "properties": {}
    }
  ]
}