{
  "entities": [
    {
      "name": "orthotopic heart transplantation",
      "type": "surgical_procedure",
      "properties": {}
    },
    {
      "name": "bicaval anastomosis",
      "type": "surgical_procedure",
      "properties": {}
    },
    {
      "name": "permanent pacemaker implantation",
      "type": "surgical_procedure",
      "properties": {}
    },
    {
      "name": "donor age",
      "type": "donor_characteristic",
      "properties": {}
    },
    {
      "name": "recipient age",
      "type": "recipient_characteristic",
      "properties": {}
    },
    {
      "name": "ischemic time",
      "type": "risk_factor",
      "properties": {}
    },
    {
      "name": "sex",
      "type": "recipient_characteristic",
      "properties": {}
    },
    {
      "name": "underlying cardiomyopathy",
      "type": "risk_factor",
      "properties": {}
    },
    {
      "name": "body mass index",
      "type": "recipient_characteristic",
      "properties": {}
    },
    {
      "name": "mechanical support",
      "type": "medical_device",
      "properties": {}
    },
    {
      "name": "pretransplant length of stay",
      "type": "recipient_characteristic",
      "properties": {}
    },
    {
      "name": "post-OHT length of stay",
      "type": "recipient_characteristic",
      "properties": {}
    },
    {
      "name": "sinus node dysfunction",
      "type": "complication",
      "properties": {}
    },
    {
      "name": "hazard ratio",
      "type": "monitoring_indicator",
      "properties": {
        "value": "1.05",
        "confidence_interval": "1.01-1.09",
        "p_value": "0.02"
      }
    }
  ],
  "relations": [
    {
      "head": "orthotopic heart transplantation",
      "relation": "precedes",
      "tail": "permanent pacemaker implantation",
      "properties": {
        "evidence_strength": "retrospective study"
      }
    },
    {
      "head": "bicaval anastomosis",
      "relation": "part_of",
      "tail": "orthotopic heart transplantation",
      "properties": {}
    },
    {
      "head": "donor age",
      "relation": "increases_risk",
      "tail": "permanent pacemaker implantation",
      "properties": {
        "hazard_ratio": "1.05",
        "confidence_interval": "1.01-1.09",
        "p_value": "0.02"
      }
    },
    {
      "head": "sinus node dysfunction",
      "relation": "diagnostic_basis_for",
      "tail": "permanent pacemaker implantation",
      "properties": {
        "evidence_strength": "retrospective study"
      }
    }
  ]
}