{
  "entities": [
    {
      "name": "heart transplant",
      "type": "surgical_procedure",
      "properties": {}
    },
    {
      "name": "heart-kidney recipients",
      "type": "recipient_characteristic",
      "properties": {}
    },
    {
      "name": "adult heart recipients",
      "type": "recipient_characteristic",
      "properties": {}
    },
    {
      "name": "belatacept-based immunosuppression regimen",
      "type": "treatment_regimen",
      "properties": {}
    },
    {
      "name": "tacrolimus-based regimen",
      "type": "treatment_regimen",
      "properties": {}
    },
    {
      "name": "tacrolimus trough levels",
      "type": "monitoring_indicator",
      "properties": {}
    },
    {
      "name": "de novo donor-specific antibodies (DSA) formation",
      "type": "complication",
      "properties": {}
    },
    {
      "name": "rejection",
      "type": "complication",
      "properties": {}
    },
    {
      "name": "renal function",
      "type": "monitoring_indicator",
      "properties": {}
    },
    {
      "name": "belatacept",
      "type": "medication",
      "properties": {}
    },
    {
      "name": "tacrolimus",
      "type": "medication",
      "properties": {}
    }
  ],
  "relations": [
    {
      "head": "belatacept-based immunosuppression regimen",
      "relation": "part_of",
      "tail": "belatacept",
      "properties": {}
    },
    {
      "head": "tacrolimus-based regimen",
      "relation": "part_of",
      "tail": "tacrolimus",
      "properties": {}
    },
    {
      "head": "tacrolimus trough levels",
      "relation": "monitors",
      "tail": "tacrolimus",
      "properties": {}
    },
    {
      "head": "belatacept-based immunosuppression regimen",
      "relation": "treats",
      "tail": "rejection",
      "properties": {}
    },
    {
      "head": "belatacept-based immunosuppression regimen",
      "relation": "treats",
      "tail": "de novo donor-specific antibodies (DSA) formation",
      "properties": {}
    },
    {
      "head": "belatacept-based immunosuppression regimen",
      "relation": "monitors",
      "tail": "renal function",
      "properties": {}
    },
    {
      "head": "tacrolimus-based regimen",
      "relation": "treats",
      "tail": "rejection",
      "properties": {}
    },
    {
      "head": "tacrolimus-based regimen",
      "relation": "treats",
      "tail": "de novo donor-specific antibodies (DSA) formation",
      "properties": {}
    },
    {
      "head": "study",
      "relation": "diagnostic_basis_for",
      "tail": "de novo donor-specific antibodies (DSA) formation",
      "properties": {
        "evidence_strength": "cohort study"
      }
    },
    {
      "head": "study",
      "relation": "diagnostic_basis_for",
      "tail": "rejection",
      "properties": {
        "evidence_strength": "cohort study"
      }
    },
    {
      "head": "study",
      "relation": "diagnostic_basis_for",
      "tail": "renal function",
      "properties": {
        "evidence_strength": "cohort study"
      }
    }
  ]
}