{
  "entities": [
    {
      "name": "Coronary angiography",
      "type": "diagnostic_criteria",
      "properties": {}
    },
    {
      "name": "cardiac allograft vasculopathy",
      "type": "complication",
      "properties": {}
    },
    {
      "name": "angiography-based vessel fractional flow reserve",
      "type": "monitoring_indicator",
      "properties": {}
    },
    {
      "name": "orthotopic heart transplant recipients",
      "type": "recipient_characteristic",
      "properties": {}
    },
    {
      "name": "left anterior descending artery",
      "type": "medical_device",
      "properties": {}
    }
  ],
  "relations": [
    {
      "head": "Coronary angiography",
      "relation": "diagnostic_basis_for",
      "tail": "cardiac allograft vasculopathy",
      "properties": {
        "evidence_strength": "retrospective study"
      }
    },
    {
      "head": "angiography-based vessel fractional flow reserve",
      "relation": "monitors",
      "tail": "orthotopic heart transplant recipients",
      "properties": {
        "evidence_strength": "retrospective study"
      }
    },
    {
      "head": "left anterior descending artery",
      "relation": "part_of",
      "tail": "angiography-based vessel fractional flow reserve",
      "properties": {}
    }
  ]
}