{
  "entities": [
    {
      "name": "Reoperation",
      "type": "surgical_procedure",
      "properties": {}
    },
    {
      "name": "implantation of Corheart 6 biventricular assist devices",
      "type": "surgical_procedure",
      "properties": {}
    },
    {
      "name": "severe right ventricular failure",
      "type": "complication",
      "properties": {}
    },
    {
      "name": "aortic regurgitation",
      "type": "complication",
      "properties": {}
    },
    {
      "name": "left ventricular assist device implantation",
      "type": "surgical_procedure",
      "properties": {}
    },
    {
      "name": "secondary thoracotomy",
      "type": "surgical_procedure",
      "properties": {}
    },
    {
      "name": "implantation of a continuous-flow ventricular assist device (VAD) in a biventricular configuration",
      "type": "surgical_procedure",
      "properties": {}
    },
    {
      "name": "aortic valve replacement (AVR)",
      "type": "surgical_procedure",
      "properties": {}
    },
    {
      "name": "continuous-flow left ventricular assist device (LVAD)",
      "type": "medical_device",
      "properties": {}
    },
    {
      "name": "coronary artery bypass grafting (CABG)",
      "type": "surgical_procedure",
      "properties": {}
    },
    {
      "name": "right ventricular failure",
      "type": "complication",
      "properties": {}
    },
    {
      "name": "moderate aortic insufficiency",
      "type": "complication",
      "properties": {}
    },
    {
      "name": "damage to the original LVAD device cable",
      "type": "complication",
      "properties": {}
    },
    {
      "name": "Corheart 6 LVAD",
      "type": "medical_device",
      "properties": {}
    },
    {
      "name": "CABG",
      "type": "surgical_procedure",
      "properties": {}
    }
  ],
  "relations": [
    {
      "head": "severe right ventricular failure",
      "relation": "causes",
      "tail": "Reoperation",
      "properties": {}
    },
    {
      "head": "aortic regurgitation",
      "relation": "causes",
      "tail": "Reoperation",
      "properties": {}
    },
    {
      "head": "left ventricular assist device implantation",
      "relation": "precedes",
      "tail": "Reoperation",
      "properties": {}
    },
    {
      "head": "right ventricular failure",
      "relation": "causes",
      "tail": "secondary thoracotomy",
      "properties": {}
    },
    {
      "head": "moderate aortic insufficiency",
      "relation": "causes",
      "tail": "secondary thoracotomy",
      "properties": {}
    },
    {
      "head": "damage to the original LVAD device cable",
      "relation": "causes",
      "tail": "secondary thoracotomy",
      "properties": {}
    },
    {
      "head": "continuous-flow left ventricular assist device (LVAD)",
      "relation": "part_of",
      "tail": "left ventricular assist device implantation",
      "properties": {}
    },
    {
      "head": "Corheart 6 LVAD",
      "relation": "part_of",
      "tail": "left ventricular assist device implantation",
      "properties": {}
    },
    {
      "head": "CABG",
      "relation": "precedes",
      "tail": "secondary thoracotomy",
      "properties": {}
    },
    {
      "head": "left ventricular assist device implantation",
      "relation": "precedes",
      "tail": "secondary thoracotomy",
      "properties": {}
    }
  ]
}