{
  "entities": [
    {
      "name": "hybrid procedures",
      "type": "surgical_procedure",
      "properties": {}
    },
    {
      "name": "surgical interventions",
      "type": "surgical_procedure",
      "properties": {}
    },
    {
      "name": "catheter-based interventions",
      "type": "surgical_procedure",
      "properties": {}
    },
    {
      "name": "newborns",
      "type": "recipient_characteristic",
      "properties": {}
    },
    {
      "name": "infants",
      "type": "recipient_characteristic",
      "properties": {}
    },
    {
      "name": "left-sided obstructive lesions",
      "type": "recipient_characteristic",
      "properties": {}
    },
    {
      "name": "duct-dependent systemic flow",
      "type": "recipient_characteristic",
      "properties": {}
    },
    {
      "name": "complex heart defects",
      "type": "recipient_characteristic",
      "properties": {}
    },
    {
      "name": "severely ill patients",
      "type": "recipient_characteristic",
      "properties": {}
    },
    {
      "name": "retrospective study",
      "type": "diagnostic_criteria",
      "properties": {
        "evidence_strength": "retrospective study"
      }
    }
  ],
  "relations": [
    {
      "head": "hybrid procedures",
      "relation": "part_of",
      "tail": "surgical interventions",
      "properties": {}
    },
    {
      "head": "hybrid procedures",
      "relation": "part_of",
      "tail": "catheter-based interventions",
      "properties": {}
    },
    {
      "head": "hybrid procedures",
      "relation": "treats",
      "tail": "newborns",
      "properties": {}
    },
    {
      "head": "hybrid procedures",
      "relation": "treats",
      "tail": "infants",
      "properties": {}
    },
    {
      "head": "hybrid procedures",
      "relation": "treats",
      "tail": "left-sided obstructive lesions",
      "properties": {}
    },
    {
      "head": "hybrid procedures",
      "relation": "treats",
      "tail": "duct-dependent systemic flow",
      "properties": {}
    },
    {
      "head": "hybrid procedures",
      "relation": "treats",
      "tail": "complex heart defects",
      "properties": {}
    },
    {
      "head": "hybrid procedures",
      "relation": "treats",
      "tail": "severely ill patients",
      "properties": {}
    },
    {
      "head": "hybrid procedures",
      "relation": "alleviates",
      "tail": "complex heart defects",
      "properties": {}
    },
    {
      "head": "retrospective study",
      "relation": "diagnostic_basis_for",
      "tail": "hybrid procedures",
      "properties": {
        "evidence_strength": "retrospective study"
      }
    }
  ]
}