{
  "entities": [
    {
      "name": "ex vivo perfusion",
      "type": "surgical_procedure",
      "properties": {}
    },
    {
      "name": "donor hearts",
      "type": "donor_characteristic",
      "properties": {}
    },
    {
      "name": "nonutilization",
      "type": "recipient_characteristic",
      "properties": {}
    },
    {
      "name": "novel procurement technologies",
      "type": "medical_device",
      "properties": {}
    },
    {
      "name": "demand for donor hearts",
      "type": "recipient_characteristic",
      "properties": {}
    },
    {
      "name": "availability of donor hearts",
      "type": "donor_characteristic",
      "properties": {}
    },
    {
      "name": "donor characteristics",
      "type": "donor_characteristic",
      "properties": {}
    },
    {
      "name": "logistic regressions",
      "type": "diagnostic_criteria",
      "properties": {
        "evidence_strength": "cohort study"
      }
    }
  ],
  "relations": [
    {
      "head": "donor characteristics",
      "relation": "diagnostic_basis_for",
      "tail": "nonutilization",
      "properties": {}
    },
    {
      "head": "novel procurement technologies",
      "relation": "precedes",
      "tail": "ex vivo perfusion",
      "properties": {}
    },
    {
      "head": "demand for donor hearts",
      "relation": "increases_risk",
      "tail": "nonutilization",
      "properties": {}
    },
    {
      "head": "availability of donor hearts",
      "relation": "alleviates",
      "tail": "nonutilization",
      "properties": {}
    },
    {
      "head": "logistic regressions",
      "relation": "monitors",
      "tail": "nonutilization",
      "properties": {}
    }
  ]
}