{
  "entities": [
    {
      "name": "Valve-sparing aortic root and partial aortic arch replacement",
      "type": "surgical_procedure",
      "properties": {}
    },
    {
      "name": "reimplantation of the brachiocephalic trunk",
      "type": "surgical_procedure",
      "properties": {}
    },
    {
      "name": "chronic type IA aortic dissection",
      "type": "recipient_characteristic",
      "properties": {}
    },
    {
      "name": "dyspnoea",
      "type": "recipient_characteristic",
      "properties": {}
    },
    {
      "name": "poor blood pressure control",
      "type": "recipient_characteristic",
      "properties": {}
    },
    {
      "name": "family history of aortic disease",
      "type": "recipient_characteristic",
      "properties": {}
    },
    {
      "name": "maximal aortic diameter of 50 mm at the ascending aorta level",
      "type": "recipient_characteristic",
      "properties": {}
    },
    {
      "name": "involvement of the brachiocephalic trunk",
      "type": "recipient_characteristic",
      "properties": {}
    },
    {
      "name": "left renal artery originated from the false lumen",
      "type": "recipient_characteristic",
      "properties": {}
    },
    {
      "name": "aortic valve was trileaflet",
      "type": "recipient_characteristic",
      "properties": {}
    },
    {
      "name": "severe eccentric insufficiency",
      "type": "recipient_characteristic",
      "properties": {}
    },
    {
      "name": "urgent surgical repair",
      "type": "surgical_procedure",
      "properties": {}
    },
    {
      "name": "Cardiopulmonary bypass",
      "type": "surgical_procedure",
      "properties": {}
    },
    {
      "name": "direct true lumen cannulation",
      "type": "surgical_procedure",
      "properties": {}
    },
    {
      "name": "Seldinger echo-guided technique",
      "type": "surgical_procedure",
      "properties": {}
    },
    {
      "name": "cross-clamping between the distal ascending aorta and the proximal aortic",
      "type": "surgical_procedure",
      "properties": {}
    }
  ],
  "relations": [
    {
      "head": "chronic type IA aortic dissection",
      "relation": "diagnostic_basis_for",
      "tail": "urgent surgical repair",
      "properties": {}
    },
    {
      "head": "dyspnoea",
      "relation": "diagnostic_basis_for",
      "tail": "urgent surgical repair",
      "properties": {}
    },
    {
      "head": "poor blood pressure control",
      "relation": "diagnostic_basis_for",
      "tail": "urgent surgical repair",
      "properties": {}
    },
    {
      "head": "family history of aortic disease",
      "relation": "diagnostic_basis_for",
      "tail": "urgent surgical repair",
      "properties": {}
    },
    {
      "head": "maximal aortic diameter of 50 mm at the ascending aorta level",
      "relation": "diagnostic_basis_for",
      "tail": "urgent surgical repair",
      "properties": {}
    },
    {
      "head": "involvement of the brachiocephalic trunk",
      "relation": "diagnostic_basis_for",
      "tail": "urgent surgical repair",
      "properties": {}
    },
    {
      "head": "left renal artery originated from the false lumen",
      "relation": "diagnostic_basis_for",
      "tail": "urgent surgical repair",
      "properties": {}
    },
    {
      "head": "aortic valve was trileaflet",
      "relation": "diagnostic_basis_for",
      "tail": "urgent surgical repair",
      "properties": {}
    },
    {
      "head": "severe eccentric insufficiency",
      "relation": "diagnostic_basis_for",
      "tail": "urgent surgical repair",
      "properties": {}
    },
    {
      "head": "Cardiopulmonary bypass",
      "relation": "precedes",
      "tail": "Valve-sparing aortic root and partial aortic arch replacement",
      "properties": {}
    },
    {
      "head": "direct true lumen cannulation",
      "relation": "part_of",
      "tail": "Cardiopulmonary bypass",
      "properties": {}
    },
    {
      "head": "Seldinger echo-guided technique",
      "relation": "part_of",
      "tail": "direct true lumen cannulation",
      "properties": {}
    },
    {
      "head": "cross-clamping between the distal ascending aorta and the proximal aortic",
      "relation": "part_of",
      "tail": "Cardiopulmonary bypass",
      "properties": {}
    }
  ]
}