{
  "entities": [
    {
      "name": "donation after circulatory death heart transplantation",
      "type": "surgical_procedure",
      "properties": {}
    },
    {
      "name": "center experience",
      "type": "recipient_characteristic",
      "properties": {}
    },
    {
      "name": "survival",
      "type": "monitoring_indicator",
      "properties": {}
    },
    {
      "name": "center volume",
      "type": "recipient_characteristic",
      "properties": {}
    },
    {
      "name": "solid organ transplantation",
      "type": "surgical_procedure",
      "properties": {}
    }
  ],
  "relations": [
    {
      "head": "center experience",
      "relation": "increases_risk",
      "tail": "survival",
      "properties": {
        "evidence_strength": "cohort study"
      }
    },
    {
      "head": "center volume",
      "relation": "increases_risk",
      "tail": "improved outcomes",
      "properties": {
        "evidence_strength": "cohort study"
      }
    }
  ]
}