{
  "entities": [
    {
      "name": "Myocardial ischemia/reperfusion injury",
      "type": "complication",
      "properties": {}
    },
    {
      "name": "mitochondrial dysfunction",
      "type": "complication",
      "properties": {}
    },
    {
      "name": "cardiomyocyte death",
      "type": "complication",
      "properties": {}
    },
    {
      "name": "Mitophagy",
      "type": "treatment_regimen",
      "properties": {}
    },
    {
      "name": "Interleukin-6",
      "type": "medication",
      "properties": {}
    },
    {
      "name": "cardiomyocytes",
      "type": "recipient_characteristic",
      "properties": {}
    },
    {
      "name": "Recombinant IL-6",
      "type": "medication",
      "properties": {}
    },
    {
      "name": "cardiotropic recombinant adeno-associated virus serotype 9",
      "type": "medical_device",
      "properties": {}
    },
    {
      "name": "silencing IL-6",
      "type": "treatment_regimen",
      "properties": {}
    }
  ],
  "relations": [
    {
      "head": "mitochondrial dysfunction",
      "relation": "causes",
      "tail": "Myocardial ischemia/reperfusion injury",
      "properties": {}
    },
    {
      "head": "cardiomyocyte death",
      "relation": "causes",
      "tail": "Myocardial ischemia/reperfusion injury",
      "properties": {}
    },
    {
      "head": "Mitophagy",
      "relation": "alleviates",
      "tail": "Myocardial ischemia/reperfusion injury",
      "properties": {}
    },
    {
      "head": "Recombinant IL-6",
      "relation": "alleviates",
      "tail": "Myocardial ischemia/reperfusion injury",
      "properties": {}
    },
    {
      "head": "cardiotropic recombinant adeno-associated virus serotype 9",
      "relation": "treats",
      "tail": "silencing IL-6",
      "properties": {}
    }
  ]
}