{
  "entities": [
    {
      "name": "heart transplantation",
      "type": "surgical_procedure",
      "properties": {}
    },
    {
      "name": "lung transplantation",
      "type": "surgical_procedure",
      "properties": {}
    },
    {
      "name": "intensive care unit",
      "type": "medical_device",
      "properties": {}
    },
    {
      "name": "postoperative journey",
      "type": "recipient_characteristic",
      "properties": {}
    },
    {
      "name": "physical fragility",
      "type": "recipient_characteristic",
      "properties": {}
    },
    {
      "name": "emotional vulnerability",
      "type": "recipient_characteristic",
      "properties": {}
    },
    {
      "name": "identity transformation",
      "type": "recipient_characteristic",
      "properties": {}
    },
    {
      "name": "sedation",
      "type": "medication",
      "properties": {}
    },
    {
      "name": "intubation",
      "type": "medical_device",
      "properties": {}
    },
    {
      "name": "disorientation",
      "type": "complication",
      "properties": {}
    },
    {
      "name": "physiological stability",
      "type": "monitoring_indicator",
      "properties": {}
    },
    {
      "name": "ICU stay",
      "type": "monitoring_indicator",
      "properties": {
        "average_duration": "6 days for heart, 13 days for lung"
      }
    },
    {
      "name": "depersonalization",
      "type": "complication",
      "properties": {}
    },
    {
      "name": "dissatisfaction",
      "type": "complication",
      "properties": {}
    }
  ],
  "relations": [
    {
      "head": "heart transplantation",
      "relation": "precedes",
      "tail": "postoperative journey",
      "properties": {}
    },
    {
      "head": "lung transplantation",
      "relation": "precedes",
      "tail": "postoperative journey",
      "properties": {}
    },
    {
      "head": "postoperative journey",
      "relation": "part_of",
      "tail": "physical fragility",
      "properties": {}
    },
    {
      "head": "postoperative journey",
      "relation": "part_of",
      "tail": "emotional vulnerability",
      "properties": {}
    },
    {
      "head": "postoperative journey",
      "relation": "part_of",
      "tail": "identity transformation",
      "properties": {}
    },
    {
      "head": "sedation",
      "relation": "causes",
      "tail": "communication barriers",
      "properties": {}
    },
    {
      "head": "intubation",
      "relation": "causes",
      "tail": "communication barriers",
      "properties": {}
    },
    {
      "head": "disorientation",
      "relation": "causes",
      "tail": "communication barriers",
      "properties": {}
    },
    {
      "head": "communication barriers",
      "relation": "increases_risk",
      "tail": "depersonalization",
      "properties": {}
    },
    {
      "head": "communication barriers",
      "relation": "increases_risk",
      "tail": "dissatisfaction",
      "properties": {}
    },
    {
      "head": "ICU stay",
      "relation": "monitors",
      "tail": "physiological stability",
      "properties": {}
    }
  ]
}