{
  "entities": [
    {
      "name": "heart transplantation",
      "type": "surgical_procedure",
      "properties": {}
    },
    {
      "name": "donor-derived cell-free DNA",
      "type": "monitoring_indicator",
      "properties": {}
    },
    {
      "name": "endomyocardial biopsy",
      "type": "diagnostic_criteria",
      "properties": {}
    },
    {
      "name": "International Society for Heart and Lung Transplantation criteria",
      "type": "diagnostic_criteria",
      "properties": {}
    },
    {
      "name": "≥1R/1B",
      "type": "diagnostic_criteria",
      "properties": {}
    },
    {
      "name": "rejection",
      "type": "complication",
      "properties": {}
    },
    {
      "name": "multiorgan transplants",
      "type": "contraindication",
      "properties": {}
    },
    {
      "name": "heart transplantation recipients",
      "type": "recipient_characteristic",
      "properties": {}
    },
    {
      "name": "dd-cfDNA samples",
      "type": "monitoring_indicator",
      "properties": {}
    },
    {
      "name": "retrospective analysis",
      "type": "monitoring_indicator",
      "properties": {
        "evidence_strength": "retrospective study"
      }
    }
  ],
  "relations": [
    {
      "head": "endomyocardial biopsy",
      "relation": "diagnostic_basis_for",
      "tail": "rejection",
      "properties": {}
    },
    {
      "head": "International Society for Heart and Lung Transplantation criteria",
      "relation": "diagnostic_basis_for",
      "tail": "≥1R/1B",
      "properties": {}
    },
    {
      "head": "≥1R/1B",
      "relation": "diagnostic_basis_for",
      "tail": "rejection",
      "properties": {}
    },
    {
      "head": "multiorgan transplants",
      "relation": "contraindicated_in",
      "tail": "heart transplantation",
      "properties": {}
    },
    {
      "head": "dd-cfDNA samples",
      "relation": "monitors",
      "tail": "heart transplantation recipients",
      "properties": {}
    },
    {
      "head": "donor-derived cell-free DNA",
      "relation": "monitors",
      "tail": "heart transplantation recipients",
      "properties": {}
    },
    {
      "head": "retrospective analysis",
      "relation": "precedes",
      "tail": "dd-cfDNA samples",
      "properties": {}
    }
  ]
}