{
  "entities": [
    {
      "name": "Myocardial ischemia-reperfusion injury",
      "type": "complication",
      "properties": {}
    },
    {
      "name": "Maresin 1",
      "type": "medication",
      "properties": {}
    },
    {
      "name": "inflammation",
      "type": "complication",
      "properties": {}
    },
    {
      "name": "cardiac function",
      "type": "monitoring_indicator",
      "properties": {}
    },
    {
      "name": "creatine kinase",
      "type": "monitoring_indicator",
      "properties": {}
    },
    {
      "name": "lactate dehydrogenase",
      "type": "monitoring_indicator",
      "properties": {}
    },
    {
      "name": "cardiac troponin I",
      "type": "monitoring_indicator",
      "properties": {}
    },
    {
      "name": "IL-1beta",
      "type": "monitoring_indicator",
      "properties": {}
    },
    {
      "name": "IL-6",
      "type": "monitoring_indicator",
      "properties": {}
    },
    {
      "name": "IL-8",
      "type": "monitoring_indicator",
      "properties": {}
    },
    {
      "name": "MCP1",
      "type": "monitoring_indicator",
      "properties": {}
    },
    {
      "name": "TNF-alpha",
      "type": "monitoring_indicator",
      "properties": {}
    },
    {
      "name": "H9c2 rat cardiomyocytes",
      "type": "diagnostic_criteria",
      "properties": {}
    }
  ],
  "relations": [
    {
      "head": "Myocardial ischemia-reperfusion injury",
      "relation": "causes",
      "tail": "inflammation",
      "properties": {}
    },
    {
      "head": "Maresin 1",
      "relation": "alleviates",
      "tail": "inflammation",
      "properties": {}
    },
    {
      "head": "Maresin 1",
      "relation": "treats",
      "tail": "Myocardial ischemia-reperfusion injury",
      "properties": {}
    },
    {
      "head": "Maresin 1",
      "relation": "alleviates",
      "tail": "cardiac function impairment",
      "properties": {}
    },
    {
      "head": "creatine kinase",
      "relation": "monitors",
      "tail": "Myocardial ischemia-reperfusion injury",
      "properties": {}
    },
    {
      "head": "lactate dehydrogenase",
      "relation": "monitors",
      "tail": "Myocardial ischemia-reperfusion injury",
      "properties": {}
    },
    {
      "head": "cardiac troponin I",
      "relation": "monitors",
      "tail": "Myocardial ischemia-reperfusion injury",
      "properties": {}
    },
    {
      "head": "IL-1beta",
      "relation": "monitors",
      "tail": "inflammation",
      "properties": {}
    },
    {
      "head": "IL-6",
      "relation": "monitors",
      "tail": "inflammation",
      "properties": {}
    },
    {
      "head": "IL-8",
      "relation": "monitors",
      "tail": "inflammation",
      "properties": {}
    },
    {
      "head": "MCP1",
      "relation": "monitors",
      "tail": "inflammation",
      "properties": {}
    },
    {
      "head": "TNF-alpha",
      "relation": "monitors",
      "tail": "inflammation",
      "properties": {}
    },
    {
      "head": "H9c2 rat cardiomyocytes",
      "relation": "diagnostic_basis_for",
      "tail": "Myocardial ischemia-reperfusion injury",
      "properties": {}
    }
  ]
}