{
  "entities": [
    {
      "name": "Percutaneous Coronary Sinus Catheter Placement",
      "type": "surgical_procedure",
      "properties": {}
    },
    {
      "name": "Transesophageal Echocardiography",
      "type": "medical_device",
      "properties": {}
    },
    {
      "name": "Robotic Mitral Valve Surgery",
      "type": "surgical_procedure",
      "properties": {}
    },
    {
      "name": "retrograde cardioplegia delivery",
      "type": "treatment_regimen",
      "properties": {}
    },
    {
      "name": "minimally invasive cardiac surgery",
      "type": "surgical_procedure",
      "properties": {}
    },
    {
      "name": "robotic mitral valve repair",
      "type": "surgical_procedure",
      "properties": {}
    },
    {
      "name": "adult patients",
      "type": "recipient_characteristic",
      "properties": {}
    },
    {
      "name": "successful CSC placement",
      "type": "monitoring_indicator",
      "properties": {
        "statistical_data": "135/144 (94%)"
      }
    },
    {
      "name": "maintenance of cardia",
      "type": "monitoring_indicator",
      "properties": {
        "statistical_data": "122/135 (90%)"
      }
    }
  ],
  "relations": [
    {
      "head": "Transesophageal Echocardiography",
      "relation": "monitors",
      "tail": "Percutaneous Coronary Sinus Catheter Placement",
      "properties": {}
    },
    {
      "head": "Percutaneous Coronary Sinus Catheter Placement",
      "relation": "part_of",
      "tail": "Robotic Mitral Valve Surgery",
      "properties": {}
    },
    {
      "head": "Percutaneous Coronary Sinus Catheter Placement",
      "relation": "precedes",
      "tail": "retrograde cardioplegia delivery",
      "properties": {}
    },
    {
      "head": "Robotic Mitral Valve Surgery",
      "relation": "part_of",
      "tail": "minimally invasive cardiac surgery",
      "properties": {}
    },
    {
      "head": "robotic mitral valve repair",
      "relation": "part_of",
      "tail": "Robotic Mitral Valve Surgery",
      "properties": {}
    },
    {
      "head": "Transesophageal Echocardiography",
      "relation": "diagnostic_basis_for",
      "tail": "successful CSC placement",
      "properties": {
        "evidence_strength": "retrospective cohort study"
      }
    }
  ]
}