{
  "entities": [
    {
      "name": "heart transplantation",
      "type": "surgical_procedure",
      "properties": {}
    },
    {
      "name": "ex-vivo machine perfusion",
      "type": "medical_device",
      "properties": {}
    },
    {
      "name": "device transparency",
      "type": "monitoring_indicator",
      "properties": {}
    },
    {
      "name": "reporting",
      "type": "monitoring_indicator",
      "properties": {}
    },
    {
      "name": "better outcomes",
      "type": "monitoring_indicator",
      "properties": {}
    }
  ],
  "relations": [
    {
      "head": "device transparency",
      "relation": "monitors",
      "tail": "heart transplantation",
      "properties": {}
    },
    {
      "head": "reporting",
      "relation": "monitors",
      "tail": "heart transplantation",
      "properties": {}
    },
    {
      "head": "ex-vivo machine perfusion",
      "relation": "part_of",
      "tail": "heart transplantation",
      "properties": {}
    },
    {
      "head": "device transparency",
      "relation": "precedes",
      "tail": "better outcomes",
      "properties": {}
    },
    {
      "head": "reporting",
      "relation": "precedes",
      "tail": "better outcomes",
      "properties": {}
    }
  ]
}