{
  "entities": [
    {
      "name": "Clinical Deterioration",
      "type": "complication",
      "properties": {}
    },
    {
      "name": "Stage 1 and 2 Single Ventricle Patients",
      "type": "recipient_characteristic",
      "properties": {}
    },
    {
      "name": "Heart Transplant",
      "type": "surgical_procedure",
      "properties": {}
    },
    {
      "name": "single ventricle (SV) congenital heart disease",
      "type": "recipient_characteristic",
      "properties": {}
    },
    {
      "name": "Mortality",
      "type": "complication",
      "properties": {}
    }
  ],
  "relations": [
    {
      "head": "single ventricle (SV) congenital heart disease",
      "relation": "increases_risk",
      "tail": "Mortality",
      "properties": {}
    },
    {
      "head": "Stage 1 and 2 Single Ventricle Patients",
      "relation": "part_of",
      "tail": "single ventricle (SV) congenital heart disease",
      "properties": {}
    }
  ]
}