{
  "entities": [
    {
      "name": "central venoarterial extracorporeal membrane oxygenation",
      "type": "medical_device",
      "properties": {}
    },
    {
      "name": "arterial cannula direction",
      "type": "surgical_procedure",
      "properties": {}
    },
    {
      "name": "aortic hemodynamic characteristics",
      "type": "monitoring_indicator",
      "properties": {}
    },
    {
      "name": "perfusion conditions",
      "type": "monitoring_indicator",
      "properties": {}
    }
  ],
  "relations": [
    {
      "head": "arterial cannula direction",
      "relation": "monitors",
      "tail": "aortic hemodynamic characteristics",
      "properties": {}
    },
    {
      "head": "arterial cannula direction",
      "relation": "part_of",
      "tail": "central venoarterial extracorporeal membrane oxygenation",
      "properties": {}
    }
  ]
}