{
  "entities": [
    {
      "name": "Left ventricular assist device (LVAD) implantation",
      "type": "surgical_procedure",
      "properties": {}
    },
    {
      "name": "advanced heart failure (HF)",
      "type": "recipient_characteristic",
      "properties": {}
    },
    {
      "name": "heart transplantation",
      "type": "surgical_procedure",
      "properties": {}
    },
    {
      "name": "destination therapy",
      "type": "treatment_regimen",
      "properties": {}
    },
    {
      "name": "durable mechanical circulatory support",
      "type": "medical_device",
      "properties": {}
    },
    {
      "name": "bridge-to-transplant",
      "type": "treatment_regimen",
      "properties": {}
    },
    {
      "name": "atrial and ventricular arrhythmias (AAs and VAs, respectively)",
      "type": "complication",
      "properties": {}
    },
    {
      "name": "right ventricular failure",
      "type": "complication",
      "properties": {}
    },
    {
      "name": "arrhythmic storm",
      "type": "complication",
      "properties": {}
    },
    {
      "name": "HF with reduced ejection fraction",
      "type": "recipient_characteristic",
      "properties": {}
    }
  ],
  "relations": [
    {
      "head": "advanced heart failure (HF)",
      "relation": "prerequisite_of",
      "tail": "Left ventricular assist device (LVAD) implantation",
      "properties": {}
    },
    {
      "head": "Left ventricular assist device (LVAD) implantation",
      "relation": "treats",
      "tail": "advanced heart failure (HF)",
      "properties": {}
    },
    {
      "head": "Left ventricular assist device (LVAD) implantation",
      "relation": "precedes",
      "tail": "atrial and ventricular arrhythmias (AAs and VAs, respectively)",
      "properties": {}
    },
    {
      "head": "atrial and ventricular arrhythmias (AAs and VAs, respectively)",
      "relation": "causes",
      "tail": "right ventricular failure",
      "properties": {}
    },
    {
      "head": "atrial and ventricular arrhythmias (AAs and VAs, respectively)",
      "relation": "causes",
      "tail": "arrhythmic storm",
      "properties": {}
    },
    {
      "head": "HF with reduced ejection fraction",
      "relation": "part_of",
      "tail": "advanced heart failure (HF)",
      "properties": {}
    }
  ]
}