{
  "entities": [
    {
      "name": "closely-bred dog colony",
      "type": "recipient_characteristic",
      "properties": {}
    },
    {
      "name": "cardiac allografts",
      "type": "surgical_procedure",
      "properties": {}
    },
    {
      "name": "prolonged survival",
      "type": "monitoring_indicator",
      "properties": {}
    }
  ],
  "relations": [
    {
      "head": "closely-bred dog colony",
      "relation": "monitors",
      "tail": "prolonged survival",
      "properties": {}
    },
    {
      "head": "cardiac allografts",
      "relation": "precedes",
      "tail": "prolonged survival",
      "properties": {}
    }
  ]
}