{
  "entities": [
    {
      "name": "Heart transplantation",
      "type": "surgical_procedure",
      "properties": {}
    },
    {
      "name": "clinical experiment",
      "type": "treatment_regimen",
      "properties": {}
    },
    {
      "name": "established therapeutic possibility",
      "type": "treatment_regimen",
      "properties": {}
    }
  ],
  "relations": [
    {
      "head": "clinical experiment",
      "relation": "precedes",
      "tail": "established therapeutic possibility",
      "properties": {}
    },
    {
      "head": "clinical experiment",
      "relation": "part_of",
      "tail": "Heart transplantation",
      "properties": {}
    },
    {
      "head": "established therapeutic possibility",
      "relation": "part_of",
      "tail": "Heart transplantation",
      "properties": {}
    }
  ]
}