{
  "entities": [
    {
      "name": "donor-specific blood transfusions",
      "type": "treatment_regimen",
      "properties": {}
    },
    {
      "name": "heart allograft",
      "type": "surgical_procedure",
      "properties": {}
    },
    {
      "name": "pancreas allograft",
      "type": "surgical_procedure",
      "properties": {}
    },
    {
      "name": "skin allograft",
      "type": "surgical_procedure",
      "properties": {}
    },
    {
      "name": "antilymphocyte serum",
      "type": "medication",
      "properties": {}
    },
    {
      "name": "azathioprine",
      "type": "medication",
      "properties": {}
    },
    {
      "name": "donor-host histocompatibility",
      "type": "donor_characteristic",
      "properties": {}
    },
    {
      "name": "specific tissue transplanted",
      "type": "donor_characteristic",
      "properties": {}
    },
    {
      "name": "blood transfusion schedule",
      "type": "treatment_regimen",
      "properties": {}
    },
    {
      "name": "adjunctive immunosuppression",
      "type": "treatment_regimen",
      "properties": {}
    }
  ],
  "relations": [
    {
      "head": "donor-specific blood transfusions",
      "relation": "increases_risk",
      "tail": "prolonged cardiac allograft survivals",
      "properties": {}
    },
    {
      "head": "antilymphocyte serum",
      "relation": "increases_risk",
      "tail": "further prolonged survivals",
      "properties": {}
    },
    {
      "head": "antilymphocyte serum",
      "relation": "treats",
      "tail": "state of sensitization",
      "properties": {}
    },
    {
      "head": "azathioprine",
      "relation": "part_of",
      "tail": "blood pretreatment",
      "properties": {}
    },
    {
      "head": "donor-host histocompatibility",
      "relation": "influences",
      "tail": "graft prolongation",
      "properties": {}
    },
    {
      "head": "specific tissue transplanted",
      "relation": "influences",
      "tail": "graft prolongation",
      "properties": {}
    },
    {
      "head": "blood transfusion schedule",
      "relation": "influences",
      "tail": "graft prolongation",
      "properties": {}
    },
    {
      "head": "adjunctive immunosuppression",
      "relation": "influences",
      "tail": "graft prolongation",
      "properties": {}
    }
  ]
}