{
  "entities": [
    {
      "name": "Transplant vasculopathy",
      "type": "complication",
      "properties": {
        "abbreviation": "TxCAD"
      }
    },
    {
      "name": "preexistent donor coronary artery disease",
      "type": "donor_characteristic",
      "properties": {
        "abbreviation": "PEDD"
      }
    },
    {
      "name": "cardiac transplantation",
      "type": "surgical_procedure",
      "properties": {}
    },
    {
      "name": "intravascular ultrasonic imaging",
      "type": "monitoring_indicator",
      "properties": {}
    },
    {
      "name": "vessel luminal area",
      "type": "monitoring_indicator",
      "properties": {
        "abbreviation": "LA"
      }
    },
    {
      "name": "total area",
      "type": "monitoring_indicator",
      "properties": {
        "abbreviation": "TA"
      }
    },
    {
      "name": "intimal index",
      "type": "monitoring_indicator",
      "properties": {
        "abbreviation": "II",
        "formula": "TA - LA/TA"
      }
    },
    {
      "name": "mean intimal thickness",
      "type": "monitoring_indicator",
      "properties": {
        "abbreviation": "MIT"
      }
    },
    {
      "name": "Stanford classification",
      "type": "diagnostic_criteria",
      "properties": {}
    },
    {
      "name": "intimal disease",
      "type": "complication",
      "properties": {}
    }
  ],
  "relations": [
    {
      "head": "preexistent donor coronary artery disease",
      "relation": "increases_risk",
      "tail": "intimal disease",
      "properties": {
        "p_value": "< .001",
        "evidence_strength": "cohort study"
      }
    },
    {
      "head": "intravascular ultrasonic imaging",
      "relation": "monitors",
      "tail": "Transplant vasculopathy",
      "properties": {
        "evidence_strength": "cohort study"
      }
    },
    {
      "head": "intravascular ultrasonic imaging",
      "relation": "monitors",
      "tail": "vessel luminal area",
      "properties": {
        "evidence_strength": "cohort study"
      }
    },
    {
      "head": "intravascular ultrasonic imaging",
      "relation": "monitors",
      "tail": "total area",
      "properties": {
        "evidence_strength": "cohort study"
      }
    },
    {
      "head": "intravascular ultrasonic imaging",
      "relation": "monitors",
      "tail": "intimal index",
      "properties": {
        "evidence_strength": "cohort study"
      }
    },
    {
      "head": "intravascular ultrasonic imaging",
      "relation": "monitors",
      "tail": "mean intimal thickness",
      "properties": {
        "evidence_strength": "cohort study"
      }
    },
    {
      "head": "intravascular ultrasonic imaging",
      "relation": "monitors",
      "tail": "Stanford classification",
      "properties": {
        "evidence_strength": "cohort study"
      }
    }
  ]
}