{
  "entities": [
    {
      "name": "Cyclosporin A",
      "type": "medication",
      "properties": {}
    },
    {
      "name": "allo-specific precursor cytotoxic T lymphocytes",
      "type": "recipient_characteristic",
      "properties": {}
    },
    {
      "name": "committed cytotoxic T lymphocytes",
      "type": "recipient_characteristic",
      "properties": {}
    },
    {
      "name": "heart transplantation",
      "type": "surgical_procedure",
      "properties": {}
    },
    {
      "name": "clinical heart transplantation",
      "type": "surgical_procedure",
      "properties": {}
    }
  ],
  "relations": [
    {
      "head": "Cyclosporin A",
      "relation": "treats",
      "tail": "allo-specific precursor cytotoxic T lymphocytes",
      "properties": {}
    },
    {
      "head": "Cyclosporin A",
      "relation": "treats",
      "tail": "committed cytotoxic T lymphocytes",
      "properties": {}
    },
    {
      "head": "allo-specific precursor cytotoxic T lymphocytes",
      "relation": "part_of",
      "tail": "clinical heart transplantation",
      "properties": {}
    },
    {
      "head": "committed cytotoxic T lymphocytes",
      "relation": "part_of",
      "tail": "clinical heart transplantation",
      "properties": {}
    }
  ]
}