{
  "entities": [
    {
      "name": "heart transplantation",
      "type": "surgical_procedure",
      "properties": {}
    },
    {
      "name": "Cytomegalovirus infection",
      "type": "complication",
      "properties": {}
    },
    {
      "name": "prophylaxis",
      "type": "treatment_regimen",
      "properties": {}
    }
  ],
  "relations": [
    {
      "head": "prophylaxis",
      "relation": "treats",
      "tail": "Cytomegalovirus infection",
      "properties": {}
    },
    {
      "head": "Cytomegalovirus infection",
      "relation": "complication",
      "tail": "heart transplantation",
      "properties": {}
    }
  ]
}