{
  "entities": [
    {
      "name": "orthotopic cardiac transplantation",
      "type": "surgical_procedure",
      "properties": {}
    },
    {
      "name": "ischemic cardiomyopathy",
      "type": "recipient_characteristic",
      "properties": {}
    },
    {
      "name": "99mTc sestamibi",
      "type": "medical_device",
      "properties": {}
    },
    {
      "name": "201 Tl",
      "type": "medical_device",
      "properties": {}
    },
    {
      "name": "myocardial infarction",
      "type": "complication",
      "properties": {}
    },
    {
      "name": "myocardial viability",
      "type": "monitoring_indicator",
      "properties": {}
    },
    {
      "name": "rotational tomography",
      "type": "medical_device",
      "properties": {}
    },
    {
      "name": "myocardial hypoperfusion",
      "type": "monitoring_indicator",
      "properties": {}
    },
    {
      "name": "gamma camera",
      "type": "medical_device",
      "properties": {}
    },
    {
      "name": "pathological scar size",
      "type": "diagnostic_criteria",
      "properties": {}
    },
    {
      "name": "scintigraphic scar",
      "type": "diagnostic_criteria",
      "properties": {}
    },
    {
      "name": "tissue 99mTc sestamibi activity",
      "type": "monitoring_indicator",
      "properties": {}
    },
    {
      "name": "histological evidence of myocardial viability",
      "type": "diagnostic_criteria",
      "properties": {}
    }
  ],
  "relations": [
    {
      "head": "99mTc sestamibi",
      "relation": "monitors",
      "tail": "myocardial infarction",
      "properties": {
        "evidence_strength": "scintigraphic/pathological study",
        "correlation": "equivalent detection"
      }
    },
    {
      "head": "201 Tl",
      "relation": "monitors",
      "tail": "myocardial infarction",
      "properties": {
        "evidence_strength": "scintigraphic/pathological study",
        "correlation": "equivalent detection"
      }
    },
    {
      "head": "rotational tomography",
      "relation": "monitors",
      "tail": "myocardial hypoperfusion",
      "properties": {
        "evidence_strength": "scintigraphic/pathological study"
      }
    },
    {
      "head": "scintigraphic scar",
      "relation": "diagnostic_basis_for",
      "tail": "pathological scar size",
      "properties": {
        "evidence_strength": "scintigraphic/pathological study",
        "statistical_data": "r = .89"
      }
    },
    {
      "head": "tissue 99mTc sestamibi activity",
      "relation": "diagnostic_basis_for",
      "tail": "histological evidence of myocardial viability",
      "properties": {
        "evidence_strength": "scintigraphic/pathological study",
        "statistical_data": "r = .89"
      }
    }
  ]
}