{
  "entities": [
    {
      "name": "perfusion",
      "type": "surgical_procedure",
      "properties": {}
    },
    {
      "name": "donor blood",
      "type": "donor_characteristic",
      "properties": {}
    },
    {
      "name": "oxygen transport function of the blood",
      "type": "monitoring_indicator",
      "properties": {}
    }
  ],
  "relations": [
    {
      "head": "perfusion",
      "relation": "monitors",
      "tail": "oxygen transport function of the blood",
      "properties": {}
    },
    {
      "head": "donor blood",
      "relation": "part_of",
      "tail": "perfusion",
      "properties": {
        "note": "without using"
      }
    }
  ]
}