{
  "entities": [
    {
      "name": "heart transplantation",
      "type": "surgical_procedure",
      "properties": {}
    },
    {
      "name": "standard criteria for an acceptable donor heart",
      "type": "donor_characteristic",
      "properties": {}
    },
    {
      "name": "donors greater than 50 years of age",
      "type": "donor_characteristic",
      "properties": {}
    },
    {
      "name": "myocardial dysfunction",
      "type": "donor_characteristic",
      "properties": {
        "echocardiographic ejection fraction": "0.35 +/- 0.10",
        "dopamine level": "exceeding 20 micrograms.kg-1.min-1",
        "resuscitation": "triiodothyronine"
      }
    },
    {
      "name": "undersized donors",
      "type": "donor_characteristic",
      "properties": {
        "donor to recipient weight ratios": "0.45 +/- 0.04"
      }
    },
    {
      "name": "extended ischemic times",
      "type": "donor_characteristic",
      "properties": {
        "duration": "297.4 +/- 53.6 minutes"
      }
    },
    {
      "name": "positive blood cultures",
      "type": "donor_characteristic",
      "properties": {}
    },
    {
      "name": "positive hepatitis C antibody titers",
      "type": "donor_characteristic",
      "properties": {}
    },
    {
      "name": "conduction abnormalities",
      "type": "donor_characteristic",
      "properties": {
        "types": "Wolff-Parkinson-White syndrome, prolonged QT interval, bifascicular block"
      }
    },
    {
      "name": "30-day mortality",
      "type": "monitoring_indicator",
      "properties": {
        "group A": "6.2% (7/113)",
        "group B": "6.0% (5/83)"
      }
    },
    {
      "name": "myocardial dysfunction",
      "type": "complication",
      "properties": {}
    },
    {
      "name": "infection",
      "type": "complication",
      "properties": {}
    },
    {
      "name": "acute rejection",
      "type": "complication",
      "properties": {}
    },
    {
      "name": "pancreatitis",
      "type": "complication",
      "properties": {}
    },
    {
      "name": "aspiration",
      "type": "complication",
      "properties": {}
    },
    {
      "name": "bowel infarction",
      "type": "complication",
      "properties": {}
    },
    {
      "name": "hepatitis C",
      "type": "complication",
      "properties": {
        "severity": "mild hepatitis"
      }
    },
    {
      "name": "12 months survival",
      "type": "monitoring_indicator",
      "properties": {
        "result": "similar between the groups"
      }
    },
    {
      "name": "hemodynamic indices",
      "type": "monitoring_indicator",
      "properties": {
        "result": "similar between the groups"
      }
    }
  ],
  "relations": [
    {
      "head": "standard criteria for an acceptable donor heart",
      "relation": "prerequisite_of",
      "tail": "heart transplantation",
      "properties": {}
    },
    {
      "head": "donors greater than 50 years of age",
      "relation": "part_of",
      "tail": "group B donors",
      "properties": {
        "count": "16"
      }
    },
    {
      "head": "myocardial dysfunction",
      "relation": "part_of",
      "tail": "group B donors",
      "properties": {
        "count": "33"
      }
    },
    {
      "head": "undersized donors",
      "relation": "part_of",
      "tail": "group B donors",
      "properties": {
        "count": "33"
      }
    },
    {
      "head": "extended ischemic times",
      "relation": "part_of",
      "tail": "group B donors",
      "properties": {
        "count": "48"
      }
    },
    {
      "head": "positive blood cultures",
      "relation": "part_of",
      "tail": "group B donors",
      "properties": {
        "count": "25"
      }
    },
    {
      "head": "positive hepatitis C antibody titers",
      "relation": "part_of",
      "tail": "group B donors",
      "properties": {
        "count": "16"
      }
    },
    {
      "head": "conduction abnormalities",
      "relation": "part_of",
      "tail": "group B donors",
      "properties": {
        "count": "7"
      }
    },
    {
      "head": "myocardial dysfunction",
      "relation": "causes",
      "tail": "30-day mortality",
      "properties": {
        "group": "A",
        "count": "3"
      }
    },
    {
      "head": "infection",
      "relation": "causes",
      "tail": "30-day mortality",
      "properties": {
        "group": "A",
        "count": "2"
      }
    },
    {
      "head": "acute rejection",
      "relation": "causes",
      "tail": "30-day mortality",
      "properties": {
        "group": "A",
        "count": "1"
      }
    },
    {
      "head": "pancreatitis",
      "relation": "causes",
      "tail": "30-day mortality",
      "properties": {
        "group": "A",
        "count": "1"
      }
    },
    {
      "head": "myocardial dysfunction",
      "relation": "causes",
      "tail": "30-day mortality",
      "properties": {
        "group": "B",
        "count": "2"
      }
    },
    {
      "head": "infection",
      "relation": "causes",
      "tail": "30-day mortality",
      "properties": {
        "group": "B",
        "count": "1"
      }
    },
    {
      "head": "aspiration",
      "relation": "causes",
      "tail": "30-day mortality",
      "properties": {
        "group": "B",
        "count": "1"
      }
    },
    {
      "head": "bowel infarction",
      "relation": "causes",
      "tail": "30-day mortality",
      "properties": {
        "group": "B",
        "count": "1"
      }
    },
    {
      "head": "positive hepatitis C antibody titers",
      "relation": "causes",
      "tail": "hepatitis C",
      "properties": {
        "count": "5 out of 16 recipients"
      }
    }
  ]
}