{
  "entities": [
    {
      "name": "orthotopic heart transplantation",
      "type": "surgical_procedure",
      "properties": {}
    },
    {
      "name": "donor heart rate",
      "type": "donor_characteristic",
      "properties": {}
    },
    {
      "name": "recipient atrial contraction",
      "type": "recipient_characteristic",
      "properties": {}
    },
    {
      "name": "respiration",
      "type": "recipient_characteristic",
      "properties": {}
    },
    {
      "name": "pulsed wave transmitral Doppler flow indices",
      "type": "monitoring_indicator",
      "properties": {}
    },
    {
      "name": "pacemaker synchronization",
      "type": "treatment_regimen",
      "properties": {}
    },
    {
      "name": "pulsed wave Doppler analysis",
      "type": "monitoring_indicator",
      "properties": {}
    },
    {
      "name": "diastolic left ventricular function",
      "type": "monitoring_indicator",
      "properties": {}
    },
    {
      "name": "peak early diastolic velocity (E)",
      "type": "monitoring_indicator",
      "properties": {}
    },
    {
      "name": "area under the Doppler curve (TVIE)",
      "type": "monitoring_indicator",
      "properties": {}
    },
    {
      "name": "diastolic velocity after donor atrial contraction (A)",
      "type": "monitoring_indicator",
      "properties": {}
    },
    {
      "name": "area under the curve (TVIA)",
      "type": "monitoring_indicator",
      "properties": {}
    },
    {
      "name": "total area under the curve (TVI)",
      "type": "monitoring_indicator",
      "properties": {}
    },
    {
      "name": "isovolumic relaxation period (IVR)",
      "type": "monitoring_indicator",
      "properties": {}
    },
    {
      "name": "diastolic filling period",
      "type": "monitoring_indicator",
      "properties": {}
    },
    {
      "name": "normalized peak filling rate",
      "type": "monitoring_indicator",
      "properties": {}
    },
    {
      "name": "pressure half time",
      "type": "monitoring_indicator",
      "properties": {}
    },
    {
      "name": "recipient P wave",
      "type": "monitoring_indicator",
      "properties": {}
    },
    {
      "name": "respiration phase",
      "type": "monitoring_indicator",
      "properties": {}
    }
  ],
  "relations": [
    {
      "head": "donor heart rate",
      "relation": "monitors",
      "tail": "pulsed wave transmitral Doppler flow indices",
      "properties": {
        "evidence_strength": "prospective cohort study"
      }
    },
    {
      "head": "recipient atrial contraction",
      "relation": "monitors",
      "tail": "pulsed wave transmitral Doppler flow indices",
      "properties": {
        "evidence_strength": "prospective cohort study"
      }
    },
    {
      "head": "respiration",
      "relation": "monitors",
      "tail": "pulsed wave transmitral Doppler flow indices",
      "properties": {
        "evidence_strength": "prospective cohort study"
      }
    },
    {
      "head": "pacemaker synchronization",
      "relation": "treats",
      "tail": "recipient atrial contraction",
      "properties": {
        "evidence_strength": "prospective cohort study"
      }
    },
    {
      "head": "pulsed wave Doppler analysis",
      "relation": "diagnostic_basis_for",
      "tail": "diastolic left ventricular function",
      "properties": {
        "evidence_strength": "prospective cohort study"
      }
    },
    {
      "head": "recipient P wave",
      "relation": "monitors",
      "tail": "recipient atrial contraction timing",
      "properties": {
        "evidence_strength": "prospective cohort study"
      }
    },
    {
      "head": "donor heart rate",
      "relation": "monitors",
      "tail": "isovolumic relaxation period",
      "properties": {
        "statistical_data": "not influenced",
        "evidence_strength": "prospective cohort study"
      }
    },
    {
      "head": "donor heart rate",
      "relation": "monitors",
      "tail": "peak early diastolic velocity (E)",
      "properties": {
        "statistical_data": "not influenced",
        "evidence_strength": "prospective cohort study"
      }
    },
    {
      "head": "donor heart rate",
      "relation": "monitors",
      "tail": "pressure half time",
      "properties": {
        "statistical_data": "not influenced",
        "evidence_strength": "prospective cohort study"
      }
    },
    {
      "head": "donor heart rate",
      "relation": "monitors",
      "tail": "area under the curve (TVIA)",
      "properties": {
        "statistical_data": "not influenced",
        "evidence_strength": "prospective cohort study"
      }
    },
    {
      "head": "respiration",
      "relation": "monitors",
      "tail": "isovolumic relaxation period",
      "properties": {
        "statistical_data": "contributes as much as recipient atrial contraction timing to beat-to-beat variation",
        "evidence_strength": "prospective cohort study"
      }
    },
    {
      "head": "respiration",
      "relation": "monitors",
      "tail": "peak early diastolic velocity (E)",
      "properties": {
        "statistical_data": "contributes as much as recipient atrial contraction timing to beat-to-beat variation",
        "evidence_strength": "prospective cohort study"
      }
    },
    {
      "head": "respiration",
      "relation": "monitors",
      "tail": "total area under the curve (TVI)",
      "properties": {
        "statistical_data": "contributes as much as recipient atrial contraction timing to beat-to-beat variation",
        "evidence_strength": "prospective cohort study"
      }
    },
    {
      "head": "respiration",
      "relation": "monitors",
      "tail": "area under the Doppler curve (TVIE)",
      "properties": {
        "statistical_data": "contributes as much as recipient atrial contraction timing to beat-to-beat variation",
        "evidence_strength": "prospective cohort study"
      }
    },
    {
      "head": "recipient atrial contraction",
      "relation": "monitors",
      "tail": "isovolumic relaxation period",
      "properties": {
        "statistical_data": "contributes as much as respiration to beat-to-beat variation",
        "evidence_strength": "prospective cohort study"
      }
    },
    {
      "head": "recipient atrial contraction",
      "relation": "monitors",
      "tail": "peak early diastolic velocity (E)",
      "properties": {
        "statistical_data": "contributes as much as respiration to beat-to-beat variation",
        "evidence_strength": "prospective cohort study"
      }
    },
    {
      "head": "recipient atrial contraction",
      "relation": "monitors",
      "tail": "total area under the curve (TVI)",
      "properties": {
        "statistical_data": "contributes as much as respiration to beat-to-beat variation",
        "evidence_strength": "prospective cohort study"
      }
    },
    {
      "head": "recipient atrial contraction",
      "relation": "monitors",
      "tail": "area under the Doppler curve (TVIE)",
      "properties": {
        "statistical_data": "contributes as much as respiration to beat-to-beat variation",
        "evidence_strength": "prospective cohort study"
      }
    }
  ]
}