{
  "entities": [
    {
      "name": "heart transplantation",
      "type": "surgical_procedure",
      "properties": {}
    },
    {
      "name": "preservation time",
      "type": "donor_characteristic",
      "properties": {}
    },
    {
      "name": "cardiac function",
      "type": "recipient_characteristic",
      "properties": {}
    },
    {
      "name": "critical decrease in high energy phosphates (HEP)",
      "type": "risk_factor",
      "properties": {}
    },
    {
      "name": "ribose",
      "type": "medication",
      "properties": {}
    },
    {
      "name": "infused into 20 rats for 24 hours continuously before explantation",
      "type": "treatment_regimen",
      "properties": {}
    },
    {
      "name": "added to the solutions used for preservation",
      "type": "treatment_regimen",
      "properties": {}
    },
    {
      "name": "saline",
      "type": "medication",
      "properties": {}
    },
    {
      "name": "myocardial tissue biopsies",
      "type": "monitoring_indicator",
      "properties": {}
    },
    {
      "name": "high energy phosphates",
      "type": "monitoring_indicator",
      "properties": {}
    },
    {
      "name": "HPLC",
      "type": "medical_device",
      "properties": {}
    },
    {
      "name": "adenosine triphosphate content (ATP)",
      "type": "monitoring_indicator",
      "properties": {}
    },
    {
      "name": "energy charge",
      "type": "monitoring_indicator",
      "properties": {}
    },
    {
      "name": "total adenine nucleotides (TAN)",
      "type": "monitoring_indicator",
      "properties": {}
    },
    {
      "name": "ATP level of 12.3 micromol/g dry weight",
      "type": "diagnostic_criteria",
      "properties": {
        "statistical_data": "minimum level in 10 ribose treated hearts"
      }
    },
    {
      "name": "ATP levels below 10 micromol/g dry weight",
      "type": "diagnostic_criteria",
      "properties": {
        "statistical_data": "2 out of 11 control hearts"
      }
    },
    {
      "name": "donor treatment and metabolic support with ribose during organ preservation",
      "type": "treatment_regimen",
      "properties": {}
    }
  ],
  "relations": [
    {
      "head": "preservation time",
      "relation": "prerequisite_of",
      "tail": "heart transplantation",
      "properties": {}
    },
    {
      "head": "preservation for more than 4 to 6 hours",
      "relation": "increases_risk",
      "tail": "cardiac function after transplantation declines dramatically",
      "properties": {}
    },
    {
      "head": "critical decrease in high energy phosphates (HEP) after explantation",
      "relation": "causes",
      "tail": "cardiac function after transplantation declines dramatically",
      "properties": {}
    },
    {
      "head": "ribose",
      "relation": "alleviates",
      "tail": "critical decrease in high energy phosphates (HEP)",
      "properties": {}
    },
    {
      "head": "ribose",
      "relation": "treats",
      "tail": "cardiac function",
      "properties": {}
    },
    {
      "head": "myocardial tissue biopsies",
      "relation": "monitors",
      "tail": "high energy phosphates",
      "properties": {}
    },
    {
      "head": "HPLC",
      "relation": "monitors",
      "tail": "high energy phosphates",
      "properties": {}
    },
    {
      "head": "ATP level of 12.3 micromol/g dry weight",
      "relation": "diagnostic_basis_for",
      "tail": "ribose treatment is capable of maintaining ATP at a higher level",
      "properties": {
        "evidence_strength": "single case analysis"
      }
    },
    {
      "head": "ATP levels below 10 micromol/g dry weight",
      "relation": "diagnostic_basis_for",
      "tail": "control group hearts",
      "properties": {
        "evidence_strength": "single case analysis"
      }
    },
    {
      "head": "donor treatment and metabolic support with ribose during organ preservation",
      "relation": "alleviates",
      "tail": "prolong preservation time of donor hearts",
      "properties": {}
    }
  ]
}