{
  "entities": [
    {
      "name": "heart transplantation",
      "type": "surgical_procedure",
      "properties": {}
    },
    {
      "name": "deceased donors after circulatory death",
      "type": "donor_characteristic",
      "properties": {}
    },
    {
      "name": "thoracoabdominal normothermic regional perfusion",
      "type": "surgical_procedure",
      "properties": {}
    },
    {
      "name": "ex situ perfusion systems",
      "type": "medical_device",
      "properties": {}
    },
    {
      "name": "aorta is clamped",
      "type": "surgical_procedure",
      "properties": {}
    },
    {
      "name": "flush circuit",
      "type": "medical_device",
      "properties": {}
    },
    {
      "name": "controlled, extended, ultraoxygenated flush",
      "type": "surgical_procedure",
      "properties": {}
    },
    {
      "name": "mean aortic-root pressure of 80 mm Hg",
      "type": "monitoring_indicator",
      "properties": {}
    },
    {
      "name": "normal biventricular function",
      "type": "recipient_characteristic",
      "properties": {}
    },
    {
      "name": "acute cellular rejection",
      "type": "complication",
      "properties": {}
    },
    {
      "name": "antibody-mediated rejection",
      "type": "complication",
      "properties": {}
    },
    {
      "name": "excellent early post-transplant outcomes",
      "type": "recipient_characteristic",
      "properties": {}
    }
  ],
  "relations": [
    {
      "head": "method for recovery of hearts",
      "relation": "precedes",
      "tail": "heart transplantation",
      "properties": {}
    },
    {
      "head": "method for recovery of hearts",
      "relation": "alleviates",
      "tail": "need for thoracoabdominal normothermic regional perfusion",
      "properties": {}
    },
    {
      "head": "method for recovery of hearts",
      "relation": "alleviates",
      "tail": "need for ex situ perfusion systems",
      "properties": {}
    },
    {
      "head": "aorta is clamped",
      "relation": "prerequisite_of",
      "tail": "flush circuit",
      "properties": {}
    },
    {
      "head": "flush circuit",
      "relation": "monitors",
      "tail": "mean aortic-root pressure of 80 mm Hg",
      "properties": {}
    },
    {
      "head": "controlled, extended, ultraoxygenated flush",
      "relation": "treats",
      "tail": "donor heart",
      "properties": {}
    },
    {
      "head": "method for recovery of hearts",
      "relation": "diagnostic_basis_for",
      "tail": "normal biventricular function",
      "properties": {}
    },
    {
      "head": "method for recovery of hearts",
      "relation": "diagnostic_basis_for",
      "tail": "no evidence of acute cellular rejection",
      "properties": {}
    },
    {
      "head": "method for recovery of hearts",
      "relation": "diagnostic_basis_for",
      "tail": "no evidence of antibody-mediated rejection",
      "properties": {}
    },
    {
      "head": "method for recovery of hearts",
      "relation": "diagnostic_basis_for",
      "tail": "excellent early post-transplant outcomes",
      "properties": {}
    }
  ]
}