{
  "entities": [
    {
      "name": "Amniotic fluid-derived mesenchymal stem cells",
      "type": "treatment_regimen",
      "properties": {}
    },
    {
      "name": "transplantation",
      "type": "surgical_procedure",
      "properties": {}
    },
    {
      "name": "porcine model",
      "type": "recipient_characteristic",
      "properties": {}
    },
    {
      "name": "inflammation",
      "type": "complication",
      "properties": {}
    },
    {
      "name": "lung function",
      "type": "monitoring_indicator",
      "properties": {}
    }
  ],
  "relations": [
    {
      "head": "Amniotic fluid-derived mesenchymal stem cells",
      "relation": "alleviates",
      "tail": "inflammation",
      "properties": {}
    },
    {
      "head": "Amniotic fluid-derived mesenchymal stem cells",
      "relation": "monitors",
      "tail": "lung function",
      "properties": {}
    },
    {
      "head": "Amniotic fluid-derived mesenchymal stem cells",
      "relation": "precedes",
      "tail": "transplantation",
      "properties": {}
    },
    {
      "head": "transplantation",
      "relation": "part_of",
      "tail": "porcine model",
      "properties": {}
    }
  ]
}