{
  "entities": [
    {
      "name": "Xenotransplantation",
      "type": "surgical_procedure",
      "properties": {}
    },
    {
      "name": "genetic engineering",
      "type": "surgical_procedure",
      "properties": {}
    },
    {
      "name": "CRISPR-Cas9",
      "type": "surgical_procedure",
      "properties": {}
    },
    {
      "name": "multigene editing",
      "type": "surgical_procedure",
      "properties": {}
    },
    {
      "name": "human complement-regulatory proteins",
      "type": "donor_characteristic",
      "properties": {}
    },
    {
      "name": "α-Gal knockout strategies",
      "type": "donor_characteristic",
      "properties": {}
    },
    {
      "name": "zoonotic risks",
      "type": "risk_factor",
      "properties": {}
    },
    {
      "name": "patient selection criteria",
      "type": "recipient_characteristic",
      "properties": {}
    },
    {
      "name": "long-term graft viability",
      "type": "monitoring_indicator",
      "properties": {}
    },
    {
      "name": "immunosuppression",
      "type": "treatment_regimen",
      "properties": {}
    },
    {
      "name": "pig-to-human kidney transplant",
      "type": "surgical_procedure",
      "properties": {}
    },
    {
      "name": "pig-to-human heart transplant",
      "type": "surgical_procedure",
      "properties": {}
    }
  ],
  "relations": [
    {
      "head": "CRISPR-Cas9",
      "relation": "part_of",
      "tail": "genetic engineering",
      "properties": {}
    },
    {
      "head": "multigene editing",
      "relation": "part_of",
      "tail": "genetic engineering",
      "properties": {}
    },
    {
      "head": "CRISPR-Cas9",
      "relation": "alleviates",
      "tail": "immunogenicity",
      "properties": {}
    },
    {
      "head": "multigene editing",
      "relation": "alleviates",
      "tail": "immunogenicity",
      "properties": {}
    },
    {
      "head": "human complement-regulatory proteins",
      "relation": "alleviates",
      "tail": "immunogenicity",
      "properties": {}
    },
    {
      "head": "α-Gal knockout strategies",
      "relation": "alleviates",
      "tail": "immunogenicity",
      "properties": {}
    },
    {
      "head": "genetic engineering",
      "relation": "prerequisite_of",
      "tail": "Xenotransplantation",
      "properties": {}
    },
    {
      "head": "immunosuppression",
      "relation": "prerequisite_of",
      "tail": "Xenotransplantation",
      "properties": {}
    },
    {
      "head": "biosecurity",
      "relation": "prerequisite_of",
      "tail": "Xenotransplantation",
      "properties": {}
    },
    {
      "head": "zoonotic risks",
      "relation": "risk_factor",
      "tail": "Xenotransplantation",
      "properties": {}
    },
    {
      "head": "patient selection criteria",
      "relation": "diagnostic_basis_for",
      "tail": "Xenotransplantation",
      "properties": {}
    },
    {
      "head": "long-term graft viability",
      "relation": "monitors",
      "tail": "Xenotransplantation",
      "properties": {}
    }
  ]
}