{
  "entities": [
    {
      "name": "poor functional status",
      "type": "recipient_characteristic",
      "properties": {
        "evidence_strength": "cohort study"
      }
    },
    {
      "name": "worse pretransplant outcomes",
      "type": "complication",
      "properties": {
        "evidence_strength": "cohort study"
      }
    },
    {
      "name": "pediatric lung transplant",
      "type": "surgical_procedure",
      "properties": {
        "evidence_strength": "cohort study"
      }
    },
    {
      "name": "waitlist",
      "type": "treatment_regimen",
      "properties": {
        "evidence_strength": "cohort study"
      }
    }
  ],
  "relations": [
    {
      "head": "poor functional status",
      "relation": "increases_risk",
      "tail": "worse pretransplant outcomes",
      "properties": {
        "evidence_strength": "cohort study"
      }
    },
    {
      "head": "waitlist",
      "relation": "precedes",
      "tail": "pediatric lung transplant",
      "properties": {
        "evidence_strength": "cohort study"
      }
    }
  ]
}