{
  "entities": [
    {
      "name": "donation after cardiac death",
      "type": "surgical_procedure",
      "properties": {}
    },
    {
      "name": "withdrawal of life support",
      "type": "surgical_procedure",
      "properties": {}
    },
    {
      "name": "transplant",
      "type": "surgical_procedure",
      "properties": {}
    },
    {
      "name": "mean age of the donors was 38 (range 18-59) years",
      "type": "donor_characteristic",
      "properties": {}
    },
    {
      "name": "craniocerebral trauma",
      "type": "donor_characteristic",
      "properties": {}
    },
    {
      "name": "cerebrovascular accident",
      "type": "donor_characteristic",
      "properties": {}
    },
    {
      "name": "cerebral hypoxia",
      "type": "donor_characteristic",
      "properties": {}
    },
    {
      "name": "delayed graft function",
      "type": "complication",
      "properties": {}
    },
    {
      "name": "mean renal cold ischemia time was 6 (range 3-9.5) hours",
      "type": "monitoring_indicator",
      "properties": {}
    },
    {
      "name": "mean serum creatinine level of 145 (range 107-220) micromol/L",
      "type": "monitoring_indicator",
      "properties": {}
    },
    {
      "name": "retrospective, single-centre chart review",
      "type": "diagnostic_criteria",
      "properties": {
        "evidence_strength": "retrospective cohort study"
      }
    }
  ],
  "relations": [
    {
      "head": "withdrawal of life support",
      "relation": "prerequisite_of",
      "tail": "donation after cardiac death",
      "properties": {}
    },
    {
      "head": "donation after cardiac death",
      "relation": "precedes",
      "tail": "transplant",
      "properties": {}
    },
    {
      "head": "mean renal cold ischemia time was 6 (range 3-9.5) hours",
      "relation": "monitors",
      "tail": "transplant",
      "properties": {}
    },
    {
      "head": "mean serum creatinine level of 145 (range 107-220) micromol/L",
      "relation": "monitors",
      "tail": "kidney function",
      "properties": {}
    },
    {
      "head": "retrospective, single-centre chart review",
      "relation": "diagnostic_basis_for",
      "tail": "donation after cardiac death",
      "properties": {}
    }
  ]
}