{
  "entities": [
    {
      "name": "off-pump implantation",
      "type": "surgical_procedure",
      "properties": {}
    },
    {
      "name": "left ventricular assist device (LVAD) axial flow pumps",
      "type": "medical_device",
      "properties": {}
    },
    {
      "name": "low ejection fraction (EF)",
      "type": "recipient_characteristic",
      "properties": {}
    },
    {
      "name": "chronic ischemic heart failure",
      "type": "recipient_characteristic",
      "properties": {}
    },
    {
      "name": "miniaturized axial flow pump",
      "type": "medical_device",
      "properties": {}
    },
    {
      "name": "extraperitoneal, subcostal surgical approach",
      "type": "surgical_procedure",
      "properties": {}
    },
    {
      "name": "intracoronary sphere injection",
      "type": "surgical_procedure",
      "properties": {}
    },
    {
      "name": "transesophageal echocardiography",
      "type": "monitoring_indicator",
      "properties": {}
    },
    {
      "name": "high doses of inotropic agents",
      "type": "medication",
      "properties": {}
    },
    {
      "name": "cardiac index",
      "type": "monitoring_indicator",
      "properties": {}
    }
  ],
  "relations": [
    {
      "head": "off-pump implantation",
      "relation": "treats",
      "tail": "chronic ischemic heart failure",
      "properties": {}
    },
    {
      "head": "left ventricular assist device (LVAD) axial flow pumps",
      "relation": "part_of",
      "tail": "off-pump implantation",
      "properties": {}
    },
    {
      "head": "low ejection fraction (EF)",
      "relation": "prerequisite_of",
      "tail": "off-pump implantation",
      "properties": {}
    },
    {
      "head": "intracoronary sphere injection",
      "relation": "causes",
      "tail": "chronic ischemic heart failure",
      "properties": {}
    },
    {
      "head": "transesophageal echocardiography",
      "relation": "monitors",
      "tail": "low ejection fraction (EF)",
      "properties": {}
    },
    {
      "head": "high doses of inotropic agents",
      "relation": "treats",
      "tail": "low ejection fraction (EF)",
      "properties": {}
    },
    {
      "head": "miniaturized axial flow pump",
      "relation": "part_of",
      "tail": "off-pump implantation",
      "properties": {}
    },
    {
      "head": "extraperitoneal, subcostal surgical approach",
      "relation": "precedes",
      "tail": "off-pump implantation",
      "properties": {}
    },
    {
      "head": "off-pump implantation",
      "relation": "increases_risk",
      "tail": "blood loss",
      "properties": {
        "value": "435 ml",
        "duration": "12-hour"
      }
    },
    {
      "head": "off-pump implantation",
      "relation": "alleviates",
      "tail": "cardiac index",
      "properties": {}
    }
  ]
}