{
  "entities": [
    {
      "name": "transcatheter interventions to create or enlarge an atrial communication",
      "type": "surgical_procedure",
      "properties": {}
    },
    {
      "name": "procedural adverse events",
      "type": "complication",
      "properties": {}
    },
    {
      "name": "C3PO-QI registry dataset",
      "type": "monitoring_indicator",
      "properties": {
        "study_type": "registry",
        "sample_size": 432
      }
    }
  ],
  "relations": [
    {
      "head": "transcatheter interventions to create or enlarge an atrial communication",
      "relation": "precedes",
      "tail": "procedural adverse events",
      "properties": {}
    },
    {
      "head": "C3PO-QI registry dataset",
      "relation": "monitors",
      "tail": "transcatheter interventions to create or enlarge an atrial communication",
      "properties": {}
    }
  ]
}