{
  "entities": [
    {
      "name": "anesthesia for heart transplantation",
      "type": "surgical_procedure",
      "properties": {}
    },
    {
      "name": "donors",
      "type": "donor_characteristic",
      "properties": {}
    },
    {
      "name": "recipients",
      "type": "recipient_characteristic",
      "properties": {}
    },
    {
      "name": "donation after cardiorespiratory death",
      "type": "donor_characteristic",
      "properties": {}
    },
    {
      "name": "extended criteria donors",
      "type": "donor_characteristic",
      "properties": {}
    },
    {
      "name": "mechanical circulatory support",
      "type": "medical_device",
      "properties": {}
    },
    {
      "name": "nonmechanical circulatory support",
      "type": "treatment_regimen",
      "properties": {}
    },
    {
      "name": "bridges to transplantation",
      "type": "treatment_regimen",
      "properties": {}
    },
    {
      "name": "COVID-19",
      "type": "risk_factor",
      "properties": {}
    },
    {
      "name": "heart transplantation candidates",
      "type": "recipient_characteristic",
      "properties": {}
    }
  ],
  "relations": [
    {
      "head": "mechanical circulatory support",
      "relation": "part_of",
      "tail": "bridges to transplantation",
      "properties": {}
    },
    {
      "head": "nonmechanical circulatory support",
      "relation": "part_of",
      "tail": "bridges to transplantation",
      "properties": {}
    },
    {
      "head": "COVID-19",
      "relation": "increases_risk",
      "tail": "heart transplantation candidates",
      "properties": {}
    },
    {
      "head": "COVID-19",
      "relation": "increases_risk",
      "tail": "recipients",
      "properties": {}
    }
  ]
}