{
  "entities": [
    {
      "name": "heart transplantation",
      "type": "surgical_procedure",
      "properties": {}
    },
    {
      "name": "advanced heart failure",
      "type": "recipient_characteristic",
      "properties": {}
    },
    {
      "name": "left ventricular assist device (LVAD)",
      "type": "medical_device",
      "properties": {}
    },
    {
      "name": "long-term use of LVAD",
      "type": "risk_factor",
      "properties": {}
    },
    {
      "name": "medical complexity",
      "type": "complication",
      "properties": {}
    },
    {
      "name": "35-year-old man",
      "type": "recipient_characteristic",
      "properties": {}
    },
    {
      "name": "LVAD support for 1490 days",
      "type": "recipient_characteristic",
      "properties": {}
    },
    {
      "name": "sensitized",
      "type": "recipient_characteristic",
      "properties": {}
    },
    {
      "name": "kidney dysfunction",
      "type": "complication",
      "properties": {}
    },
    {
      "name": "recurrent infections",
      "type": "complication",
      "properties": {}
    },
    {
      "name": "candidemia",
      "type": "complication",
      "properties": {}
    },
    {
      "name": "pretransplant plasma exchange",
      "type": "treatment_regimen",
      "properties": {}
    },
    {
      "name": "intravenous immunoglobulin administration",
      "type": "treatment_regimen",
      "properties": {}
    },
    {
      "name": "early initiation of everolimus",
      "type": "treatment_regimen",
      "properties": {}
    },
    {
      "name": "prompt management of infections",
      "type": "treatment_regimen",
      "properties": {}
    },
    {
      "name": "shortage of available heart donors",
      "type": "donor_characteristic",
      "properties": {}
    },
    {
      "name": "longer waiting times for transplantation",
      "type": "risk_factor",
      "properties": {}
    }
  ],
  "relations": [
    {
      "head": "heart transplantation",
      "relation": "treats",
      "tail": "advanced heart failure",
      "properties": {}
    },
    {
      "head": "shortage of available heart donors",
      "relation": "causes",
      "tail": "longer waiting times for transplantation",
      "properties": {}
    },
    {
      "head": "long-term use of LVAD",
      "relation": "increases_risk",
      "tail": "medical complexity",
      "properties": {}
    },
    {
      "head": "LVAD support for 1490 days",
      "relation": "precedes",
      "tail": "heart transplantation",
      "properties": {}
    },
    {
      "head": "pretransplant plasma exchange",
      "relation": "part_of",
      "tail": "heart transplantation",
      "properties": {}
    },
    {
      "head": "intravenous immunoglobulin administration",
      "relation": "part_of",
      "tail": "heart transplantation",
      "properties": {}
    },
    {
      "head": "early initiation of everolimus",
      "relation": "part_of",
      "tail": "heart transplantation",
      "properties": {}
    },
    {
      "head": "prompt management of infections",
      "relation": "part_of",
      "tail": "heart transplantation",
      "properties": {}
    }
  ]
}