{
  "entities": [
    {
      "name": "multiorgan transplantation",
      "type": "surgical_procedure",
      "properties": {}
    },
    {
      "name": "heart transplantation",
      "type": "surgical_procedure",
      "properties": {}
    },
    {
      "name": "simultaneous heart and other organ transplantation",
      "type": "surgical_procedure",
      "properties": {}
    },
    {
      "name": "heart transplantation alone",
      "type": "surgical_procedure",
      "properties": {}
    },
    {
      "name": "isolated heart transplantation",
      "type": "surgical_procedure",
      "properties": {}
    },
    {
      "name": "simultaneous heart-lung transplantation",
      "type": "surgical_procedure",
      "properties": {}
    },
    {
      "name": "simultaneous heart-kidney transplantation",
      "type": "surgical_procedure",
      "properties": {}
    },
    {
      "name": "adult patients (age ≥ 18 y)",
      "type": "recipient_characteristic",
      "properties": {}
    },
    {
      "name": "diabetes",
      "type": "risk_factor",
      "properties": {}
    },
    {
      "name": "pulmonary hypertension",
      "type": "risk_factor",
      "properties": {}
    },
    {
      "name": "intensive care unit admissions",
      "type": "risk_factor",
      "properties": {}
    },
    {
      "name": "dialysis prior to transplantation",
      "type": "risk_factor",
      "properties": {}
    },
    {
      "name": "1-year survival",
      "type": "monitoring_indicator",
      "properties": {}
    },
    {
      "name": "5-year post-transplant survival",
      "type": "monitoring_indicator",
      "properties": {}
    }
  ],
  "relations": [
    {
      "head": "diabetes",
      "relation": "increases_risk",
      "tail": "operative risk",
      "properties": {
        "evidence_strength": "cohort study"
      }
    },
    {
      "head": "pulmonary hypertension",
      "relation": "increases_risk",
      "tail": "operative risk",
      "properties": {
        "evidence_strength": "cohort study"
      }
    },
    {
      "head": "intensive care unit admissions",
      "relation": "increases_risk",
      "tail": "operative risk",
      "properties": {
        "evidence_strength": "cohort study"
      }
    },
    {
      "head": "dialysis prior to transplantation",
      "relation": "increases_risk",
      "tail": "operative risk",
      "properties": {
        "evidence_strength": "cohort study"
      }
    },
    {
      "head": "heart-lung recipients",
      "relation": "monitors",
      "tail": "1-year survival",
      "properties": {
        "evidence_strength": "cohort study",
        "trend": "decreased"
      }
    },
    {
      "head": "heart-kidney recipients",
      "relation": "monitors",
      "tail": "1-year survival",
      "properties": {
        "evidence_strength": "cohort study",
        "trend": "decreased"
      }
    },
    {
      "head": "heart-kidney recipients",
      "relation": "monitors",
      "tail": "5-year post-transplant survival",
      "properties": {
        "evidence_strength": "cohort study",
        "trend": "significantly increased"
      }
    }
  ]
}