{
  "entities": [
    {
      "name": "Lung transplantation",
      "type": "surgical_procedure",
      "properties": {}
    },
    {
      "name": "end-stage nonmalignant lung disease",
      "type": "recipient_characteristic",
      "properties": {}
    },
    {
      "name": "donor lung preservation",
      "type": "donor_characteristic",
      "properties": {}
    },
    {
      "name": "extracorporeal membrane oxygenation",
      "type": "medical_device",
      "properties": {}
    },
    {
      "name": "immunosuppression",
      "type": "treatment_regimen",
      "properties": {}
    },
    {
      "name": "intensive care medicine",
      "type": "treatment_regimen",
      "properties": {}
    },
    {
      "name": "follow-up care",
      "type": "treatment_regimen",
      "properties": {}
    },
    {
      "name": "Chronic graft dysfunction",
      "type": "complication",
      "properties": {
        "statistics": "41% at five years"
      }
    }
  ],
  "relations": [
    {
      "head": "Lung transplantation",
      "relation": "treats",
      "tail": "end-stage nonmalignant lung disease",
      "properties": {}
    },
    {
      "head": "donor lung preservation",
      "relation": "part_of",
      "tail": "Lung transplantation",
      "properties": {}
    },
    {
      "head": "extracorporeal membrane oxygenation",
      "relation": "part_of",
      "tail": "Lung transplantation",
      "properties": {}
    },
    {
      "head": "immunosuppression",
      "relation": "part_of",
      "tail": "Lung transplantation",
      "properties": {}
    },
    {
      "head": "intensive care medicine",
      "relation": "part_of",
      "tail": "Lung transplantation",
      "properties": {}
    },
    {
      "head": "follow-up care",
      "relation": "part_of",
      "tail": "Lung transplantation",
      "properties": {}
    },
    {
      "head": "Chronic graft dysfunction",
      "relation": "increases_risk",
      "tail": "Lung transplantation",
      "properties": {
        "statistics": "41% at five years"
      }
    }
  ]
}