{
  "entities": [
    {
      "name": "donation after circulatory death heart donors",
      "type": "donor_characteristic",
      "properties": {}
    },
    {
      "name": "abdominal transplant recipient",
      "type": "recipient_characteristic",
      "properties": {}
    },
    {
      "name": "6-month outcomes",
      "type": "monitoring_indicator",
      "properties": {}
    },
    {
      "name": "procurement technique",
      "type": "surgical_procedure",
      "properties": {}
    },
    {
      "name": "retrospective analysis",
      "type": "diagnostic_criteria",
      "properties": {
        "evidence_strength": "retrospective study"
      }
    }
  ],
  "relations": [
    {
      "head": "donation after circulatory death heart donors",
      "relation": "part_of",
      "tail": "procurement technique",
      "properties": {}
    },
    {
      "head": "procurement technique",
      "relation": "monitors",
      "tail": "6-month outcomes",
      "properties": {}
    },
    {
      "head": "6-month outcomes",
      "relation": "diagnostic_basis_for",
      "tail": "abdominal transplant recipient",
      "properties": {}
    },
    {
      "head": "retrospective analysis",
      "relation": "precedes",
      "tail": "6-month outcomes",
      "properties": {}
    }
  ]
}