{
  "entities": [
    {
      "name": "Cardiac allograft rejection",
      "type": "complication",
      "properties": {}
    },
    {
      "name": "graft dysfunction",
      "type": "complication",
      "properties": {}
    },
    {
      "name": "histology",
      "type": "diagnostic_criteria",
      "properties": {}
    },
    {
      "name": "MMP2",
      "type": "monitoring_indicator",
      "properties": {}
    },
    {
      "name": "MMP9",
      "type": "monitoring_indicator",
      "properties": {}
    },
    {
      "name": "IL-1β",
      "type": "monitoring_indicator",
      "properties": {}
    },
    {
      "name": "early immune events",
      "type": "risk_factor",
      "properties": {}
    },
    {
      "name": "inflammatory events",
      "type": "risk_factor",
      "properties": {}
    }
  ],
  "relations": [
    {
      "head": "Cardiac allograft rejection",
      "relation": "causes",
      "tail": "graft dysfunction",
      "properties": {}
    },
    {
      "head": "histology",
      "relation": "diagnostic_basis_for",
      "tail": "Cardiac allograft rejection",
      "properties": {}
    },
    {
      "head": "MMP2",
      "relation": "monitors",
      "tail": "Cardiac allograft rejection",
      "properties": {}
    },
    {
      "head": "MMP9",
      "relation": "monitors",
      "tail": "Cardiac allograft rejection",
      "properties": {}
    },
    {
      "head": "IL-1β",
      "relation": "monitors",
      "tail": "Cardiac allograft rejection",
      "properties": {}
    },
    {
      "head": "early immune events",
      "relation": "increases_risk",
      "tail": "Cardiac allograft rejection",
      "properties": {}
    },
    {
      "head": "inflammatory events",
      "relation": "increases_risk",
      "tail": "Cardiac allograft rejection",
      "properties": {}
    }
  ]
}