{
  "entities": [
    {
      "name": "Partial heart transplant",
      "type": "surgical_procedure",
      "properties": {}
    },
    {
      "name": "living valve replacement",
      "type": "surgical_procedure",
      "properties": {}
    },
    {
      "name": "congenital heart valve disease",
      "type": "recipient_characteristic",
      "properties": {}
    },
    {
      "name": "irreparable valvular disease",
      "type": "recipient_characteristic",
      "properties": {}
    },
    {
      "name": "semilunar valves",
      "type": "donor_characteristic",
      "properties": {}
    },
    {
      "name": "tacrolimus monotherapy",
      "type": "medication",
      "properties": {}
    },
    {
      "name": "trough level goal of 4 to 8 ng/mL",
      "type": "monitoring_indicator",
      "properties": {}
    },
    {
      "name": "growth of the transplanted valve annulus and leaflets",
      "type": "monitoring_indicator",
      "properties": {}
    },
    {
      "name": "valve dysfunction",
      "type": "complication",
      "properties": {}
    },
    {
      "name": "complications related to immunosuppression",
      "type": "complication",
      "properties": {}
    },
    {
      "name": "immunosuppression",
      "type": "treatment_regimen",
      "properties": {}
    }
  ],
  "relations": [
    {
      "head": "Partial heart transplant",
      "relation": "treats",
      "tail": "irreparable valvular disease",
      "properties": {}
    },
    {
      "head": "living valve replacement",
      "relation": "treats",
      "tail": "irreparable valvular disease",
      "properties": {}
    },
    {
      "head": "semilunar valves",
      "relation": "part_of",
      "tail": "Partial heart transplant",
      "properties": {}
    },
    {
      "head": "tacrolimus monotherapy",
      "relation": "part_of",
      "tail": "immunosuppression",
      "properties": {}
    },
    {
      "head": "trough level goal of 4 to 8 ng/mL",
      "relation": "monitors",
      "tail": "tacrolimus monotherapy",
      "properties": {}
    },
    {
      "head": "growth of the transplanted valve annulus and leaflets",
      "relation": "monitors",
      "tail": "Partial heart transplant",
      "properties": {}
    },
    {
      "head": "immunosuppression",
      "relation": "causes",
      "tail": "complications related to immunosuppression",
      "properties": {}
    }
  ]
}