{
  "entities": [
    {
      "name": "cardiopulmonary bypass",
      "type": "surgical_procedure",
      "properties": {}
    },
    {
      "name": "congenital heart disease",
      "type": "recipient_characteristic",
      "properties": {}
    },
    {
      "name": "CHD surgery",
      "type": "surgical_procedure",
      "properties": {}
    },
    {
      "name": "Norwood operation",
      "type": "surgical_procedure",
      "properties": {}
    },
    {
      "name": "heart transplantation",
      "type": "surgical_procedure",
      "properties": {}
    },
    {
      "name": "weight <2.5 kg",
      "type": "recipient_characteristic",
      "properties": {}
    },
    {
      "name": "transesophageal echocardiography",
      "type": "medical_device",
      "properties": {}
    },
    {
      "name": "coronary artery Doppler velocities",
      "type": "monitoring_indicator",
      "properties": {}
    },
    {
      "name": "coronary flow reserve",
      "type": "monitoring_indicator",
      "properties": {}
    },
    {
      "name": "right coronary artery",
      "type": "monitoring_indicator",
      "properties": {}
    },
    {
      "name": "left anterior descending",
      "type": "monitoring_indicator",
      "properties": {}
    },
    {
      "name": "linear regression models",
      "type": "diagnostic_criteria",
      "properties": {}
    }
  ],
  "relations": [
    {
      "head": "transesophageal echocardiography",
      "relation": "monitors",
      "tail": "coronary artery Doppler velocities",
      "properties": {}
    },
    {
      "head": "transesophageal echocardiography",
      "relation": "monitors",
      "tail": "coronary flow reserve",
      "properties": {}
    },
    {
      "head": "Norwood operation",
      "relation": "contraindicated_in",
      "tail": "CHD surgery",
      "properties": {}
    },
    {
      "head": "heart transplantation",
      "relation": "contraindicated_in",
      "tail": "CHD surgery",
      "properties": {}
    },
    {
      "head": "weight <2.5 kg",
      "relation": "contraindicated_in",
      "tail": "CHD surgery",
      "properties": {}
    },
    {
      "head": "linear regression models",
      "relation": "diagnostic_basis_for",
      "tail": "multivariable analyses",
      "properties": {}
    }
  ]
}