{
  "entities": [
    {
      "name": "renal transplant",
      "type": "surgical_procedure",
      "properties": {}
    },
    {
      "name": "pulmonic valve mass",
      "type": "complication",
      "properties": {}
    },
    {
      "name": "43-year-old female",
      "type": "recipient_characteristic",
      "properties": {}
    },
    {
      "name": "fatigue",
      "type": "monitoring_indicator",
      "properties": {}
    },
    {
      "name": "dyspnea",
      "type": "monitoring_indicator",
      "properties": {}
    },
    {
      "name": "anemia",
      "type": "monitoring_indicator",
      "properties": {}
    },
    {
      "name": "thrombocytopenia",
      "type": "monitoring_indicator",
      "properties": {}
    },
    {
      "name": "chest CT",
      "type": "medical_device",
      "properties": {}
    },
    {
      "name": "pulmonary nodules",
      "type": "complication",
      "properties": {}
    },
    {
      "name": "transthoracic echocardiography",
      "type": "medical_device",
      "properties": {}
    },
    {
      "name": "pathology",
      "type": "diagnostic_criteria",
      "properties": {}
    },
    {
      "name": "fungal hyphae",
      "type": "diagnostic_criteria",
      "properties": {}
    },
    {
      "name": "bronchoalveolar lavage (BAL) fluid",
      "type": "medical_device",
      "properties": {}
    },
    {
      "name": "Aspergillus fumigatus",
      "type": "risk_factor",
      "properties": {}
    },
    {
      "name": "serum Aspergillus galactomannan (GM) antigen index",
      "type": "monitoring_indicator",
      "properties": {}
    }
  ],
  "relations": [
    {
      "head": "renal transplant",
      "relation": "increases_risk",
      "tail": "pulmonic valve mass",
      "properties": {}
    },
    {
      "head": "chest CT",
      "relation": "monitors",
      "tail": "pulmonary nodules",
      "properties": {}
    },
    {
      "head": "transthoracic echocardiography",
      "relation": "monitors",
      "tail": "pulmonic valve mass",
      "properties": {}
    },
    {
      "head": "pathology",
      "relation": "diagnostic_basis_for",
      "tail": "fungal hyphae",
      "properties": {}
    },
    {
      "head": "bronchoalveolar lavage (BAL) fluid",
      "relation": "diagnostic_basis_for",
      "tail": "Aspergillus fumigatus",
      "properties": {}
    },
    {
      "head": "Aspergillus fumigatus",
      "relation": "causes",
      "tail": "pulmonic valve mass",
      "properties": {}
    }
  ]
}