{
  "entities": [
    {
      "name": "mechanical circulatory support",
      "type": "medical_device",
      "properties": {}
    },
    {
      "name": "heart transplantation",
      "type": "surgical_procedure",
      "properties": {}
    },
    {
      "name": "early graft dysfunction",
      "type": "complication",
      "properties": {}
    },
    {
      "name": "pulmonary artery pulsatility index",
      "type": "monitoring_indicator",
      "properties": {}
    },
    {
      "name": "advanced heart failure",
      "type": "risk_factor",
      "properties": {}
    },
    {
      "name": "cardiogenic shock",
      "type": "complication",
      "properties": {}
    },
    {
      "name": "intensive care unit",
      "type": "medical_device",
      "properties": {}
    },
    {
      "name": "inotropic/vasoconstrictor",
      "type": "medication",
      "properties": {}
    },
    {
      "name": "donor age",
      "type": "donor_characteristic",
      "properties": {}
    },
    {
      "name": "sex matching",
      "type": "donor_characteristic",
      "properties": {}
    },
    {
      "name": "warm ischemic time",
      "type": "recipient_characteristic",
      "properties": {}
    },
    {
      "name": "cold ischemic time",
      "type": "recipient_characteristic",
      "properties": {}
    },
    {
      "name": "total ischemic time",
      "type": "recipient_characteristic",
      "properties": {}
    },
    {
      "name": "cardiopulmonary bypass time",
      "type": "recipient_characteristic",
      "properties": {}
    },
    {
      "name": "delayed MCS",
      "type": "treatment_regimen",
      "properties": {}
    }
  ],
  "relations": [
    {
      "head": "pulmonary artery pulsatility index",
      "relation": "monitors",
      "tail": "mechanical circulatory support",
      "properties": {
        "evidence_strength": "cohort study",
        "p_value": "0.001",
        "time_point": "T0"
      }
    },
    {
      "head": "pulmonary artery pulsatility index",
      "relation": "monitors",
      "tail": "mechanical circulatory support",
      "properties": {
        "evidence_strength": "cohort study",
        "p_value": "<0.001",
        "time_point": "T6"
      }
    },
    {
      "head": "pulmonary artery pulsatility index",
      "relation": "diagnostic_basis_for",
      "tail": "early graft dysfunction",
      "properties": {
        "evidence_strength": "cohort study"
      }
    },
    {
      "head": "low pulmonary pulsatility index",
      "relation": "increases_risk",
      "tail": "mortality",
      "properties": {
        "evidence_strength": "cohort study"
      }
    },
    {
      "head": "low pulmonary pulsatility index",
      "relation": "increases_risk",
      "tail": "advanced heart failure",
      "properties": {
        "evidence_strength": "cohort study"
      }
    },
    {
      "head": "low pulmonary pulsatility index",
      "relation": "increases_risk",
      "tail": "cardiogenic shock",
      "properties": {
        "evidence_strength": "cohort study"
      }
    },
    {
      "head": "mechanical circulatory support",
      "relation": "treats",
      "tail": "early graft dysfunction",
      "properties": {
        "evidence_strength": "cohort study"
      }
    },
    {
      "head": "pulmonary artery pulsatility index",
      "relation": "precedes",
      "tail": "delayed MCS",
      "properties": {
        "evidence_strength": "cohort study",
        "statistical_significance": "multiple variable regression"
      }
    }
  ]
}