{
  "entities": [
    {
      "name": "Preconditioning donor lungs with lung-derived exosomes",
      "type": "treatment_regimen",
      "properties": {}
    },
    {
      "name": "Donation after circulatory death (DCD) donors",
      "type": "donor_characteristic",
      "properties": {}
    },
    {
      "name": "ischemia-reperfusion injury (IRI)",
      "type": "complication",
      "properties": {}
    },
    {
      "name": "prolonged ischemic times",
      "type": "risk_factor",
      "properties": {}
    },
    {
      "name": "Lung-derived exosomes",
      "type": "treatment_regimen",
      "properties": {}
    },
    {
      "name": "pulmonary fibrosis",
      "type": "complication",
      "properties": {}
    },
    {
      "name": "lung repair",
      "type": "treatment_regimen",
      "properties": {}
    },
    {
      "name": "lung IRI",
      "type": "complication",
      "properties": {}
    },
    {
      "name": "porcine DCD model",
      "type": "monitoring_indicator",
      "properties": {
        "evidence_strength": "animal study"
      }
    },
    {
      "name": "lung injury",
      "type": "complication",
      "properties": {}
    },
    {
      "name": "warm ischemia",
      "type": "risk_factor",
      "properties": {}
    }
  ],
  "relations": [
    {
      "head": "prolonged ischemic times",
      "relation": "increases_risk",
      "tail": "ischemia-reperfusion injury (IRI)",
      "properties": {}
    },
    {
      "head": "Lung-derived exosomes",
      "relation": "alleviates",
      "tail": "pulmonary fibrosis",
      "properties": {}
    },
    {
      "head": "Lung-derived exosomes",
      "relation": "treats",
      "tail": "lung IRI",
      "properties": {}
    },
    {
      "head": "Preconditioning donor lungs with lung-derived exosomes",
      "relation": "mitigates",
      "tail": "ischemia-reperfusion injury",
      "properties": {}
    },
    {
      "head": "porcine DCD model",
      "relation": "precedes",
      "tail": "lung injury",
      "properties": {}
    },
    {
      "head": "warm ischemia",
      "relation": "part_of",
      "tail": "porcine DCD model",
      "properties": {}
    }
  ]
}