{
  "entities": [
    {
      "name": "Partial heart transplantation",
      "type": "surgical_procedure",
      "properties": {}
    },
    {
      "name": "growing heart valve replacements",
      "type": "medical_device",
      "properties": {}
    },
    {
      "name": "babies",
      "type": "recipient_characteristic",
      "properties": {}
    },
    {
      "name": "orthotopic heart transplantation",
      "type": "surgical_procedure",
      "properties": {}
    },
    {
      "name": "heart valve",
      "type": "medical_device",
      "properties": {}
    },
    {
      "name": "homograft valve replacement",
      "type": "surgical_procedure",
      "properties": {}
    },
    {
      "name": "viability of the graft",
      "type": "monitoring_indicator",
      "properties": {}
    },
    {
      "name": "tissue matching",
      "type": "treatment_regimen",
      "properties": {}
    },
    {
      "name": "minimizing donor ischemia times",
      "type": "treatment_regimen",
      "properties": {}
    },
    {
      "name": "recipient immunosuppression",
      "type": "treatment_regimen",
      "properties": {}
    },
    {
      "name": "growth",
      "type": "biological_function",
      "properties": {}
    },
    {
      "name": "self-repair",
      "type": "biological_function",
      "properties": {}
    },
    {
      "name": "conventional heart valve prostheses",
      "type": "medical_device",
      "properties": {}
    },
    {
      "name": "limitations in donor graft availability",
      "type": "risk_factor",
      "properties": {}
    },
    {
      "name": "xenotransplantation",
      "type": "surgical_procedure",
      "properties": {}
    },
    {
      "name": "donor grafts",
      "type": "medical_device",
      "properties": {}
    },
    {
      "name": "large animal model",
      "type": "research_model",
      "properties": {}
    },
    {
      "name": "partial heart xenotransplantation",
      "type": "surgical_procedure",
      "properties": {}
    },
    {
      "name": "nonhuman primates",
      "type": "research_model",
      "properties": {}
    }
  ],
  "relations": [
    {
      "head": "Partial heart transplantation",
      "relation": "part_of",
      "tail": "heart valve",
      "properties": {}
    },
    {
      "head": "tissue matching",
      "relation": "preserves",
      "tail": "viability of the graft",
      "properties": {}
    },
    {
      "head": "minimizing donor ischemia times",
      "relation": "preserves",
      "tail": "viability of the graft",
      "properties": {}
    },
    {
      "head": "recipient immunosuppression",
      "relation": "preserves",
      "tail": "viability of the graft",
      "properties": {}
    },
    {
      "head": "viability of the graft",
      "relation": "allows",
      "tail": "growth",
      "properties": {}
    },
    {
      "head": "viability of the graft",
      "relation": "allows",
      "tail": "self-repair",
      "properties": {}
    },
    {
      "head": "limitations in donor graft availability",
      "relation": "increases_risk",
      "tail": "conventional heart valve prostheses",
      "properties": {}
    },
    {
      "head": "xenotransplantation",
      "relation": "treats",
      "tail": "limitations in donor graft availability",
      "properties": {}
    },
    {
      "head": "large animal model",
      "relation": "prerequisite_of",
      "tail": "partial heart xenotransplantation",
      "properties": {}
    },
    {
      "head": "nonhuman primates",
      "relation": "part_of",
      "tail": "large animal model",
      "properties": {}
    }
  ]
}