{
  "entities": [
    {
      "name": "Ex vivo lung perfusion",
      "type": "medical_device",
      "properties": {}
    },
    {
      "name": "Centralized EVLP facilities",
      "type": "medical_device",
      "properties": {}
    },
    {
      "name": "Individual transplant centers",
      "type": "medical_device",
      "properties": {}
    },
    {
      "name": "Donation after circulatory death donors",
      "type": "donor_characteristic",
      "properties": {}
    },
    {
      "name": "Isolated, first-time lung transplantation",
      "type": "surgical_procedure",
      "properties": {}
    },
    {
      "name": "Propensity score matching",
      "type": "monitoring_indicator",
      "properties": {}
    },
    {
      "name": "Median ischemic time",
      "type": "monitoring_indicator",
      "properties": {}
    },
    {
      "name": "Annual center volume of EVLP lung transplants",
      "type": "monitoring_indicator",
      "properties": {}
    }
  ],
  "relations": [
    {
      "head": "Ex vivo lung perfusion",
      "relation": "monitors",
      "tail": "Donor lung utilization",
      "properties": {
        "evidence_strength": "cohort study"
      }
    },
    {
      "head": "Centralized EVLP facilities",
      "relation": "precedes",
      "tail": "Isolated, first-time lung transplantation",
      "properties": {
        "evidence_strength": "cohort study"
      }
    },
    {
      "head": "Individual transplant centers",
      "relation": "precedes",
      "tail": "Isolated, first-time lung transplantation",
      "properties": {
        "evidence_strength": "cohort study"
      }
    },
    {
      "head": "Propensity score matching",
      "relation": "monitors",
      "tail": "Balanced groups for comparison",
      "properties": {
        "evidence_strength": "cohort study"
      }
    },
    {
      "head": "Annual center volume of EVLP lung transplants",
      "relation": "diagnostic_basis_for",
      "tail": "Centralized EVLP facilities use",
      "properties": {
        "evidence_strength": "cohort study",
        "statistical_data": "P = .04"
      }
    },
    {
      "head": "Centralized EVLP facilities",
      "relation": "increases_risk",
      "tail": "Longer median ischemic time",
      "properties": {
        "evidence_strength": "cohort study",
        "statistical_data": "11.3 vs 9.6 hours, P < .001"
      }
    },
    {
      "head": "Centralized EVLP facilities",
      "relation": "increases_risk",
      "tail": "Less likely to come from donation after circulatory death donors",
      "properties": {
        "evidence_strength": "cohort study",
        "statistical_data": "25.4% vs 39.5%, P = .003"
      }
    }
  ]
}