{
  "entities": [
    {
      "name": "antiviral therapy",
      "type": "treatment_regimen",
      "properties": {}
    },
    {
      "name": "COVID-19",
      "type": "risk_factor",
      "properties": {}
    },
    {
      "name": "favipiravir",
      "type": "medication",
      "properties": {}
    },
    {
      "name": "lopinavir/ritonavir",
      "type": "medication",
      "properties": {}
    },
    {
      "name": "placebo",
      "type": "medication",
      "properties": {}
    },
    {
      "name": "viral load of SARS-CoV-2",
      "type": "monitoring_indicator",
      "properties": {}
    },
    {
      "name": "randomised controlled trial",
      "type": "diagnostic_criteria",
      "properties": {
        "evidence_strength": "RCT"
      }
    },
    {
      "name": "phase IIA randomised, double-blind, 2x2 factorial placebo-controlled, interventional trial",
      "type": "diagnostic_criteria",
      "properties": {
        "evidence_strength": "phase IIA RCT"
      }
    }
  ],
  "relations": [
    {
      "head": "antiviral therapy",
      "relation": "treats",
      "tail": "COVID-19",
      "properties": {}
    },
    {
      "head": "antiviral therapy",
      "relation": "monitors",
      "tail": "viral load of SARS-CoV-2",
      "properties": {}
    },
    {
      "head": "favipiravir",
      "relation": "part_of",
      "tail": "antiviral therapy",
      "properties": {}
    },
    {
      "head": "lopinavir/ritonavir",
      "relation": "part_of",
      "tail": "antiviral therapy",
      "properties": {}
    },
    {
      "head": "randomised controlled trial",
      "relation": "diagnostic_basis_for",
      "tail": "antiviral therapy",
      "properties": {}
    },
    {
      "head": "phase IIA randomised, double-blind, 2x2 factorial placebo-controlled, interventional trial",
      "relation": "diagnostic_basis_for",
      "tail": "antiviral therapy",
      "properties": {}
    }
  ]
}