{
  "entities": [
    {
      "name": "Pulmonary thromboendarterectomy",
      "type": "surgical_procedure",
      "properties": {}
    },
    {
      "name": "chronic thromboembolic disease",
      "type": "recipient_characteristic",
      "properties": {}
    },
    {
      "name": "reperfusion lung injury",
      "type": "complication",
      "properties": {}
    },
    {
      "name": "airway bleeding",
      "type": "complication",
      "properties": {}
    },
    {
      "name": "persistent pulmonary hypertension",
      "type": "complication",
      "properties": {}
    },
    {
      "name": "right ventricular dysfunction",
      "type": "complication",
      "properties": {}
    },
    {
      "name": "extracorporeal membrane oxygenation",
      "type": "medical_device",
      "properties": {}
    },
    {
      "name": "lung transplantation",
      "type": "surgical_procedure",
      "properties": {}
    },
    {
      "name": "ECMO",
      "type": "medical_device",
      "properties": {}
    },
    {
      "name": "veno-venous ECMO",
      "type": "medical_device",
      "properties": {}
    },
    {
      "name": "Extracorporeal Mechanical Circulatory Support",
      "type": "medical_device",
      "properties": {}
    },
    {
      "name": "Pulmonary Thromboendarterectomy",
      "type": "surgical_procedure",
      "properties": {}
    }
  ],
  "relations": [
    {
      "head": "Pulmonary thromboendarterectomy",
      "relation": "treats",
      "tail": "chronic thromboembolic disease",
      "properties": {}
    },
    {
      "head": "reperfusion lung injury",
      "relation": "increases_risk",
      "tail": "Extracorporeal Mechanical Circulatory Support",
      "properties": {}
    },
    {
      "head": "airway bleeding",
      "relation": "increases_risk",
      "tail": "Extracorporeal Mechanical Circulatory Support",
      "properties": {}
    },
    {
      "head": "persistent pulmonary hypertension",
      "relation": "increases_risk",
      "tail": "Extracorporeal Mechanical Circulatory Support",
      "properties": {}
    },
    {
      "head": "right ventricular dysfunction",
      "relation": "increases_risk",
      "tail": "Extracorporeal Mechanical Circulatory Support",
      "properties": {}
    },
    {
      "head": "extracorporeal membrane oxygenation",
      "relation": "precedes",
      "tail": "lung transplantation",
      "properties": {}
    },
    {
      "head": "extracorporeal membrane oxygenation",
      "relation": "monitors",
      "tail": "reperfusion lung injury",
      "properties": {}
    },
    {
      "head": "extracorporeal membrane oxygenation",
      "relation": "monitors",
      "tail": "airway bleeding",
      "properties": {}
    },
    {
      "head": "extracorporeal membrane oxygenation",
      "relation": "monitors",
      "tail": "persistent pulmonary hypertension",
      "properties": {}
    },
    {
      "head": "extracorporeal membrane oxygenation",
      "relation": "monitors",
      "tail": "right ventricular dysfunction",
      "properties": {}
    },
    {
      "head": "ECMO",
      "relation": "part_of",
      "tail": "Extracorporeal Mechanical Circulatory Support",
      "properties": {}
    },
    {
      "head": "veno-venous ECMO",
      "relation": "part_of",
      "tail": "ECMO",
      "properties": {}
    },
    {
      "head": "Pulmonary Thromboendarterectomy",
      "relation": "precedes",
      "tail": "Extracorporeal Mechanical Circulatory Support",
      "properties": {}
    }
  ]
}