{
  "entities": [
    {
      "name": "transplantation",
      "type": "surgical_procedure",
      "properties": {}
    },
    {
      "name": "ischemic heart disease",
      "type": "recipient_characteristic",
      "properties": {}
    },
    {
      "name": "myocardial cell sheet",
      "type": "medical_device",
      "properties": {}
    },
    {
      "name": "endothelial cell network structure",
      "type": "medical_device",
      "properties": {}
    },
    {
      "name": "cell sheet technology",
      "type": "surgical_procedure",
      "properties": {}
    },
    {
      "name": "three-dimensional (3D) tissue",
      "type": "medical_device",
      "properties": {}
    },
    {
      "name": "layering myocardial sheets",
      "type": "surgical_procedure",
      "properties": {}
    },
    {
      "name": "host vasculature",
      "type": "recipient_characteristic",
      "properties": {}
    },
    {
      "name": "perfusion",
      "type": "monitoring_indicator",
      "properties": {}
    }
  ],
  "relations": [
    {
      "head": "transplantation of the three-dimensional (3D) tissue by layering myocardial sheets",
      "relation": "alleviates",
      "tail": "ischemic heart disease",
      "properties": {
        "evidence_strength": "rat model"
      }
    },
    {
      "head": "endothelial cell network in the 3D tissue",
      "relation": "precedes",
      "tail": "connection to host vasculature",
      "properties": {}
    },
    {
      "head": "connection to host vasculature",
      "relation": "causes",
      "tail": "rapid perfusion",
      "properties": {
        "timeframe": "within 24 h after transplantation"
      }
    }
  ]
}