{
  "entities": [
    {
      "name": "heart transplant",
      "type": "surgical_procedure",
      "properties": {}
    },
    {
      "name": "right ventricular-pulmonary arterial (RV-PA) coupling",
      "type": "monitoring_indicator",
      "properties": {}
    },
    {
      "name": "donor-recipient size matching",
      "type": "donor_characteristic",
      "properties": {}
    },
    {
      "name": "predicted heart mass (PHM) ratio",
      "type": "monitoring_indicator",
      "properties": {}
    },
    {
      "name": "RV fractional area change",
      "type": "monitoring_indicator",
      "properties": {}
    },
    {
      "name": "pulmonary artery systolic pressure ratio",
      "type": "monitoring_indicator",
      "properties": {}
    },
    {
      "name": "PHM ratio <1",
      "type": "monitoring_indicator",
      "properties": {}
    },
    {
      "name": "PHM ratio ≥1",
      "type": "monitoring_indicator",
      "properties": {}
    },
    {
      "name": "retrospective cohort",
      "type": "diagnostic_criteria",
      "properties": {
        "evidence_strength": "cohort study"
      }
    }
  ],
  "relations": [
    {
      "head": "donor-recipient size matching",
      "relation": "part_of",
      "tail": "heart transplant",
      "properties": {}
    },
    {
      "head": "predicted heart mass (PHM) ratio",
      "relation": "monitors",
      "tail": "donor-recipient size matching",
      "properties": {}
    },
    {
      "head": "RV fractional area change",
      "relation": "part_of",
      "tail": "right ventricular-pulmonary arterial (RV-PA) coupling",
      "properties": {}
    },
    {
      "head": "pulmonary artery systolic pressure ratio",
      "relation": "part_of",
      "tail": "right ventricular-pulmonary arterial (RV-PA) coupling",
      "properties": {}
    },
    {
      "head": "right ventricular-pulmonary arterial (RV-PA) coupling",
      "relation": "monitors",
      "tail": "heart transplant",
      "properties": {}
    },
    {
      "head": "PHM ratio <1",
      "relation": "precedes",
      "tail": "comparison",
      "properties": {}
    },
    {
      "head": "PHM ratio ≥1",
      "relation": "precedes",
      "tail": "comparison",
      "properties": {}
    }
  ]
}