{
  "entities": [
    {
      "name": "adenosine deaminase (ADA) gene",
      "type": "risk_factor",
      "properties": {}
    },
    {
      "name": "severe combined immunodeficiency",
      "type": "complication",
      "properties": {}
    },
    {
      "name": "infections",
      "type": "complication",
      "properties": {}
    },
    {
      "name": "neurodevelopmental abnormalities",
      "type": "complication",
      "properties": {}
    },
    {
      "name": "behavioral abnormalities",
      "type": "complication",
      "properties": {}
    },
    {
      "name": "hearing abnormalities",
      "type": "complication",
      "properties": {}
    },
    {
      "name": "skeletal abnormalities",
      "type": "complication",
      "properties": {}
    },
    {
      "name": "lung abnormalities",
      "type": "complication",
      "properties": {}
    },
    {
      "name": "heart abnormalities",
      "type": "complication",
      "properties": {}
    },
    {
      "name": "skin abnormalities",
      "type": "complication",
      "properties": {}
    },
    {
      "name": "kidney abnormalities",
      "type": "complication",
      "properties": {}
    },
    {
      "name": "urogenital abnormalities",
      "type": "complication",
      "properties": {}
    },
    {
      "name": "liver abnormalities",
      "type": "complication",
      "properties": {}
    },
    {
      "name": "autoimmunity",
      "type": "complication",
      "properties": {}
    },
    {
      "name": "malignancies",
      "type": "complication",
      "properties": {}
    },
    {
      "name": "newborn screening for severe combined immunodeficiency",
      "type": "diagnostic_criteria",
      "properties": {}
    },
    {
      "name": "enzyme replacement therapy (ERT)",
      "type": "treatment_regimen",
      "properties": {}
    },
    {
      "name": "allogeneic hematopoietic stem cell transplantation",
      "type": "treatment_regimen",
      "properties": {}
    }
  ],
  "relations": [
    {
      "head": "adenosine deaminase (ADA) gene",
      "relation": "causes",
      "tail": "severe combined immunodeficiency",
      "properties": {}
    },
    {
      "head": "adenosine deaminase (ADA) gene",
      "relation": "increases_risk",
      "tail": "infections",
      "properties": {}
    },
    {
      "head": "adenosine deaminase (ADA) gene",
      "relation": "increases_risk",
      "tail": "neurodevelopmental abnormalities",
      "properties": {}
    },
    {
      "head": "adenosine deaminase (ADA) gene",
      "relation": "increases_risk",
      "tail": "behavioral abnormalities",
      "properties": {}
    },
    {
      "head": "adenosine deaminase (ADA) gene",
      "relation": "increases_risk",
      "tail": "hearing abnormalities",
      "properties": {}
    },
    {
      "head": "adenosine deaminase (ADA) gene",
      "relation": "increases_risk",
      "tail": "skeletal abnormalities",
      "properties": {}
    },
    {
      "head": "adenosine deaminase (ADA) gene",
      "relation": "increases_risk",
      "tail": "lung abnormalities",
      "properties": {}
    },
    {
      "head": "adenosine deaminase (ADA) gene",
      "relation": "increases_risk",
      "tail": "heart abnormalities",
      "properties": {}
    },
    {
      "head": "adenosine deaminase (ADA) gene",
      "relation": "increases_risk",
      "tail": "skin abnormalities",
      "properties": {}
    },
    {
      "head": "adenosine deaminase (ADA) gene",
      "relation": "increases_risk",
      "tail": "kidney abnormalities",
      "properties": {}
    },
    {
      "head": "adenosine deaminase (ADA) gene",
      "relation": "increases_risk",
      "tail": "urogenital abnormalities",
      "properties": {}
    },
    {
      "head": "adenosine deaminase (ADA) gene",
      "relation": "increases_risk",
      "tail": "liver abnormalities",
      "properties": {}
    },
    {
      "head": "adenosine deaminase (ADA) gene",
      "relation": "increases_risk",
      "tail": "autoimmunity",
      "properties": {}
    },
    {
      "head": "adenosine deaminase (ADA) gene",
      "relation": "increases_risk",
      "tail": "malignancies",
      "properties": {}
    },
    {
      "head": "newborn screening for severe combined immunodeficiency",
      "relation": "diagnostic_basis_for",
      "tail": "ADA-deficient patients",
      "properties": {}
    },
    {
      "head": "enzyme replacement therapy (ERT)",
      "relation": "treats",
      "tail": "ADA-deficient patients",
      "properties": {}
    },
    {
      "head": "allogeneic hematopoietic stem cell transplantation",
      "relation": "treats",
      "tail": "ADA-deficient patients",
      "properties": {}
    }
  ]
}