{
  "entities": [
    {
      "name": "thyroid hormone supplementation",
      "type": "treatment_regimen",
      "properties": {
        "evidence_strength": "cohort study",
        "statistical_data": "p = 0.3"
      }
    },
    {
      "name": "liothyronine [T3]",
      "type": "medication",
      "properties": {}
    },
    {
      "name": "primary graft dysfunction (PGD)",
      "type": "complication",
      "properties": {}
    },
    {
      "name": "orthotopic heart transplantation",
      "type": "surgical_procedure",
      "properties": {}
    },
    {
      "name": "adult patients",
      "type": "recipient_characteristic",
      "properties": {}
    }
  ],
  "relations": [
    {
      "head": "thyroid hormone supplementation",
      "relation": "treats",
      "tail": "primary graft dysfunction (PGD)",
      "properties": {
        "evidence_strength": "cohort study",
        "statistical_data": "p = 0.3"
      }
    },
    {
      "head": "liothyronine [T3]",
      "relation": "part_of",
      "tail": "thyroid hormone supplementation",
      "properties": {}
    },
    {
      "head": "primary graft dysfunction (PGD)",
      "relation": "complication",
      "tail": "orthotopic heart transplantation",
      "properties": {}
    },
    {
      "head": "adult patients",
      "relation": "prerequisite_of",
      "tail": "orthotopic heart transplantation",
      "properties": {}
    }
  ]
}