{
  "entities": [
    {
      "name": "thrombotic microangiopathy",
      "type": "risk_factor",
      "properties": {}
    },
    {
      "name": "malignant hypertension",
      "type": "risk_factor",
      "properties": {}
    },
    {
      "name": "left ventricular ejection fraction ≤ 50%",
      "type": "diagnostic_criteria",
      "properties": {}
    },
    {
      "name": "thrombotic thrombocytopenic purpura",
      "type": "risk_factor",
      "properties": {}
    },
    {
      "name": "atypical hemolytic uremic syndrome",
      "type": "risk_factor",
      "properties": {}
    },
    {
      "name": "secondary TMAs",
      "type": "risk_factor",
      "properties": {}
    }
  ],
  "relations": [
    {
      "head": "malignant hypertension",
      "relation": "causes",
      "tail": "thrombotic microangiopathy",
      "properties": {}
    },
    {
      "head": "thrombotic microangiopathy",
      "relation": "increases_risk",
      "tail": "severe cardiac involvement",
      "properties": {}
    },
    {
      "head": "malignant hypertension",
      "relation": "increases_risk",
      "tail": "severe cardiac involvement",
      "properties": {}
    },
    {
      "head": "left ventricular ejection fraction ≤ 50%",
      "relation": "diagnostic_basis_for",
      "tail": "severe cardiac involvement",
      "properties": {}
    }
  ]
}