{
  "entities": [
    {
      "name": "solid organ transplantations",
      "type": "surgical_procedure",
      "properties": {}
    },
    {
      "name": "Kidney",
      "type": "surgical_procedure",
      "properties": {}
    },
    {
      "name": "liver",
      "type": "surgical_procedure",
      "properties": {}
    },
    {
      "name": "heart",
      "type": "surgical_procedure",
      "properties": {}
    },
    {
      "name": "lung",
      "type": "surgical_procedure",
      "properties": {}
    },
    {
      "name": "pancreas",
      "type": "surgical_procedure",
      "properties": {}
    },
    {
      "name": "small bowel",
      "type": "surgical_procedure",
      "properties": {}
    },
    {
      "name": "uterine transplants",
      "type": "surgical_procedure",
      "properties": {}
    },
    {
      "name": "organ survival > 90% after the 1st year",
      "type": "recipient_characteristic",
      "properties": {}
    },
    {
      "name": "acute abdomen",
      "type": "complication",
      "properties": {}
    },
    {
      "name": "immunocompromised patients",
      "type": "recipient_characteristic",
      "properties": {}
    },
    {
      "name": "graft-related problems",
      "type": "complication",
      "properties": {}
    },
    {
      "name": "nongraft-related problems",
      "type": "complication",
      "properties": {}
    },
    {
      "name": "perioperative regulation of immunosuppression",
      "type": "treatment_regimen",
      "properties": {}
    },
    {
      "name": "treatment of accompanying problems of immunosuppression",
      "type": "treatment_regimen",
      "properties": {}
    },
    {
      "name": "administration of cortisol",
      "type": "medication",
      "properties": {}
    },
    {
      "name": "rapidly deteriorating situation",
      "type": "complication",
      "properties": {}
    },
    {
      "name": "accurate evaluation and interpretation of clinical manifestations",
      "type": "monitoring_indicator",
      "properties": {}
    },
    {
      "name": "perioperative assessment and preparation",
      "type": "monitoring_indicator",
      "properties": {}
    },
    {
      "name": "evaluation of the patient's cardiovascular system",
      "type": "monitoring_indicator",
      "properties": {}
    }
  ],
  "relations": [
    {
      "head": "solid organ transplantations",
      "relation": "precedes",
      "tail": "acute abdomen",
      "properties": {}
    },
    {
      "head": "immunosuppression",
      "relation": "increases_risk",
      "tail": "graft-related problems",
      "properties": {}
    },
    {
      "head": "immunosuppression",
      "relation": "increases_risk",
      "tail": "nongraft-related problems",
      "properties": {}
    },
    {
      "head": "perioperative regulation of immunosuppression",
      "relation": "treats",
      "tail": "immunosuppression",
      "properties": {}
    },
    {
      "head": "administration of cortisol",
      "relation": "treats",
      "tail": "immunosuppression",
      "properties": {}
    },
    {
      "head": "accurate evaluation and interpretation of clinical manifestations",
      "relation": "monitors",
      "tail": "rapidly deteriorating situation",
      "properties": {}
    },
    {
      "head": "perioperative assessment and preparation",
      "relation": "part_of",
      "tail": "evaluation of the patient's cardiovascular system",
      "properties": {}
    }
  ]
}