{
  "entities": [
    {
      "name": "heart transplantation",
      "type": "surgical_procedure",
      "properties": {}
    },
    {
      "name": "US heart allocation policy",
      "type": "treatment_regimen",
      "properties": {}
    },
    {
      "name": "3 tiers",
      "type": "treatment_regimen",
      "properties": {}
    },
    {
      "name": "6 tiers",
      "type": "treatment_regimen",
      "properties": {}
    },
    {
      "name": "patients' medical urgency",
      "type": "recipient_characteristic",
      "properties": {}
    },
    {
      "name": "posttransplantation outcomes",
      "type": "monitoring_indicator",
      "properties": {}
    },
    {
      "name": "Black and Hispanic minority groups",
      "type": "recipient_characteristic",
      "properties": {}
    },
    {
      "name": "allocation policy change",
      "type": "treatment_regimen",
      "properties": {}
    },
    {
      "name": "Adult heart transplantation patients",
      "type": "recipient_characteristic",
      "properties": {}
    },
    {
      "name": "United Network for Organ Sharing database",
      "type": "monitoring_indicator",
      "properties": {}
    },
    {
      "name": "Multiorgan transplants",
      "type": "surgical_procedure",
      "properties": {}
    },
    {
      "name": "retransplants",
      "type": "surgical_procedure",
      "properties": {}
    },
    {
      "name": "propensity matching",
      "type": "monitoring_indicator",
      "properties": {}
    },
    {
      "name": "race and ethnicity",
      "type": "recipient_characteristic",
      "properties": {}
    },
    {
      "name": "allocation score era",
      "type": "treatment_regimen",
      "properties": {}
    },
    {
      "name": "overall (4-year) survival",
      "type": "monitoring_indicator",
      "properties": {}
    },
    {
      "name": "multivariable Cox regression",
      "type": "monitoring_indicator",
      "properties": {}
    },
    {
      "name": "unmatched cohort",
      "type": "monitoring_indicator",
      "properties": {}
    },
    {
      "name": "in-hospital rejection",
      "type": "complication",
      "properties": {}
    },
    {
      "name": "1-year rejection",
      "type": "complication",
      "properties": {}
    },
    {
      "name": "short-term mortality",
      "type": "complication",
      "properties": {}
    },
    {
      "name": "graft failure",
      "type": "complication",
      "properties": {}
    },
    {
      "name": "conditional logistic regression",
      "type": "monitoring_indicator",
      "properties": {}
    },
    {
      "name": "matched cohort",
      "type": "monitoring_indicator",
      "properties": {}
    },
    {
      "name": "White",
      "type": "recipient_characteristic",
      "properties": {}
    },
    {
      "name": "Black",
      "type": "recipient_characteristic",
      "properties": {}
    },
    {
      "name": "Hispanic",
      "type": "recipient_characteristic",
      "properties": {}
    }
  ],
  "relations": [
    {
      "head": "US heart allocation policy",
      "relation": "precedes",
      "tail": "6 tiers",
      "properties": {
        "evidence_strength": "cohort study"
      }
    },
    {
      "head": "US heart allocation policy",
      "relation": "precedes",
      "tail": "3 tiers",
      "properties": {
        "evidence_strength": "cohort study"
      }
    },
    {
      "head": "6 tiers",
      "relation": "monitors",
      "tail": "patients' medical urgency",
      "properties": {
        "evidence_strength": "cohort study"
      }
    },
    {
      "head": "allocation policy change",
      "relation": "monitors",
      "tail": "Black and Hispanic minority groups",
      "properties": {
        "evidence_strength": "cohort study"
      }
    },
    {
      "head": "multivariable Cox regression",
      "relation": "monitors",
      "tail": "overall (4-year) survival",
      "properties": {
        "evidence_strength": "cohort study"
      }
    },
    {
      "head": "conditional logistic regression",
      "relation": "monitors",
      "tail": "in-hospital rejection",
      "properties": {
        "evidence_strength": "cohort study"
      }
    },
    {
      "head": "conditional logistic regression",
      "relation": "monitors",
      "tail": "1-year rejection",
      "properties": {
        "evidence_strength": "cohort study"
      }
    },
    {
      "head": "conditional logistic regression",
      "relation": "monitors",
      "tail": "short-term mortality",
      "properties": {
        "evidence_strength": "cohort study"
      }
    },
    {
      "head": "conditional logistic regression",
      "relation": "monitors",
      "tail": "graft failure",
      "properties": {
        "evidence_strength": "cohort study"
      }
    }
  ]
}