{
  "entities": [
    {
      "name": "heart transplantation",
      "type": "surgical_procedure",
      "properties": {}
    },
    {
      "name": "Cytomegalovirus (CMV) infection",
      "type": "complication",
      "properties": {}
    },
    {
      "name": "first year after surgery",
      "type": "recipient_characteristic",
      "properties": {}
    },
    {
      "name": "morbidity",
      "type": "complication",
      "properties": {}
    },
    {
      "name": "mortality",
      "type": "complication",
      "properties": {}
    },
    {
      "name": "transcriptomic profile",
      "type": "monitoring_indicator",
      "properties": {}
    },
    {
      "name": "cardiac transplanted patients",
      "type": "recipient_characteristic",
      "properties": {}
    },
    {
      "name": "tissue markers",
      "type": "monitoring_indicator",
      "properties": {}
    }
  ],
  "relations": [
    {
      "head": "Cytomegalovirus (CMV) infection",
      "relation": "increases_risk",
      "tail": "morbidity",
      "properties": {
        "evidence_strength": "proof-of-concept study"
      }
    },
    {
      "head": "Cytomegalovirus (CMV) infection",
      "relation": "increases_risk",
      "tail": "mortality",
      "properties": {
        "evidence_strength": "proof-of-concept study"
      }
    },
    {
      "head": "first year after surgery",
      "relation": "part_of",
      "tail": "heart transplantation",
      "properties": {}
    },
    {
      "head": "transcriptomic profile",
      "relation": "monitors",
      "tail": "Cytomegalovirus (CMV) infection",
      "properties": {
        "evidence_strength": "proof-of-concept study"
      }
    }
  ]
}