{
  "entities": [
    {
      "name": "targeted temperature management",
      "type": "treatment_regimen",
      "properties": {
        "evidence_strength": "retrospective cohort study"
      }
    },
    {
      "name": "organ transplantation",
      "type": "surgical_procedure",
      "properties": {}
    },
    {
      "name": "brain death",
      "type": "donor_characteristic",
      "properties": {}
    },
    {
      "name": "cardiac arrest",
      "type": "donor_characteristic",
      "properties": {
        "statistical_data": "102 patients (39.7%)"
      }
    },
    {
      "name": "intensive care unit length of stay",
      "type": "monitoring_indicator",
      "properties": {}
    },
    {
      "name": "organ procurement rates",
      "type": "monitoring_indicator",
      "properties": {}
    },
    {
      "name": "transplanted organs",
      "type": "monitoring_indicator",
      "properties": {}
    },
    {
      "name": "age",
      "type": "donor_characteristic",
      "properties": {}
    },
    {
      "name": "sex",
      "type": "donor_characteristic",
      "properties": {}
    },
    {
      "name": "body mass index",
      "type": "donor_characteristic",
      "properties": {}
    },
    {
      "name": "laboratory findings",
      "type": "monitoring_indicator",
      "properties": {}
    },
    {
      "name": "serial recipient laboratory results",
      "type": "monitoring_indicator",
      "properties": {}
    },
    {
      "name": "brain hemorrhage",
      "type": "donor_characteristic",
      "properties": {
        "statistical_data": "173 patients (67.3%)"
      }
    },
    {
      "name": "hanging",
      "type": "donor_characteristic",
      "properties": {
        "statistical_data": "53 patients (20.6%)"
      }
    },
    {
      "name": "other medical causes",
      "type": "donor_characteristic",
      "properties": {
        "statistical_data": "31 patients (12.1%)"
      }
    },
    {
      "name": "kidney transplantation",
      "type": "surgical_procedure",
      "properties": {}
    },
    {
      "name": "organ procurement",
      "type": "surgical_procedure",
      "properties": {
        "statistical_data": "mean time 8.8 ± 6.4 days"
      }
    }
  ],
  "relations": [
    {
      "head": "targeted temperature management",
      "relation": "precedes",
      "tail": "organ transplantation",
      "properties": {
        "evidence_strength": "retrospective cohort study"
      }
    },
    {
      "head": "brain death",
      "relation": "prerequisite_of",
      "tail": "organ procurement",
      "properties": {}
    },
    {
      "head": "cardiac arrest",
      "relation": "precedes",
      "tail": "brain death",
      "properties": {
        "statistical_data": "102 patients (39.7%)"
      }
    },
    {
      "head": "intensive care unit length of stay",
      "relation": "monitors",
      "tail": "donor clinical course",
      "properties": {}
    },
    {
      "head": "organ procurement rates",
      "relation": "monitors",
      "tail": "transplantation outcomes",
      "properties": {}
    },
    {
      "head": "laboratory findings",
      "relation": "monitors",
      "tail": "donor status",
      "properties": {}
    },
    {
      "head": "serial recipient laboratory results",
      "relation": "monitors",
      "tail": "transplantation outcomes",
      "properties": {}
    },
    {
      "head": "brain hemorrhage",
      "relation": "part_of",
      "tail": "donor characteristics",
      "properties": {
        "statistical_data": "173 patients (67.3%)"
      }
    },
    {
      "head": "hanging",
      "relation": "part_of",
      "tail": "donor characteristics",
      "properties": {
        "statistical_data": "53 patients (20.6%)"
      }
    },
    {
      "head": "other medical causes",
      "relation": "part_of",
      "tail": "donor characteristics",
      "properties": {
        "statistical_data": "31 patients (12.1%)"
      }
    }
  ]
}