{
  "entities": [
    {
      "name": "Partial heart transplantation",
      "type": "surgical_procedure",
      "properties": {}
    },
    {
      "name": "growing heart valve substitutes",
      "type": "medical_device",
      "properties": {}
    },
    {
      "name": "children",
      "type": "recipient_characteristic",
      "properties": {}
    },
    {
      "name": "valves contained in heart transplants",
      "type": "medical_device",
      "properties": {}
    },
    {
      "name": "native ventricles",
      "type": "recipient_characteristic",
      "properties": {}
    },
    {
      "name": "graft ventricular dysfunction",
      "type": "complication",
      "properties": {}
    },
    {
      "name": "donor hearts with ventricular dysfunction",
      "type": "donor_characteristic",
      "properties": {}
    },
    {
      "name": "indications",
      "type": "diagnostic_criteria",
      "properties": {}
    },
    {
      "name": "sources for donor hearts",
      "type": "donor_characteristic",
      "properties": {}
    },
    {
      "name": "graft procurement",
      "type": "surgical_procedure",
      "properties": {}
    },
    {
      "name": "graft preservation",
      "type": "surgical_procedure",
      "properties": {}
    },
    {
      "name": "implantation",
      "type": "surgical_procedure",
      "properties": {}
    },
    {
      "name": "recipient immunosuppression",
      "type": "treatment_regimen",
      "properties": {}
    },
    {
      "name": "reimbursement",
      "type": "monitoring_indicator",
      "properties": {}
    }
  ],
  "relations": [
    {
      "head": "Partial heart transplantation",
      "relation": "treats",
      "tail": "children",
      "properties": {}
    },
    {
      "head": "Partial heart transplantation",
      "relation": "part_of",
      "tail": "growing heart valve substitutes",
      "properties": {}
    },
    {
      "head": "valves contained in heart transplants",
      "relation": "part_of",
      "tail": "Partial heart transplantation",
      "properties": {}
    },
    {
      "head": "native ventricles",
      "relation": "part_of",
      "tail": "Partial heart transplantation",
      "properties": {}
    },
    {
      "head": "native ventricles",
      "relation": "alleviates",
      "tail": "graft ventricular dysfunction",
      "properties": {}
    },
    {
      "head": "donor hearts with ventricular dysfunction",
      "relation": "contraindicated_in",
      "tail": "graft ventricular dysfunction",
      "properties": {}
    },
    {
      "head": "Partial heart transplantation",
      "relation": "prerequisite_of",
      "tail": "indications",
      "properties": {}
    },
    {
      "head": "Partial heart transplantation",
      "relation": "prerequisite_of",
      "tail": "sources for donor hearts",
      "properties": {}
    },
    {
      "head": "Partial heart transplantation",
      "relation": "prerequisite_of",
      "tail": "graft procurement",
      "properties": {}
    },
    {
      "head": "Partial heart transplantation",
      "relation": "prerequisite_of",
      "tail": "graft preservation",
      "properties": {}
    },
    {
      "head": "Partial heart transplantation",
      "relation": "prerequisite_of",
      "tail": "implantation",
      "properties": {}
    },
    {
      "head": "Partial heart transplantation",
      "relation": "prerequisite_of",
      "tail": "recipient immunosuppression",
      "properties": {}
    },
    {
      "head": "Partial heart transplantation",
      "relation": "prerequisite_of",
      "tail": "reimbursement",
      "properties": {}
    }
  ]
}