{
  "entities": [
    {
      "name": "pediatric heart transplantation",
      "type": "surgical_procedure",
      "properties": {}
    },
    {
      "name": "Acute cellular rejection (ACR)",
      "type": "complication",
      "properties": {}
    },
    {
      "name": "allograft injury",
      "type": "complication",
      "properties": {}
    },
    {
      "name": "chronic graft dysfunction",
      "type": "complication",
      "properties": {}
    },
    {
      "name": "cardiac allograft vasculopathy",
      "type": "complication",
      "properties": {}
    },
    {
      "name": "antibody mediated rejection",
      "type": "complication",
      "properties": {}
    },
    {
      "name": "mortality",
      "type": "complication",
      "properties": {}
    },
    {
      "name": "immunosuppression adherence",
      "type": "risk_factor",
      "properties": {}
    },
    {
      "name": "endomyocardial biopsy",
      "type": "diagnostic_criteria",
      "properties": {}
    },
    {
      "name": "gene expression profiling",
      "type": "monitoring_indicator",
      "properties": {}
    },
    {
      "name": "donor-derived cell-free DNA",
      "type": "monitoring_indicator",
      "properties": {}
    },
    {
      "name": "echocardiography",
      "type": "monitoring_indicator",
      "properties": {}
    },
    {
      "name": "cardiac magnetic resonance imaging",
      "type": "monitoring_indicator",
      "properties": {}
    },
    {
      "name": "corticosteroids",
      "type": "medication",
      "properties": {}
    },
    {
      "name": "anti-thymocyte globulin",
      "type": "medication",
      "properties": {}
    },
    {
      "name": "hemodynamic support",
      "type": "treatment_regimen",
      "properties": {}
    },
    {
      "name": "pediatric heart transplant recipients",
      "type": "recipient_characteristic",
      "properties": {}
    }
  ],
  "relations": [
    {
      "head": "Acute cellular rejection (ACR)",
      "relation": "causes",
      "tail": "allograft injury",
      "properties": {}
    },
    {
      "head": "Acute cellular rejection (ACR)",
      "relation": "causes",
      "tail": "chronic graft dysfunction",
      "properties": {}
    },
    {
      "head": "Acute cellular rejection (ACR)",
      "relation": "causes",
      "tail": "cardiac allograft vasculopathy",
      "properties": {}
    },
    {
      "head": "Acute cellular rejection (ACR)",
      "relation": "causes",
      "tail": "antibody mediated rejection",
      "properties": {}
    },
    {
      "head": "Acute cellular rejection (ACR)",
      "relation": "causes",
      "tail": "mortality",
      "properties": {}
    },
    {
      "head": "immunosuppression adherence",
      "relation": "increases_risk",
      "tail": "Acute cellular rejection (ACR)",
      "properties": {}
    },
    {
      "head": "endomyocardial biopsy",
      "relation": "diagnostic_basis_for",
      "tail": "Acute cellular rejection (ACR)",
      "properties": {}
    },
    {
      "head": "gene expression profiling",
      "relation": "monitors",
      "tail": "Acute cellular rejection (ACR)",
      "properties": {}
    },
    {
      "head": "donor-derived cell-free DNA",
      "relation": "monitors",
      "tail": "Acute cellular rejection (ACR)",
      "properties": {}
    },
    {
      "head": "echocardiography",
      "relation": "monitors",
      "tail": "Acute cellular rejection (ACR)",
      "properties": {}
    },
    {
      "head": "cardiac magnetic resonance imaging",
      "relation": "monitors",
      "tail": "Acute cellular rejection (ACR)",
      "properties": {}
    },
    {
      "head": "corticosteroids",
      "relation": "treats",
      "tail": "Acute cellular rejection (ACR)",
      "properties": {}
    },
    {
      "head": "anti-thymocyte globulin",
      "relation": "treats",
      "tail": "Acute cellular rejection (ACR)",
      "properties": {}
    },
    {
      "head": "hemodynamic support",
      "relation": "treats",
      "tail": "Acute cellular rejection (ACR)",
      "properties": {}
    },
    {
      "head": "Acute cellular rejection (ACR)",
      "relation": "part_of",
      "tail": "pediatric heart transplantation",
      "properties": {}
    }
  ]
}