{
  "entities": [
    {
      "name": "Coronary allograft vasculopathy (CAV)",
      "type": "complication",
      "properties": {
        "incidence": "17%",
        "median_onset": "2.81 years"
      }
    },
    {
      "name": "orthotropic heart transplantation (OHT)",
      "type": "surgical_procedure",
      "properties": {}
    },
    {
      "name": "percutaneous coronary intervention (PCI)",
      "type": "surgical_procedure",
      "properties": {}
    },
    {
      "name": "chronic total occlusion (CTO)",
      "type": "complication",
      "properties": {}
    },
    {
      "name": "ISHLT criteria",
      "type": "diagnostic_criteria",
      "properties": {}
    },
    {
      "name": "Kaplan-Meier analysis",
      "type": "monitoring_indicator",
      "properties": {}
    },
    {
      "name": "Virginia Commonwealth University",
      "type": "recipient_characteristic",
      "properties": {
        "location": "Richmond, Virginia, USA"
      }
    },
    {
      "name": "heart transplant patients",
      "type": "recipient_characteristic",
      "properties": {}
    },
    {
      "name": "rejection",
      "type": "complication",
      "properties": {}
    },
    {
      "name": "mortality",
      "type": "complication",
      "properties": {
        "CAV_group": "40%",
        "non-CAV_group": "27%",
        "p_value": "0.045"
      }
    }
  ],
  "relations": [
    {
      "head": "Coronary allograft vasculopathy (CAV)",
      "relation": "increases_risk",
      "tail": "mortality",
      "properties": {
        "evidence": "cohort study",
        "p_value": "0.045"
      }
    },
    {
      "head": "orthotropic heart transplantation (OHT)",
      "relation": "precedes",
      "tail": "Coronary allograft vasculopathy (CAV)",
      "properties": {
        "evidence": "cohort study"
      }
    },
    {
      "head": "percutaneous coronary intervention (PCI)",
      "relation": "treats",
      "tail": "Coronary allograft vasculopathy (CAV)",
      "properties": {
        "evidence": "cohort study"
      }
    },
    {
      "head": "ISHLT criteria",
      "relation": "diagnostic_basis_for",
      "tail": "Coronary allograft vasculopathy (CAV)",
      "properties": {
        "evidence": "cohort study"
      }
    },
    {
      "head": "Kaplan-Meier analysis",
      "relation": "monitors",
      "tail": "survival",
      "properties": {
        "evidence": "cohort study"
      }
    }
  ]
}