{
  "entities": [
    {
      "name": "extracorporeal membrane oxygenation (ECMO)",
      "type": "medical_device",
      "properties": {}
    },
    {
      "name": "venoarterial configuration",
      "type": "medical_device",
      "properties": {}
    },
    {
      "name": "short-term ventricular assist devices (VADs)",
      "type": "medical_device",
      "properties": {}
    },
    {
      "name": "heart transplantation (HT)",
      "type": "surgical_procedure",
      "properties": {}
    },
    {
      "name": "in-hospital mortality",
      "type": "risk_factor",
      "properties": {}
    },
    {
      "name": "urgent HT waiting list",
      "type": "recipient_characteristic",
      "properties": {}
    },
    {
      "name": "short-term mechanical circulatory support",
      "type": "medical_device",
      "properties": {}
    },
    {
      "name": "direct ECMO-to-HT",
      "type": "treatment_regimen",
      "properties": {}
    },
    {
      "name": "direct short-term VAD-to-HT",
      "type": "treatment_regimen",
      "properties": {}
    },
    {
      "name": "ECMO as a bridge to short-term VAD followed by HT (ECMO bridge-to-bridge)",
      "type": "treatment_regimen",
      "properties": {}
    }
  ],
  "relations": [
    {
      "head": "extracorporeal membrane oxygenation (ECMO)",
      "relation": "part_of",
      "tail": "short-term mechanical circulatory support",
      "properties": {}
    },
    {
      "head": "short-term ventricular assist devices (VADs)",
      "relation": "part_of",
      "tail": "short-term mechanical circulatory support",
      "properties": {}
    },
    {
      "head": "short-term mechanical circulatory support",
      "relation": "precedes",
      "tail": "heart transplantation (HT)",
      "properties": {}
    },
    {
      "head": "direct ECMO-to-HT",
      "relation": "precedes",
      "tail": "heart transplantation (HT)",
      "properties": {}
    },
    {
      "head": "direct short-term VAD-to-HT",
      "relation": "precedes",
      "tail": "heart transplantation (HT)",
      "properties": {}
    },
    {
      "head": "ECMO as a bridge to short-term VAD followed by HT (ECMO bridge-to-bridge)",
      "relation": "precedes",
      "tail": "heart transplantation (HT)",
      "properties": {}
    },
    {
      "head": "urgent HT waiting list",
      "relation": "increases_risk",
      "tail": "in-hospital mortality",
      "properties": {
        "evidence_strength": "cohort study"
      }
    }
  ]
}