{
  "entities": [
    {
      "name": "pulmonary artery size",
      "type": "monitoring_indicator",
      "properties": {
        "study_type": "retrospective cohort study"
      }
    },
    {
      "name": "pediatric and congenital heart transplantation",
      "type": "surgical_procedure",
      "properties": {
        "study_type": "retrospective cohort study"
      }
    },
    {
      "name": "echocardiography",
      "type": "medical_device",
      "properties": {
        "study_type": "retrospective cohort study"
      }
    },
    {
      "name": "computed tomography angiography",
      "type": "medical_device",
      "properties": {
        "study_type": "retrospective cohort study"
      }
    },
    {
      "name": "catheter angiography",
      "type": "medical_device",
      "properties": {
        "study_type": "retrospective cohort study"
      }
    },
    {
      "name": "Nakata index",
      "type": "diagnostic_criteria",
      "properties": {
        "study_type": "retrospective cohort study"
      }
    },
    {
      "name": "lower lobe index",
      "type": "diagnostic_criteria",
      "properties": {
        "study_type": "retrospective cohort study"
      }
    },
    {
      "name": "post-transplant cardiovascular function",
      "type": "monitoring_indicator",
      "properties": {
        "study_type": "retrospective cohort study"
      }
    },
    {
      "name": "end-organ function",
      "type": "monitoring_indicator",
      "properties": {
        "study_type": "retrospective cohort study"
      }
    },
    {
      "name": "length of stay",
      "type": "monitoring_indicator",
      "properties": {
        "study_type": "retrospective cohort study"
      }
    },
    {
      "name": "mortality",
      "type": "complication",
      "properties": {
        "study_type": "retrospective cohort study"
      }
    },
    {
      "name": "congenital heart disease",
      "type": "recipient_characteristic",
      "properties": {
        "study_type": "retrospective cohort study",
        "prevalence": "54% (37/68)"
      }
    },
    {
      "name": "smaller lower lobe index",
      "type": "risk_factor",
      "properties": {
        "study_type": "retrospective cohort study"
      }
    }
  ],
  "relations": [
    {
      "head": "pulmonary artery size",
      "relation": "monitors",
      "tail": "pediatric and congenital heart transplantation",
      "properties": {
        "study_type": "retrospective cohort study"
      }
    },
    {
      "head": "echocardiography",
      "relation": "monitors",
      "tail": "pulmonary artery size",
      "properties": {
        "study_type": "retrospective cohort study",
        "sample_size": "n=68"
      }
    },
    {
      "head": "computed tomography angiography",
      "relation": "monitors",
      "tail": "pulmonary artery size",
      "properties": {
        "study_type": "retrospective cohort study",
        "sample_size": "n=52"
      }
    },
    {
      "head": "catheter angiography",
      "relation": "monitors",
      "tail": "pulmonary artery size",
      "properties": {
        "study_type": "retrospective cohort study",
        "sample_size": "n=31"
      }
    },
    {
      "head": "Nakata index",
      "relation": "diagnostic_basis_for",
      "tail": "pulmonary artery size",
      "properties": {
        "study_type": "retrospective cohort study"
      }
    },
    {
      "head": "lower lobe index",
      "relation": "diagnostic_basis_for",
      "tail": "pulmonary artery size",
      "properties": {
        "study_type": "retrospective cohort study"
      }
    },
    {
      "head": "pulmonary artery size",
      "relation": "precedes",
      "tail": "pediatric and congenital heart transplantation",
      "properties": {
        "study_type": "retrospective cohort study",
        "timing": "pre-operative"
      }
    },
    {
      "head": "smaller lower lobe index",
      "relation": "increases_risk",
      "tail": "post-transplant outcomes",
      "properties": {
        "study_type": "retrospective cohort study"
      }
    }
  ]
}