{
  "entities": [
    {
      "name": "pediatric heart transplantation",
      "type": "surgical_procedure",
      "properties": {}
    },
    {
      "name": "basiliximab",
      "type": "medication",
      "properties": {}
    },
    {
      "name": "anti-thymocyte globulin",
      "type": "medication",
      "properties": {}
    },
    {
      "name": "post-bypass basiliximab",
      "type": "treatment_regimen",
      "properties": {}
    },
    {
      "name": "pre-bypass basiliximab",
      "type": "treatment_regimen",
      "properties": {}
    },
    {
      "name": "anti-thymocyte globulin induction",
      "type": "treatment_regimen",
      "properties": {}
    },
    {
      "name": "first-year rejection",
      "type": "complication",
      "properties": {}
    },
    {
      "name": "infants",
      "type": "recipient_characteristic",
      "properties": {}
    },
    {
      "name": "late era",
      "type": "treatment_regimen",
      "properties": {
        "evidence_strength": "cohort study"
      }
    },
    {
      "name": "odds ratio",
      "type": "monitoring_indicator",
      "properties": {
        "value": "0.19",
        "confidence_interval": "95% CI"
      }
    },
    {
      "name": "p-value",
      "type": "monitoring_indicator",
      "properties": {
        "value": ".05"
      }
    },
    {
      "name": "p-value",
      "type": "monitoring_indicator",
      "properties": {
        "value": ".006"
      }
    }
  ],
  "relations": [
    {
      "head": "late era",
      "relation": "alleviates",
      "tail": "first-year rejection",
      "properties": {
        "odds_ratio": "0.19",
        "p_value": ".05",
        "evidence_strength": "cohort study"
      }
    },
    {
      "head": "late era",
      "relation": "alleviates",
      "tail": "first-year rejection",
      "properties": {
        "p_value": ".006",
        "evidence_strength": "cohort study",
        "subgroup": "after excluding infants"
      }
    },
    {
      "head": "post-bypass basiliximab",
      "relation": "precedes",
      "tail": "late era",
      "properties": {}
    },
    {
      "head": "late era",
      "relation": "part_of",
      "tail": "pre-bypass basiliximab",
      "properties": {}
    },
    {
      "head": "late era",
      "relation": "part_of",
      "tail": "anti-thymocyte globulin induction",
      "properties": {}
    },
    {
      "head": "pre-bypass basiliximab",
      "relation": "treats",
      "tail": "first-year rejection",
      "properties": {}
    },
    {
      "head": "anti-thymocyte globulin induction",
      "relation": "treats",
      "tail": "first-year rejection",
      "properties": {}
    }
  ]
}