{
  "entities": [
    {
      "name": "lung transplantation",
      "type": "surgical_procedure",
      "properties": {}
    },
    {
      "name": "pulmonary arterial hypertension (PAH)",
      "type": "recipient_characteristic",
      "properties": {}
    },
    {
      "name": "donor organs",
      "type": "donor_characteristic",
      "properties": {}
    },
    {
      "name": "chronic graft rejection",
      "type": "complication",
      "properties": {}
    },
    {
      "name": "clinical status (NYHA [New York Heart Association] > or = III and progressing, right heart insufficiency symptoms)",
      "type": "diagnostic_criteria",
      "properties": {}
    },
    {
      "name": "mean pulmonary arterial pressure > 55 mmHg",
      "type": "diagnostic_criteria",
      "properties": {}
    },
    {
      "name": "systolic arterial pressure < 120 mmHg",
      "type": "diagnostic_criteria",
      "properties": {}
    },
    {
      "name": "cardiac index < 2 l/min/m2",
      "type": "diagnostic_criteria",
      "properties": {}
    },
    {
      "name": "central venous pressure > 15 mmHg",
      "type": "diagnostic_criteria",
      "properties": {}
    },
    {
      "name": "right heart function on echocardiography",
      "type": "diagnostic_criteria",
      "properties": {}
    },
    {
      "name": "peak oxygen uptake < 10-12 ml/kg/min",
      "type": "diagnostic_criteria",
      "properties": {}
    },
    {
      "name": "6-min walk test (MWT) < 332 m",
      "type": "diagnostic_criteria",
      "properties": {}
    },
    {
      "name": "1-year mortality of 40% with a 6-MWT < 332 m",
      "type": "risk_factor",
      "properties": {}
    },
    {
      "name": "1-year mortality of 50% with a peak oxygen uptake < 10.4 ml/kg/min",
      "type": "risk_factor",
      "properties": {}
    },
    {
      "name": "1-year mortality of 70% with a systolic arterial pressure < 120 mmHg",
      "type": "risk_factor",
      "properties": {}
    },
    {
      "name": "1-year survival of 23% with combinations of the above",
      "type": "risk_factor",
      "properties": {}
    }
  ],
  "relations": [
    {
      "head": "pulmonary arterial hypertension (PAH)",
      "relation": "prerequisite_of",
      "tail": "lung transplantation",
      "properties": {}
    },
    {
      "head": "donor organs",
      "relation": "part_of",
      "tail": "lung transplantation",
      "properties": {}
    },
    {
      "head": "chronic graft rejection",
      "relation": "complication",
      "tail": "lung transplantation",
      "properties": {}
    },
    {
      "head": "clinical status (NYHA [New York Heart Association] > or = III and progressing, right heart insufficiency symptoms)",
      "relation": "diagnostic_basis_for",
      "tail": "lung transplantation",
      "properties": {}
    },
    {
      "head": "mean pulmonary arterial pressure > 55 mmHg",
      "relation": "diagnostic_basis_for",
      "tail": "lung transplantation",
      "properties": {}
    },
    {
      "head": "systolic arterial pressure < 120 mmHg",
      "relation": "diagnostic_basis_for",
      "tail": "lung transplantation",
      "properties": {}
    },
    {
      "head": "cardiac index < 2 l/min/m2",
      "relation": "diagnostic_basis_for",
      "tail": "lung transplantation",
      "properties": {}
    },
    {
      "head": "central venous pressure > 15 mmHg",
      "relation": "diagnostic_basis_for",
      "tail": "lung transplantation",
      "properties": {}
    },
    {
      "head": "right heart function on echocardiography",
      "relation": "diagnostic_basis_for",
      "tail": "lung transplantation",
      "properties": {}
    },
    {
      "head": "peak oxygen uptake < 10-12 ml/kg/min",
      "relation": "diagnostic_basis_for",
      "tail": "lung transplantation",
      "properties": {}
    },
    {
      "head": "6-min walk test (MWT) < 332 m",
      "relation": "diagnostic_basis_for",
      "tail": "lung transplantation",
      "properties": {}
    },
    {
      "head": "1-year mortality of 40% with a 6-MWT < 332 m",
      "relation": "increases_risk",
      "tail": "lung transplantation",
      "properties": {}
    },
    {
      "head": "1-year mortality of 50% with a peak oxygen uptake < 10.4 ml/kg/min",
      "relation": "increases_risk",
      "tail": "lung transplantation",
      "properties": {}
    },
    {
      "head": "1-year mortality of 70% with a systolic arterial pressure < 120 mmHg",
      "relation": "increases_risk",
      "tail": "lung transplantation",
      "properties": {}
    },
    {
      "head": "1-year survival of 23% with combinations of the above",
      "relation": "increases_risk",
      "tail": "lung transplantation",
      "properties": {}
    }
  ]
}