{
  "entities": [
    {
      "name": "Bone marrow-derived mesenchymal stem cells (MSCs)",
      "type": "medical_device",
      "properties": {}
    },
    {
      "name": "hypoxia and serum deprivation (H/SD)",
      "type": "risk_factor",
      "properties": {}
    },
    {
      "name": "proteasome inhibitor MG-132",
      "type": "medication",
      "properties": {}
    },
    {
      "name": "IL-1β",
      "type": "monitoring_indicator",
      "properties": {}
    },
    {
      "name": "TNF-α",
      "type": "monitoring_indicator",
      "properties": {}
    },
    {
      "name": "IL-10",
      "type": "monitoring_indicator",
      "properties": {}
    },
    {
      "name": "NF-κBp65",
      "type": "monitoring_indicator",
      "properties": {}
    },
    {
      "name": "Annexin V-FITC flow cytometric analysis",
      "type": "diagnostic_criteria",
      "properties": {}
    },
    {
      "name": "real-time PCR",
      "type": "diagnostic_criteria",
      "properties": {}
    },
    {
      "name": "immunocytochemical staining",
      "type": "diagnostic_criteria",
      "properties": {}
    },
    {
      "name": "Western blot",
      "type": "diagnostic_criteria",
      "properties": {}
    },
    {
      "name": "ELISA assay",
      "type": "diagnostic_criteria",
      "properties": {}
    },
    {
      "name": "ischemic heart diseases",
      "type": "risk_factor",
      "properties": {}
    },
    {
      "name": "apoptosis",
      "type": "complication",
      "properties": {}
    }
  ],
  "relations": [
    {
      "head": "hypoxia and serum deprivation (H/SD)",
      "relation": "increases_risk",
      "tail": "apoptosis",
      "properties": {}
    },
    {
      "head": "proteasome inhibitor MG-132",
      "relation": "alleviates",
      "tail": "apoptosis",
      "properties": {}
    },
    {
      "head": "proteasome inhibitor MG-132",
      "relation": "inhibits",
      "tail": "IL-1β",
      "properties": {}
    },
    {
      "head": "proteasome inhibitor MG-132",
      "relation": "inhibits",
      "tail": "TNF-α",
      "properties": {}
    },
    {
      "head": "proteasome inhibitor MG-132",
      "relation": "enhances",
      "tail": "IL-10",
      "properties": {}
    },
    {
      "head": "proteasome inhibitor MG-132",
      "relation": "inhibits",
      "tail": "NF-κBp65 nuclear translocation",
      "properties": {}
    },
    {
      "head": "Annexin V-FITC flow cytometric analysis",
      "relation": "diagnostic_basis_for",
      "tail": "apoptosis",
      "properties": {}
    },
    {
      "head": "real-time PCR",
      "relation": "diagnostic_basis_for",
      "tail": "IL-1β",
      "properties": {}
    },
    {
      "head": "real-time PCR",
      "relation": "diagnostic_basis_for",
      "tail": "TNF-α",
      "properties": {}
    },
    {
      "head": "real-time PCR",
      "relation": "diagnostic_basis_for",
      "tail": "IL-10",
      "properties": {}
    },
    {
      "head": "immunocytochemical staining",
      "relation": "diagnostic_basis_for",
      "tail": "NF-κBp65",
      "properties": {}
    },
    {
      "head": "Western blot",
      "relation": "diagnostic_basis_for",
      "tail": "IL-1β",
      "properties": {}
    },
    {
      "head": "Western blot",
      "relation": "diagnostic_basis_for",
      "tail": "TNF-α",
      "properties": {}
    },
    {
      "head": "ELISA assay",
      "relation": "diagnostic_basis_for",
      "tail": "IL-10",
      "properties": {}
    }
  ]
}