{
  "entities": [
    {
      "name": "bicaval orthotopic heart transplantation",
      "type": "surgical_procedure",
      "properties": {}
    },
    {
      "name": "inferior vena cava obstruction",
      "type": "complication",
      "properties": {}
    },
    {
      "name": "end-stage heart failure",
      "type": "recipient_characteristic",
      "properties": {}
    },
    {
      "name": "shock",
      "type": "complication",
      "properties": {}
    },
    {
      "name": "refractory hypotension",
      "type": "complication",
      "properties": {}
    },
    {
      "name": "fluid resuscitation",
      "type": "treatment_regimen",
      "properties": {}
    },
    {
      "name": "inotropic/vasopressor support",
      "type": "treatment_regimen",
      "properties": {}
    },
    {
      "name": "IVC-right atrial anastomosis obstruction",
      "type": "complication",
      "properties": {}
    },
    {
      "name": "transoesophageal echocardiography",
      "type": "monitoring_indicator",
      "properties": {}
    },
    {
      "name": "emergent reoperation",
      "type": "surgical_procedure",
      "properties": {}
    },
    {
      "name": "large donor Eustachian valve",
      "type": "donor_characteristic",
      "properties": {}
    },
    {
      "name": "resection of the valve",
      "type": "surgical_procedure",
      "properties": {}
    }
  ],
  "relations": [
    {
      "head": "bicaval orthotopic heart transplantation",
      "relation": "causes",
      "tail": "inferior vena cava obstruction",
      "properties": {}
    },
    {
      "head": "inferior vena cava obstruction",
      "relation": "causes",
      "tail": "shock",
      "properties": {}
    },
    {
      "head": "inferior vena cava obstruction",
      "relation": "causes",
      "tail": "refractory hypotension",
      "properties": {}
    },
    {
      "head": "transoesophageal echocardiography",
      "relation": "diagnostic_basis_for",
      "tail": "IVC-right atrial anastomosis obstruction",
      "properties": {}
    },
    {
      "head": "IVC-right atrial anastomosis obstruction",
      "relation": "precedes",
      "tail": "emergent reoperation",
      "properties": {}
    },
    {
      "head": "large donor Eustachian valve",
      "relation": "causes",
      "tail": "IVC-right atrial anastomosis obstruction",
      "properties": {}
    },
    {
      "head": "resection of the valve",
      "relation": "alleviates",
      "tail": "inferior vena cava obstruction",
      "properties": {}
    },
    {
      "head": "resection of the valve",
      "relation": "treats",
      "tail": "shock",
      "properties": {}
    },
    {
      "head": "resection of the valve",
      "relation": "treats",
      "tail": "refractory hypotension",
      "properties": {}
    }
  ]
}