{
  "entities": [
    {
      "name": "Idiopathic Pneumonia Syndrome",
      "type": "complication",
      "properties": {}
    },
    {
      "name": "Allogeneic Hematopoietic Cell Transplantation",
      "type": "surgical_procedure",
      "properties": {}
    },
    {
      "name": "Incidence",
      "type": "monitoring_indicator",
      "properties": {}
    },
    {
      "name": "Risk Factors",
      "type": "risk_factor",
      "properties": {}
    },
    {
      "name": "Outcomes",
      "type": "monitoring_indicator",
      "properties": {}
    }
  ],
  "relations": [
    {
      "head": "Allogeneic Hematopoietic Cell Transplantation",
      "relation": "increases_risk",
      "tail": "Idiopathic Pneumonia Syndrome",
      "properties": {}
    },
    {
      "head": "Incidence",
      "relation": "monitors",
      "tail": "Idiopathic Pneumonia Syndrome",
      "properties": {}
    },
    {
      "head": "Risk Factors",
      "relation": "increases_risk",
      "tail": "Idiopathic Pneumonia Syndrome",
      "properties": {}
    },
    {
      "head": "Outcomes",
      "relation": "monitors",
      "tail": "Idiopathic Pneumonia Syndrome",
      "properties": {}
    }
  ]
}