{
  "entities": [
    {
      "name": "transplantation",
      "type": "surgical_procedure",
      "properties": {}
    },
    {
      "name": "steatotic livers",
      "type": "donor_characteristic",
      "properties": {}
    },
    {
      "name": "nonsteatotic livers",
      "type": "donor_characteristic",
      "properties": {}
    },
    {
      "name": "non-heart-beating donors",
      "type": "donor_characteristic",
      "properties": {}
    },
    {
      "name": "warm ischemia",
      "type": "risk_factor",
      "properties": {}
    },
    {
      "name": "cold ischemia",
      "type": "risk_factor",
      "properties": {}
    },
    {
      "name": "ischemia/reperfusion injury",
      "type": "complication",
      "properties": {}
    },
    {
      "name": "poor tolerance of ischemia/reperfusion",
      "type": "contraindication",
      "properties": {}
    },
    {
      "name": "Cyclic adenosine 3',5'-monophosphate",
      "type": "medication",
      "properties": {}
    },
    {
      "name": "cAMP-elevating agents",
      "type": "medication",
      "properties": {}
    },
    {
      "name": "adenylate cyclase inhibitor",
      "type": "medication",
      "properties": {}
    },
    {
      "name": "ischemic preconditioning",
      "type": "treatment_regimen",
      "properties": {}
    },
    {
      "name": "cAMP levels",
      "type": "monitoring_indicator",
      "properties": {}
    },
    {
      "name": "hepatic injury",
      "type": "monitoring_indicator",
      "properties": {}
    },
    {
      "name": "survival",
      "type": "monitoring_indicator",
      "properties": {}
    },
    {
      "name": "adenosine triphosphate",
      "type": "monitoring_indicator",
      "properties": {}
    },
    {
      "name": "lactate accumulation",
      "type": "monitoring_indicator",
      "properties": {}
    },
    {
      "name": "Zucker rats",
      "type": "recipient_characteristic",
      "properties": {}
    }
  ],
  "relations": [
    {
      "head": "steatotic livers",
      "relation": "contraindicated_in",
      "tail": "transplantation",
      "properties": {
        "evidence_strength": "experimental_study",
        "statistical_data": "Numerous steatotic livers are discarded"
      }
    },
    {
      "head": "steatotic livers",
      "relation": "increases_risk",
      "tail": "ischemia/reperfusion injury",
      "properties": {
        "evidence_strength": "experimental_study"
      }
    },
    {
      "head": "cAMP-elevating agents",
      "relation": "alleviates",
      "tail": "ischemia/reperfusion injury",
      "properties": {
        "evidence_strength": "experimental_study"
      }
    },
    {
      "head": "ischemic preconditioning",
      "relation": "treats",
      "tail": "steatotic livers",
      "properties": {
        "evidence_strength": "experimental_study"
      }
    },
    {
      "head": "ischemic preconditioning",
      "relation": "precedes",
      "tail": "transplantation",
      "properties": {
        "evidence_strength": "experimental_study"
      }
    },
    {
      "head": "adenylate cyclase inhibitor",
      "relation": "alleviates",
      "tail": "hepatic injury",
      "properties": {
        "evidence_strength": "experimental_study"
      }
    },
    {
      "head": "adenylate cyclase inhibitor",
      "relation": "increases_risk",
      "tail": "survival",
      "properties": {
        "evidence_strength": "experimental_study"
      }
    },
    {
      "head": "cAMP levels",
      "relation": "monitors",
      "tail": "hepatic injury",
      "properties": {
        "evidence_strength": "experimental_study"
      }
    },
    {
      "head": "adenylate cyclase inhibitor",
      "relation": "monitors",
      "tail": "adenosine triphosphate",
      "properties": {
        "evidence_strength": "experimental_study"
      }
    },
    {
      "head": "adenylate cyclase inhibitor",
      "relation": "monitors",
      "tail": "lactate accumulation",
      "properties": {
        "evidence_strength": "experimental_study"
      }
    }
  ]
}