{
  "entities": [
    {
      "name": "heart transplantation",
      "type": "surgical_procedure",
      "properties": {}
    },
    {
      "name": "allograft rejection",
      "type": "complication",
      "properties": {}
    },
    {
      "name": "cardiac allograft vasculopathy (CAV)",
      "type": "complication",
      "properties": {}
    },
    {
      "name": "invasive testing",
      "type": "monitoring_indicator",
      "properties": {}
    },
    {
      "name": "noninvasive screening techniques",
      "type": "monitoring_indicator",
      "properties": {}
    },
    {
      "name": "sensitivity",
      "type": "monitoring_indicator",
      "properties": {}
    },
    {
      "name": "specificity",
      "type": "monitoring_indicator",
      "properties": {}
    },
    {
      "name": "biomarkers",
      "type": "monitoring_indicator",
      "properties": {}
    },
    {
      "name": "noninvasive imaging",
      "type": "monitoring_indicator",
      "properties": {}
    },
    {
      "name": "biomarker testing",
      "type": "monitoring_indicator",
      "properties": {}
    },
    {
      "name": "long-term immunosuppression",
      "type": "treatment_regimen",
      "properties": {}
    },
    {
      "name": "surveillance protocols",
      "type": "treatment_regimen",
      "properties": {}
    }
  ],
  "relations": [
    {
      "head": "heart transplantation",
      "relation": "increases_risk",
      "tail": "allograft rejection",
      "properties": {}
    },
    {
      "head": "heart transplantation",
      "relation": "increases_risk",
      "tail": "cardiac allograft vasculopathy (CAV)",
      "properties": {}
    },
    {
      "head": "invasive testing",
      "relation": "monitors",
      "tail": "allograft rejection",
      "properties": {}
    },
    {
      "head": "invasive testing",
      "relation": "monitors",
      "tail": "cardiac allograft vasculopathy (CAV)",
      "properties": {}
    },
    {
      "head": "noninvasive screening techniques",
      "relation": "monitors",
      "tail": "allograft rejection",
      "properties": {}
    },
    {
      "head": "noninvasive screening techniques",
      "relation": "diagnostic_basis_for",
      "tail": "allograft rejection",
      "properties": {}
    },
    {
      "head": "noninvasive imaging",
      "relation": "monitors",
      "tail": "allograft rejection",
      "properties": {}
    },
    {
      "head": "biomarker testing",
      "relation": "monitors",
      "tail": "allograft rejection",
      "properties": {}
    },
    {
      "head": "noninvasive imaging",
      "relation": "alleviates",
      "tail": "invasive testing",
      "properties": {}
    },
    {
      "head": "biomarker testing",
      "relation": "alleviates",
      "tail": "invasive testing",
      "properties": {}
    },
    {
      "head": "long-term immunosuppression",
      "relation": "causes",
      "tail": "complications",
      "properties": {}
    },
    {
      "head": "noninvasive methods",
      "relation": "alleviates",
      "tail": "complications",
      "properties": {}
    },
    {
      "head": "surveillance protocols",
      "relation": "precedes",
      "tail": "invasive testing",
      "properties": {}
    }
  ]
}