{
  "entities": [
    {
      "name": "mechanical circulatory support",
      "type": "medical_device",
      "properties": {}
    },
    {
      "name": "heart transplantation",
      "type": "surgical_procedure",
      "properties": {}
    },
    {
      "name": "pediatric patients",
      "type": "recipient_characteristic",
      "properties": {}
    },
    {
      "name": "multicenter study",
      "type": "monitoring_indicator",
      "properties": {
        "evidence_strength": "cohort study"
      }
    },
    {
      "name": "International Society for Heart and Lung Transplantation (ISHLT) Registry",
      "type": "monitoring_indicator",
      "properties": {}
    }
  ],
  "relations": [
    {
      "head": "mechanical circulatory support",
      "relation": "monitors",
      "tail": "post-transplant outcomes",
      "properties": {
        "study_type": "multicenter study",
        "data_source": "International Society for Heart and Lung Transplantation (ISHLT) Registry"
      }
    },
    {
      "head": "multicenter study",
      "relation": "precedes",
      "tail": "heart transplantation",
      "properties": {
        "population": "pediatric patients"
      }
    }
  ]
}