{
  "entities": [
    {
      "name": "early graft failure",
      "type": "complication",
      "properties": {}
    },
    {
      "name": "coronary artery embolization",
      "type": "complication",
      "properties": {}
    },
    {
      "name": "myocardial tissue",
      "type": "donor_characteristic",
      "properties": {}
    },
    {
      "name": "myocardial infarction",
      "type": "complication",
      "properties": {}
    },
    {
      "name": "right coronary artery",
      "type": "medical_device",
      "properties": {}
    },
    {
      "name": "orthotopic heart transplantation",
      "type": "surgical_procedure",
      "properties": {}
    },
    {
      "name": "prolonged refractory cardiogenic shock",
      "type": "complication",
      "properties": {}
    },
    {
      "name": "right coronary artery bypass graft",
      "type": "surgical_procedure",
      "properties": {}
    },
    {
      "name": "biventricular assist device",
      "type": "medical_device",
      "properties": {}
    },
    {
      "name": "inferior and septal acute infarction",
      "type": "complication",
      "properties": {}
    },
    {
      "name": "embolus of myocardial tissue",
      "type": "complication",
      "properties": {}
    },
    {
      "name": "suture lines of the left atrium",
      "type": "surgical_procedure",
      "properties": {}
    },
    {
      "name": "44-year-old man",
      "type": "recipient_characteristic",
      "properties": {}
    },
    {
      "name": "32-year-old male donor",
      "type": "donor_characteristic",
      "properties": {}
    }
  ],
  "relations": [
    {
      "head": "coronary artery embolization",
      "relation": "causes",
      "tail": "early graft failure",
      "properties": {}
    },
    {
      "head": "myocardial tissue",
      "relation": "part_of",
      "tail": "coronary artery embolization",
      "properties": {}
    },
    {
      "head": "myocardial infarction",
      "relation": "caused_by",
      "tail": "myocardial tissue embolism of the right coronary",
      "properties": {}
    },
    {
      "head": "prolonged refractory cardiogenic shock",
      "relation": "follows",
      "tail": "orthotopic heart transplantation",
      "properties": {}
    },
    {
      "head": "right coronary artery bypass graft",
      "relation": "treats",
      "tail": "prolonged refractory cardiogenic shock",
      "properties": {}
    },
    {
      "head": "biventricular assist device",
      "relation": "monitors",
      "tail": "prolonged refractory cardiogenic shock",
      "properties": {}
    },
    {
      "head": "embolus of myocardial tissue",
      "relation": "causes",
      "tail": "inferior and septal acute infarction",
      "properties": {}
    },
    {
      "head": "suture lines of the left atrium",
      "relation": "precedes",
      "tail": "embolus of myocardial tissue",
      "properties": {}
    }
  ]
}