{
  "entities": [
    {
      "name": "canine islet isolation",
      "type": "surgical_procedure",
      "properties": {}
    },
    {
      "name": "deceased canine donors",
      "type": "donor_characteristic",
      "properties": {}
    },
    {
      "name": "beating-heart organ donation",
      "type": "surgical_procedure",
      "properties": {}
    },
    {
      "name": "vascular perfusion of preservation solutions",
      "type": "surgical_procedure",
      "properties": {}
    },
    {
      "name": "specialized equipment",
      "type": "medical_device",
      "properties": {}
    },
    {
      "name": "canine diabetes",
      "type": "recipient_characteristic",
      "properties": {}
    },
    {
      "name": "insulin injection",
      "type": "treatment_regimen",
      "properties": {
        "frequency": "twice-daily"
      }
    },
    {
      "name": "islet transplantation",
      "type": "surgical_procedure",
      "properties": {}
    },
    {
      "name": "simplified approach for isolating canine islets",
      "type": "surgical_procedure",
      "properties": {}
    },
    {
      "name": "vascular preservation",
      "type": "surgical_procedure",
      "properties": {}
    },
    {
      "name": "cold ischemia",
      "type": "monitoring_indicator",
      "properties": {
        "duration": "up to 90 min"
      }
    }
  ],
  "relations": [
    {
      "head": "canine islet isolation",
      "relation": "part_of",
      "tail": "islet transplantation",
      "properties": {}
    },
    {
      "head": "beating-heart organ donation",
      "relation": "part_of",
      "tail": "standard protocols for islet isolation",
      "properties": {}
    },
    {
      "head": "vascular perfusion of preservation solutions",
      "relation": "part_of",
      "tail": "standard protocols for islet isolation",
      "properties": {}
    },
    {
      "head": "specialized equipment",
      "relation": "part_of",
      "tail": "standard protocols for islet isolation",
      "properties": {}
    },
    {
      "head": "simplified approach for isolating canine islets",
      "relation": "treats",
      "tail": "canine diabetes",
      "properties": {}
    },
    {
      "head": "simplified approach for isolating canine islets",
      "relation": "precedes",
      "tail": "islet transplantation",
      "properties": {}
    },
    {
      "head": "cold ischemia",
      "relation": "monitors",
      "tail": "canine islet isolation",
      "properties": {}
    }
  ]
}