{
  "entities": [
    {
      "name": "Proteomic phenotyping",
      "type": "monitoring_indicator",
      "properties": {}
    },
    {
      "name": "endomyocardial biopsy",
      "type": "diagnostic_criteria",
      "properties": {}
    },
    {
      "name": "acute heart transplant rejection",
      "type": "complication",
      "properties": {}
    },
    {
      "name": "heart transplant",
      "type": "surgical_procedure",
      "properties": {}
    },
    {
      "name": "adult heart transplant patients",
      "type": "recipient_characteristic",
      "properties": {}
    },
    {
      "name": "female sex",
      "type": "recipient_characteristic",
      "properties": {
        "statistical_data": "31%"
      }
    },
    {
      "name": "Black race",
      "type": "recipient_characteristic",
      "properties": {
        "statistical_data": "53%"
      }
    },
    {
      "name": "median age 52 y",
      "type": "recipient_characteristic",
      "properties": {
        "statistical_data": "52 years"
      }
    },
    {
      "name": "no rejection",
      "type": "recipient_characteristic",
      "properties": {
        "statistical_data": "74 patients"
      }
    },
    {
      "name": "acute rejection",
      "type": "complication",
      "properties": {
        "statistical_data": "18 patients"
      }
    },
    {
      "name": "Genomic Research Alliance for Transplantation study",
      "type": "monitoring_indicator",
      "properties": {
        "evidence_strength": "prospective, multicenter cohort study"
      }
    }
  ],
  "relations": [
    {
      "head": "Proteomic phenotyping",
      "relation": "monitors",
      "tail": "acute heart transplant rejection",
      "properties": {}
    },
    {
      "head": "endomyocardial biopsy",
      "relation": "diagnostic_basis_for",
      "tail": "acute heart transplant rejection",
      "properties": {}
    },
    {
      "head": "heart transplant",
      "relation": "precedes",
      "tail": "acute heart transplant rejection",
      "properties": {}
    },
    {
      "head": "Genomic Research Alliance for Transplantation study",
      "relation": "monitors",
      "tail": "acute heart transplant rejection",
      "properties": {
        "evidence_strength": "prospective, multicenter cohort study"
      }
    }
  ]
}