{
  "entities": [
    {
      "name": "preprocurement cardiac arrest",
      "type": "donor_characteristic",
      "properties": {}
    },
    {
      "name": "pediatric deceased donor liver transplantation",
      "type": "surgical_procedure",
      "properties": {}
    },
    {
      "name": "alanine aminotransferase (ALT) level",
      "type": "monitoring_indicator",
      "properties": {}
    },
    {
      "name": "ischemic liver injury",
      "type": "complication",
      "properties": {}
    },
    {
      "name": "early graft loss",
      "type": "complication",
      "properties": {}
    },
    {
      "name": "survival",
      "type": "recipient_characteristic",
      "properties": {}
    },
    {
      "name": "Cox regression analysis",
      "type": "diagnostic_criteria",
      "properties": {
        "study_type": "retrospective analysis"
      }
    },
    {
      "name": "pretransplant peak alanine aminotransferase (ALT) level",
      "type": "monitoring_indicator",
      "properties": {
        "p_value": "< .001"
      }
    },
    {
      "name": "post-transplant recipient median ALT levels",
      "type": "monitoring_indicator",
      "properties": {}
    },
    {
      "name": "median peak ALT",
      "type": "monitoring_indicator",
      "properties": {
        "p_value": ".15"
      }
    },
    {
      "name": "day 3 ALT",
      "type": "monitoring_indicator",
      "properties": {
        "p_value": ".43"
      }
    },
    {
      "name": "ischemia",
      "type": "risk_factor",
      "properties": {
        "duration": ">40 minutes"
      }
    }
  ],
  "relations": [
    {
      "head": "preprocurement cardiac arrest",
      "relation": "increases_risk",
      "tail": "ischemic liver injury",
      "properties": {}
    },
    {
      "head": "alanine aminotransferase (ALT) level",
      "relation": "monitors",
      "tail": "ischemic liver injury",
      "properties": {}
    },
    {
      "head": "ischemia",
      "relation": "increases_risk",
      "tail": "early graft loss",
      "properties": {
        "duration": ">40 minutes"
      }
    },
    {
      "head": "ischemia",
      "relation": "increases_risk",
      "tail": "survival",
      "properties": {
        "duration": ">40 minutes",
        "timeframe": "10 years"
      }
    },
    {
      "head": "Cox regression analysis",
      "relation": "diagnostic_basis_for",
      "tail": "survival",
      "properties": {}
    }
  ]
}