{
  "entities": [
    {
      "name": "ex vivo lung perfusion",
      "type": "surgical_procedure",
      "properties": {}
    },
    {
      "name": "transplantation",
      "type": "surgical_procedure",
      "properties": {}
    },
    {
      "name": "donor lung dysfunction",
      "type": "donor_characteristic",
      "properties": {}
    },
    {
      "name": "recipients",
      "type": "recipient_characteristic",
      "properties": {}
    },
    {
      "name": "primary graft dysfunction",
      "type": "complication",
      "properties": {}
    },
    {
      "name": "intensive care unit",
      "type": "medical_device",
      "properties": {}
    },
    {
      "name": "extubation",
      "type": "monitoring_indicator",
      "properties": {}
    }
  ],
  "relations": [
    {
      "head": "ex vivo lung perfusion",
      "relation": "precedes",
      "tail": "transplantation",
      "properties": {}
    },
    {
      "head": "ex vivo lung perfusion",
      "relation": "diagnostic_basis_for",
      "tail": "donor lung dysfunction",
      "properties": {}
    },
    {
      "head": "transplantation",
      "relation": "monitors",
      "tail": "primary graft dysfunction",
      "properties": {}
    },
    {
      "head": "transplantation",
      "relation": "monitors",
      "tail": "time to extubation",
      "properties": {}
    },
    {
      "head": "transplantation",
      "relation": "monitors",
      "tail": "time in the intensive care unit",
      "properties": {}
    }
  ]
}