{
  "entities": [
    {
      "name": "pulmonary hypertension",
      "type": "risk_factor",
      "properties": {
        "evidence_strength": "cohort study"
      }
    },
    {
      "name": "interstitial lung disease",
      "type": "risk_factor",
      "properties": {
        "evidence_strength": "cohort study"
      }
    },
    {
      "name": "PH-ILD Detection tool",
      "type": "diagnostic_criteria",
      "properties": {
        "evidence_strength": "cohort study"
      }
    },
    {
      "name": "right heart catheterization",
      "type": "diagnostic_criteria",
      "properties": {
        "evidence_strength": "cohort study"
      }
    },
    {
      "name": "lung transplantation",
      "type": "surgical_procedure",
      "properties": {
        "evidence_strength": "cohort study"
      }
    },
    {
      "name": "composite score",
      "type": "monitoring_indicator",
      "properties": {
        "statistical_data": "mean score 7.2 for 41 patients",
        "evidence_strength": "cohort study"
      }
    },
    {
      "name": "intermediate-risk",
      "type": "risk_factor",
      "properties": {
        "statistical_data": "12 patients (29.3%)",
        "evidence_strength": "cohort study"
      }
    },
    {
      "name": "high-risk",
      "type": "risk_factor",
      "properties": {
        "statistical_data": "29 patients (70.7%)",
        "evidence_strength": "cohort study"
      }
    }
  ],
  "relations": [
    {
      "head": "pulmonary hypertension",
      "relation": "increases_risk",
      "tail": "morbidity",
      "properties": {
        "evidence_strength": "cohort study"
      }
    },
    {
      "head": "pulmonary hypertension",
      "relation": "increases_risk",
      "tail": "mortality",
      "properties": {
        "evidence_strength": "cohort study"
      }
    },
    {
      "head": "PH-ILD Detection tool",
      "relation": "diagnostic_basis_for",
      "tail": "pulmonary hypertension",
      "properties": {
        "evidence_strength": "cohort study"
      }
    },
    {
      "head": "PH-ILD Detection tool",
      "relation": "precedes",
      "tail": "lung transplantation",
      "properties": {
        "evidence_strength": "cohort study"
      }
    },
    {
      "head": "composite score",
      "relation": "monitors",
      "tail": "pulmonary hypertension",
      "properties": {
        "evidence_strength": "cohort study"
      }
    },
    {
      "head": "right heart catheterization",
      "relation": "monitors",
      "tail": "hemodynamics",
      "properties": {
        "evidence_strength": "cohort study"
      }
    },
    {
      "head": "composite score",
      "relation": "correlates_with",
      "tail": "right heart catheterization hemodynamics",
      "properties": {
        "evidence_strength": "cohort study"
      }
    }
  ]
}