{
  "entities": [
    {
      "name": "kidney transplantation",
      "type": "surgical_procedure",
      "properties": {}
    },
    {
      "name": "desmopressin",
      "type": "medication",
      "properties": {}
    },
    {
      "name": "brain-dead donor",
      "type": "donor_characteristic",
      "properties": {}
    },
    {
      "name": "deceased heart-beating donors",
      "type": "donor_characteristic",
      "properties": {}
    },
    {
      "name": "confirmed brain death",
      "type": "donor_characteristic",
      "properties": {}
    },
    {
      "name": "renal allograft recipients",
      "type": "recipient_characteristic",
      "properties": {}
    },
    {
      "name": "delayed graft function",
      "type": "complication",
      "properties": {}
    },
    {
      "name": "biopsy-proven acute rejections",
      "type": "complication",
      "properties": {}
    },
    {
      "name": "graft survival",
      "type": "monitoring_indicator",
      "properties": {}
    },
    {
      "name": "death with functioning graft",
      "type": "complication",
      "properties": {}
    },
    {
      "name": "retrospective multicenter cohort study",
      "type": "diagnostic_criteria",
      "properties": {
        "evidence_strength": "cohort study"
      }
    },
    {
      "name": "randomized trial",
      "type": "diagnostic_criteria",
      "properties": {
        "evidence_strength": "RCT"
      }
    },
    {
      "name": "low-dose dopamine",
      "type": "medication",
      "properties": {}
    },
    {
      "name": "cold storage",
      "type": "risk_factor",
      "properties": {}
    },
    {
      "name": "organ retrieval",
      "type": "surgical_procedure",
      "properties": {}
    }
  ],
  "relations": [
    {
      "head": "desmopressin",
      "relation": "treats",
      "tail": "graft survival",
      "properties": {
        "statistical_data": "85.4% vs. 73.6%, P=0.003"
      }
    },
    {
      "head": "desmopressin",
      "relation": "alleviates",
      "tail": "graft survival",
      "properties": {
        "statistical_data": "hazard ratio 0.40, 95% CI 0.21-0.77; P=0.006"
      }
    },
    {
      "head": "desmopressin",
      "relation": "precedes",
      "tail": "organ retrieval",
      "properties": {}
    },
    {
      "head": "low-dose dopamine",
      "relation": "alleviates",
      "tail": "injury from cold storage",
      "properties": {}
    },
    {
      "head": "cold storage",
      "relation": "causes",
      "tail": "injury",
      "properties": {}
    },
    {
      "head": "retrospective multicenter cohort study",
      "relation": "diagnostic_basis_for",
      "tail": "renal transplant outcome",
      "properties": {}
    },
    {
      "head": "randomized trial",
      "relation": "diagnostic_basis_for",
      "tail": "immediate kidney graft function",
      "properties": {}
    },
    {
      "head": "desmopressin",
      "relation": "monitors",
      "tail": "delayed graft function",
      "properties": {
        "statistical_data": "odds ratio 0.97, 95% CI 0.57-1.65; P=0.92"
      }
    },
    {
      "head": "desmopressin",
      "relation": "monitors",
      "tail": "biopsy-proven acute rejections",
      "properties": {
        "statistical_data": "odds ratio 1.32, 95% CI 0.70-2.49; P=0.40"
      }
    }
  ]
}