{
  "entities": [
    {
      "name": "Leukocyte filtration",
      "type": "treatment_regimen",
      "properties": {}
    },
    {
      "name": "leukocyte modulation therapy",
      "type": "treatment_regimen",
      "properties": {}
    },
    {
      "name": "extracorporeal cardiopulmonary resuscitation",
      "type": "surgical_procedure",
      "properties": {}
    },
    {
      "name": "prolonged cardiac arrest",
      "type": "complication",
      "properties": {}
    },
    {
      "name": "porcine model",
      "type": "monitoring_indicator",
      "properties": {}
    }
  ],
  "relations": [
    {
      "head": "Leukocyte filtration",
      "relation": "part_of",
      "tail": "extracorporeal cardiopulmonary resuscitation",
      "properties": {}
    },
    {
      "head": "leukocyte modulation therapy",
      "relation": "part_of",
      "tail": "extracorporeal cardiopulmonary resuscitation",
      "properties": {}
    },
    {
      "head": "porcine model",
      "relation": "monitors",
      "tail": "prolonged cardiac arrest",
      "properties": {}
    }
  ]
}