{
  "entities": [
    {
      "name": "ex vivo lung perfusion (EVLP)",
      "type": "surgical_procedure",
      "properties": {}
    },
    {
      "name": "remote, centralized ex vivo lung perfusion (rc-EVLP)",
      "type": "surgical_procedure",
      "properties": {}
    },
    {
      "name": "extended-criteria donor lungs",
      "type": "donor_characteristic",
      "properties": {}
    },
    {
      "name": "dual-center, retrospective analysis",
      "type": "monitoring_indicator",
      "properties": {
        "evidence_strength": "retrospective analysis"
      }
    },
    {
      "name": "transplantation rate",
      "type": "monitoring_indicator",
      "properties": {}
    },
    {
      "name": "primary graft dysfunction",
      "type": "complication",
      "properties": {}
    },
    {
      "name": "highly protocolized feasibility study",
      "type": "monitoring_indicator",
      "properties": {
        "evidence_strength": "feasibility study"
      }
    }
  ],
  "relations": [
    {
      "head": "ex vivo lung perfusion (EVLP)",
      "relation": "increases_risk",
      "tail": "use of extended-criteria donor lungs",
      "properties": {}
    },
    {
      "head": "ex vivo lung perfusion (EVLP)",
      "relation": "monitors",
      "tail": "extended-criteria donor lungs",
      "properties": {}
    },
    {
      "head": "remote, centralized ex vivo lung perfusion (rc-EVLP)",
      "relation": "precedes",
      "tail": "transplantation rate",
      "properties": {}
    },
    {
      "head": "remote, centralized ex vivo lung perfusion (rc-EVLP)",
      "relation": "monitors",
      "tail": "primary graft dysfunction",
      "properties": {}
    },
    {
      "head": "dual-center, retrospective analysis",
      "relation": "monitors",
      "tail": "remote, centralized ex vivo lung perfusion (rc-EVLP)",
      "properties": {}
    },
    {
      "head": "highly protocolized feasibility study",
      "relation": "precedes",
      "tail": "remote, centralized ex vivo lung perfusion (rc-EVLP)",
      "properties": {}
    }
  ]
}