{
  "entities": [
    {
      "name": "continuous flow left ventricular assist device",
      "type": "medical_device",
      "properties": {}
    },
    {
      "name": "arteriovenous malformation",
      "type": "complication",
      "properties": {}
    },
    {
      "name": "nonsurgical bleeding",
      "type": "complication",
      "properties": {}
    },
    {
      "name": "gastrointestinal bleeding",
      "type": "complication",
      "properties": {}
    },
    {
      "name": "soluble thrombomodulin",
      "type": "monitoring_indicator",
      "properties": {}
    },
    {
      "name": "angiogenic markers",
      "type": "monitoring_indicator",
      "properties": {}
    },
    {
      "name": "angiopoietin-1",
      "type": "monitoring_indicator",
      "properties": {}
    },
    {
      "name": "angiopoietin-2",
      "type": "monitoring_indicator",
      "properties": {}
    },
    {
      "name": "Ang-2/Ang-1 ratio",
      "type": "monitoring_indicator",
      "properties": {}
    },
    {
      "name": "shear stress",
      "type": "risk_factor",
      "properties": {}
    },
    {
      "name": "vascular endothelium disruption",
      "type": "complication",
      "properties": {}
    },
    {
      "name": "altered angiogenesis",
      "type": "complication",
      "properties": {}
    },
    {
      "name": "endothelial dysfunction",
      "type": "complication",
      "properties": {}
    },
    {
      "name": "cfLVAD support",
      "type": "treatment_regimen",
      "properties": {
        "study_type": "cohort study",
        "sample_size": 21
      }
    }
  ],
  "relations": [
    {
      "head": "continuous flow left ventricular assist device",
      "relation": "causes",
      "tail": "bleeding complications",
      "properties": {}
    },
    {
      "head": "arteriovenous malformation",
      "relation": "causes",
      "tail": "gastrointestinal bleeding",
      "properties": {}
    },
    {
      "head": "shear stress",
      "relation": "causes",
      "tail": "vascular endothelium disruption",
      "properties": {}
    },
    {
      "head": "shear stress",
      "relation": "causes",
      "tail": "altered angiogenesis",
      "properties": {}
    },
    {
      "head": "shear stress",
      "relation": "causes",
      "tail": "bleeding",
      "properties": {}
    },
    {
      "head": "cfLVAD support",
      "relation": "precedes",
      "tail": "dynamic change in soluble thrombomodulin",
      "properties": {
        "p_value": "0.030"
      }
    },
    {
      "head": "cfLVAD support",
      "relation": "precedes",
      "tail": "dynamic change in Ang-2/Ang-1 ratio",
      "properties": {
        "p_value": "0.025"
      }
    },
    {
      "head": "higher soluble thrombomodulin",
      "relation": "increases_risk",
      "tail": "bleeding",
      "properties": {
        "p_value": "0.04"
      }
    },
    {
      "head": "higher Ang-2/Ang-1 ratios",
      "relation": "increases_risk",
      "tail": "bleeding",
      "properties": {
        "p_value": "0.06"
      }
    },
    {
      "head": "higher Ang-2/Ang-1 ratios",
      "relation": "increases_risk",
      "tail": "arteriovenous malformation",
      "properties": {
        "p_value": "0.006",
        "time_point": "D180"
      }
    },
    {
      "head": "soluble thrombomodulin",
      "relation": "monitors",
      "tail": "endothelial dysfunction",
      "properties": {}
    },
    {
      "head": "angiopoietin-1",
      "relation": "monitors",
      "tail": "angiogenesis",
      "properties": {}
    },
    {
      "head": "angiopoietin-2",
      "relation": "monitors",
      "tail": "angiogenesis",
      "properties": {}
    },
    {
      "head": "bleeding in cfLVAD-supported patients",
      "relation": "associated with",
      "tail": "alteration in angiogenesis markers",
      "properties": {}
    }
  ]
}