{
  "entities": [
    {
      "name": "orthotopic pediatric heart transplantation",
      "type": "surgical_procedure",
      "properties": {}
    },
    {
      "name": "donor brain injury",
      "type": "donor_characteristic",
      "properties": {}
    },
    {
      "name": "brain death",
      "type": "donor_characteristic",
      "properties": {}
    },
    {
      "name": "donor cardiectomy",
      "type": "surgical_procedure",
      "properties": {}
    },
    {
      "name": "graft ischemia",
      "type": "complication",
      "properties": {}
    },
    {
      "name": "rejection",
      "type": "complication",
      "properties": {}
    },
    {
      "name": "mortality",
      "type": "complication",
      "properties": {}
    },
    {
      "name": "graft loss",
      "type": "complication",
      "properties": {}
    },
    {
      "name": "United Network for Organ Sharing status",
      "type": "recipient_characteristic",
      "properties": {}
    },
    {
      "name": "ventilator dependence",
      "type": "recipient_characteristic",
      "properties": {}
    },
    {
      "name": "extracorporeal membrane oxygenation",
      "type": "medical_device",
      "properties": {}
    },
    {
      "name": "ventricular-assist device",
      "type": "medical_device",
      "properties": {}
    },
    {
      "name": "congenital heart disease",
      "type": "recipient_characteristic",
      "properties": {}
    },
    {
      "name": "cytomegalovirus mismatches",
      "type": "recipient_characteristic",
      "properties": {}
    },
    {
      "name": "immunosuppression",
      "type": "medication",
      "properties": {}
    },
    {
      "name": "Cox regression analysis",
      "type": "monitoring_indicator",
      "properties": {
        "study_type": "cohort study"
      }
    }
  ],
  "relations": [
    {
      "head": "donor brain injury",
      "relation": "precedes",
      "tail": "brain death",
      "properties": {
        "median_duration": "38 hours"
      }
    },
    {
      "head": "brain death",
      "relation": "precedes",
      "tail": "donor cardiectomy",
      "properties": {
        "median_duration": "24 hours"
      }
    },
    {
      "head": "donor cardiectomy",
      "relation": "precedes",
      "tail": "graft ischemia",
      "properties": {
        "median_duration": "3.3 hours"
      }
    },
    {
      "head": "Cox regression analysis",
      "relation": "monitors",
      "tail": "rejection",
      "properties": {
        "study_type": "cohort study"
      }
    },
    {
      "head": "Cox regression analysis",
      "relation": "monitors",
      "tail": "mortality",
      "properties": {
        "study_type": "cohort study"
      }
    }
  ]
}