{
  "entities": [
    {
      "name": "Donor heart allocation systems",
      "type": "surgical_procedure",
      "properties": {}
    },
    {
      "name": "Europe",
      "type": "recipient_characteristic",
      "properties": {}
    },
    {
      "name": "Heart Failure Association of the ESC",
      "type": "diagnostic_criteria",
      "properties": {}
    },
    {
      "name": "European journal of heart failure",
      "type": "monitoring_indicator",
      "properties": {}
    }
  ],
  "relations": [
    {
      "head": "Donor heart allocation systems",
      "relation": "part_of",
      "tail": "Europe",
      "properties": {}
    },
    {
      "head": "Heart Failure Association of the ESC",
      "relation": "diagnostic_basis_for",
      "tail": "Donor heart allocation systems",
      "properties": {}
    }
  ]
}