{
  "entities": [
    {
      "name": "lung transplantation",
      "type": "surgical_procedure",
      "properties": {}
    },
    {
      "name": "cystic fibrosis",
      "type": "recipient_characteristic",
      "properties": {}
    },
    {
      "name": "end-stage lung disease",
      "type": "recipient_characteristic",
      "properties": {}
    },
    {
      "name": "multiresistant bacteria",
      "type": "risk_factor",
      "properties": {}
    },
    {
      "name": "relative contraindication",
      "type": "contraindication",
      "properties": {}
    },
    {
      "name": "heart-lung transplantation",
      "type": "surgical_procedure",
      "properties": {}
    },
    {
      "name": "double lung transplantation",
      "type": "surgical_procedure",
      "properties": {}
    },
    {
      "name": "double lobar transplantation",
      "type": "surgical_procedure",
      "properties": {}
    },
    {
      "name": "single lung transplantation",
      "type": "surgical_procedure",
      "properties": {}
    },
    {
      "name": "Kaplan-Meier method",
      "type": "monitoring_indicator",
      "properties": {}
    },
    {
      "name": "log-rank test",
      "type": "monitoring_indicator",
      "properties": {}
    }
  ],
  "relations": [
    {
      "head": "lung transplantation",
      "relation": "treats",
      "tail": "cystic fibrosis",
      "properties": {}
    },
    {
      "head": "lung transplantation",
      "relation": "treats",
      "tail": "end-stage lung disease",
      "properties": {}
    },
    {
      "head": "multiresistant bacteria",
      "relation": "contraindicated_in",
      "tail": "lung transplantation",
      "properties": {
        "evidence_strength": "relative contraindication"
      }
    }
  ]
}