{
  "entities": [
    {
      "name": "Combined Lung and Liver Transplantation",
      "type": "surgical_procedure",
      "properties": {}
    },
    {
      "name": "Extracorporeal Membrane Oxygenation",
      "type": "medical_device",
      "properties": {}
    },
    {
      "name": "Cardiopulmonary Bypass",
      "type": "medical_device",
      "properties": {}
    }
  ],
  "relations": [
    {
      "head": "Extracorporeal Membrane Oxygenation",
      "relation": "part_of",
      "tail": "Combined Lung and Liver Transplantation",
      "properties": {}
    },
    {
      "head": "Extracorporeal Membrane Oxygenation",
      "relation": "precedes",
      "tail": "Cardiopulmonary Bypass",
      "properties": {}
    }
  ]
}