{
  "entities": [
    {
      "name": "cohort study",
      "type": "diagnostic_criteria",
      "properties": {
        "evidence_strength": "cohort study"
      }
    },
    {
      "name": "immunosuppression",
      "type": "risk_factor",
      "properties": {}
    },
    {
      "name": "nosocomial lower respiratory tract infections",
      "type": "complication",
      "properties": {}
    }
  ],
  "relations": [
    {
      "head": "immunosuppression",
      "relation": "increases_risk",
      "tail": "nosocomial lower respiratory tract infections",
      "properties": {
        "evidence_strength": "cohort study"
      }
    }
  ]
}