{
  "entities": [
    {
      "name": "iBox prognostication system",
      "type": "medical_device",
      "properties": {}
    },
    {
      "name": "TRANSFORM randomised controlled trial",
      "type": "diagnostic_criteria",
      "properties": {
        "evidence_strength": "RCT"
      }
    },
    {
      "name": "heart transplantation",
      "type": "surgical_procedure",
      "properties": {}
    }
  ],
  "relations": [
    {
      "head": "iBox prognostication system",
      "relation": "diagnostic_basis_for",
      "tail": "heart transplantation",
      "properties": {
        "evidence_strength": "RCT"
      }
    },
    {
      "head": "TRANSFORM randomised controlled trial",
      "relation": "diagnostic_basis_for",
      "tail": "heart transplantation",
      "properties": {
        "evidence_strength": "RCT"
      }
    }
  ]
}