{
  "entities": [
    {
      "name": "Heart transplantation",
      "type": "surgical_procedure",
      "properties": {}
    },
    {
      "name": "end-stage heart failure",
      "type": "recipient_characteristic",
      "properties": {}
    },
    {
      "name": "cyclosporine",
      "type": "medication",
      "properties": {}
    },
    {
      "name": "minimally invasive procedures",
      "type": "surgical_procedure",
      "properties": {}
    },
    {
      "name": "robotic-assisted procedures",
      "type": "surgical_procedure",
      "properties": {}
    },
    {
      "name": "posttransplant rejection",
      "type": "complication",
      "properties": {}
    },
    {
      "name": "immunosuppressive strategies",
      "type": "treatment_regimen",
      "properties": {}
    },
    {
      "name": "monoclonal antibodies",
      "type": "medication",
      "properties": {}
    },
    {
      "name": "personalized therapies",
      "type": "treatment_regimen",
      "properties": {}
    },
    {
      "name": "mechanical circulatory support devices",
      "type": "medical_device",
      "properties": {}
    },
    {
      "name": "xenotransplantation",
      "type": "surgical_procedure",
      "properties": {}
    },
    {
      "name": "extended-criteria donors",
      "type": "donor_characteristic",
      "properties": {}
    },
    {
      "name": "multidisciplinary teams",
      "type": "treatment_regimen",
      "properties": {}
    }
  ],
  "relations": [
    {
      "head": "Heart transplantation",
      "relation": "treats",
      "tail": "end-stage heart failure",
      "properties": {}
    },
    {
      "head": "cyclosporine",
      "relation": "alleviates",
      "tail": "posttransplant rejection",
      "properties": {}
    },
    {
      "head": "minimally invasive procedures",
      "relation": "part_of",
      "tail": "Heart transplantation",
      "properties": {}
    },
    {
      "head": "robotic-assisted procedures",
      "relation": "part_of",
      "tail": "Heart transplantation",
      "properties": {}
    },
    {
      "head": "immunosuppressive strategies",
      "relation": "treats",
      "tail": "posttransplant rejection",
      "properties": {}
    },
    {
      "head": "monoclonal antibodies",
      "relation": "part_of",
      "tail": "immunosuppressive strategies",
      "properties": {}
    },
    {
      "head": "personalized therapies",
      "relation": "part_of",
      "tail": "immunosuppressive strategies",
      "properties": {}
    },
    {
      "head": "mechanical circulatory support devices",
      "relation": "precedes",
      "tail": "Heart transplantation",
      "properties": {}
    },
    {
      "head": "xenotransplantation",
      "relation": "precedes",
      "tail": "Heart transplantation",
      "properties": {}
    },
    {
      "head": "multidisciplinary teams",
      "relation": "monitors",
      "tail": "extended-criteria donors",
      "properties": {}
    }
  ]
}