{
  "entities": [
    {
      "name": "Normothermic regional perfusion",
      "type": "surgical_procedure",
      "properties": {}
    },
    {
      "name": "donation after circulatory death",
      "type": "donor_characteristic",
      "properties": {}
    },
    {
      "name": "donation after brain death",
      "type": "donor_characteristic",
      "properties": {}
    },
    {
      "name": "thoracoabdominal-NRP",
      "type": "surgical_procedure",
      "properties": {}
    },
    {
      "name": "Super Rapid Recovery",
      "type": "surgical_procedure",
      "properties": {}
    },
    {
      "name": "Scientific Registry of Transplant Recipients",
      "type": "monitoring_indicator",
      "properties": {}
    },
    {
      "name": "retrospective analysis",
      "type": "monitoring_indicator",
      "properties": {
        "evidence_strength": "cohort study"
      }
    }
  ],
  "relations": [
    {
      "head": "Normothermic regional perfusion",
      "relation": "precedes",
      "tail": "organ transplant",
      "properties": {}
    },
    {
      "head": "retrospective analysis",
      "relation": "monitors",
      "tail": "Scientific Registry of Transplant Recipients",
      "properties": {}
    }
  ]
}