{
  "entities": [
    {
      "name": "Congenital heart disease",
      "type": "recipient_characteristic",
      "properties": {}
    },
    {
      "name": "biliary atresia",
      "type": "recipient_characteristic",
      "properties": {}
    },
    {
      "name": "liver transplantation",
      "type": "surgical_procedure",
      "properties": {}
    },
    {
      "name": "Pediatric Health Information System",
      "type": "monitoring_indicator",
      "properties": {}
    },
    {
      "name": "International Classification of Diseases 9th and 10th editions",
      "type": "diagnostic_criteria",
      "properties": {}
    }
  ],
  "relations": [
    {
      "head": "Congenital heart disease",
      "relation": "coexists_with",
      "tail": "biliary atresia",
      "properties": {
        "evidence_strength": "cohort study"
      }
    },
    {
      "head": "liver transplantation",
      "relation": "precedes",
      "tail": "Congenital heart disease",
      "properties": {
        "evidence_strength": "cohort study"
      }
    },
    {
      "head": "Pediatric Health Information System",
      "relation": "monitors",
      "tail": "liver transplantation",
      "properties": {
        "evidence_strength": "cohort study"
      }
    },
    {
      "head": "International Classification of Diseases 9th and 10th editions",
      "relation": "diagnostic_basis_for",
      "tail": "Congenital heart disease",
      "properties": {
        "evidence_strength": "cohort study"
      }
    }
  ]
}