{
  "entities": [
    {
      "name": "Observational Health Data Analysis",
      "type": "monitoring_indicator",
      "properties": {
        "evidence_strength": "observational study"
      }
    },
    {
      "name": "PIONEER Platform",
      "type": "medical_device",
      "properties": {}
    },
    {
      "name": "Big Data Analytics",
      "type": "monitoring_indicator",
      "properties": {
        "evidence_strength": "big data analytics"
      }
    }
  ],
  "relations": [
    {
      "head": "PIONEER Platform",
      "relation": "monitors",
      "tail": "Cardiovascular Adverse Events",
      "properties": {
        "evidence_strength": "observational study"
      }
    },
    {
      "head": "Big Data Analytics",
      "relation": "monitors",
      "tail": "Cardiovascular Adverse Events",
      "properties": {
        "evidence_strength": "big data analytics"
      }
    },
    {
      "head": "Observational Health Data Analysis",
      "relation": "monitors",
      "tail": "Cardiovascular Adverse Events",
      "properties": {
        "evidence_strength": "observational study"
      }
    }
  ]
}