{
  "entities": [
    {
      "name": "extracorporeal membrane oxygenation",
      "type": "medical_device",
      "properties": {}
    },
    {
      "name": "sequential bilateral lung transplantation",
      "type": "surgical_procedure",
      "properties": {}
    },
    {
      "name": "Ischemia-reperfusion injury",
      "type": "risk_factor",
      "properties": {}
    },
    {
      "name": "primary graft dysfunction",
      "type": "complication",
      "properties": {}
    },
    {
      "name": "primary graft dysfunction grade III",
      "type": "complication",
      "properties": {}
    },
    {
      "name": "off-pump bilateral sequential lung transplantation",
      "type": "surgical_procedure",
      "properties": {}
    },
    {
      "name": "paradoxical left ventricular failure",
      "type": "complication",
      "properties": {}
    },
    {
      "name": "systolic anterior motion of the mitral valve",
      "type": "complication",
      "properties": {}
    },
    {
      "name": "left ventricular outflow tract obstruction",
      "type": "complication",
      "properties": {}
    },
    {
      "name": "Cardiac failure",
      "type": "complication",
      "properties": {}
    },
    {
      "name": "profound dehydration",
      "type": "risk_factor",
      "properties": {}
    },
    {
      "name": "vasopressin",
      "type": "medication",
      "properties": {}
    },
    {
      "name": "norepinephrine",
      "type": "medication",
      "properties": {}
    },
    {
      "name": "graft failure",
      "type": "complication",
      "properties": {}
    },
    {
      "name": "respiratory-pulmonary hypoxia",
      "type": "complication",
      "properties": {}
    },
    {
      "name": "cardiogenic shock syndrome",
      "type": "complication",
      "properties": {}
    },
    {
      "name": "Hypovolemia",
      "type": "risk_factor",
      "properties": {}
    },
    {
      "name": "hyperdynamic state",
      "type": "recipient_characteristic",
      "properties": {}
    }
  ],
  "relations": [
    {
      "head": "Ischemia-reperfusion injury",
      "relation": "causes",
      "tail": "primary graft dysfunction",
      "properties": {}
    },
    {
      "head": "sequential bilateral lung transplantation",
      "relation": "precedes",
      "tail": "extracorporeal membrane oxygenation",
      "properties": {}
    },
    {
      "head": "off-pump bilateral sequential lung transplantation",
      "relation": "precedes",
      "tail": "primary graft dysfunction grade III",
      "properties": {}
    },
    {
      "head": "systolic anterior motion of the mitral valve",
      "relation": "causes",
      "tail": "left ventricular outflow tract obstruction",
      "properties": {}
    },
    {
      "head": "left ventricular outflow tract obstruction",
      "relation": "causes",
      "tail": "paradoxical left ventricular failure",
      "properties": {}
    },
    {
      "head": "paradoxical left ventricular failure",
      "relation": "causes",
      "tail": "Cardiac failure",
      "properties": {}
    },
    {
      "head": "profound dehydration",
      "relation": "increases_risk",
      "tail": "Cardiac failure",
      "properties": {}
    },
    {
      "head": "vasopressin",
      "relation": "increases_risk",
      "tail": "Cardiac failure",
      "properties": {}
    },
    {
      "head": "norepinephrine",
      "relation": "increases_risk",
      "tail": "Cardiac failure",
      "properties": {}
    },
    {
      "head": "extracorporeal membrane oxygenation",
      "relation": "treats",
      "tail": "graft failure",
      "properties": {}
    },
    {
      "head": "extracorporeal membrane oxygenation",
      "relation": "treats",
      "tail": "respiratory-pulmonary hypoxia",
      "properties": {}
    },
    {
      "head": "extracorporeal membrane oxygenation",
      "relation": "treats",
      "tail": "cardiogenic shock syndrome",
      "properties": {}
    },
    {
      "head": "Hypovolemia",
      "relation": "part_of",
      "tail": "hyperdynamic state",
      "properties": {}
    }
  ]
}