{
  "entities": [
    {
      "name": "advanced heart failure",
      "type": "recipient_characteristic",
      "properties": {}
    },
    {
      "name": "impaired kidney function",
      "type": "complication",
      "properties": {}
    },
    {
      "name": "cardiorenal syndrome type I",
      "type": "diagnostic_criteria",
      "properties": {}
    },
    {
      "name": "cardiorenal syndrome type II",
      "type": "diagnostic_criteria",
      "properties": {}
    },
    {
      "name": "heart transplantation",
      "type": "surgical_procedure",
      "properties": {}
    },
    {
      "name": "renal function",
      "type": "monitoring_indicator",
      "properties": {}
    },
    {
      "name": "kidney function",
      "type": "monitoring_indicator",
      "properties": {}
    },
    {
      "name": "eGFR",
      "type": "monitoring_indicator",
      "properties": {}
    },
    {
      "name": "improvement in kidney function",
      "type": "monitoring_indicator",
      "properties": {}
    },
    {
      "name": "deterioration in kidney function",
      "type": "complication",
      "properties": {}
    },
    {
      "name": "no significant change in eGFR",
      "type": "monitoring_indicator",
      "properties": {}
    }
  ],
  "relations": [
    {
      "head": "advanced heart failure",
      "relation": "causes",
      "tail": "impaired kidney function",
      "properties": {
        "evidence_strength": "pathophysiology_based"
      }
    },
    {
      "head": "cardiorenal syndrome type I",
      "relation": "part_of",
      "tail": "pathophysiology",
      "properties": {}
    },
    {
      "head": "cardiorenal syndrome type II",
      "relation": "part_of",
      "tail": "pathophysiology",
      "properties": {}
    },
    {
      "head": "heart transplantation",
      "relation": "alleviates",
      "tail": "impaired kidney function",
      "properties": {
        "evidence_strength": "pathophysiology_based"
      }
    },
    {
      "head": "heart transplantation",
      "relation": "alleviates",
      "tail": "renal function",
      "properties": {
        "evidence_strength": "pathophysiology_based"
      }
    },
    {
      "head": "eGFR",
      "relation": "monitors",
      "tail": "kidney function",
      "properties": {}
    },
    {
      "head": "eGFR",
      "relation": "monitors",
      "tail": "renal function",
      "properties": {}
    },
    {
      "head": "eGFR change",
      "relation": "diagnostic_basis_for",
      "tail": "improvement in kidney function",
      "properties": {}
    },
    {
      "head": "eGFR change",
      "relation": "diagnostic_basis_for",
      "tail": "deterioration in kidney function",
      "properties": {}
    },
    {
      "head": "eGFR change",
      "relation": "diagnostic_basis_for",
      "tail": "no significant change in eGFR",
      "properties": {}
    }
  ]
}