{
  "entities": [
    {
      "name": "mechanical circulatory support",
      "type": "medical_device",
      "properties": {}
    },
    {
      "name": "Novacor left ventricular assist device",
      "type": "medical_device",
      "properties": {}
    },
    {
      "name": "bridge to transplantation",
      "type": "surgical_procedure",
      "properties": {}
    },
    {
      "name": "prolonged mechanical circulatory support",
      "type": "treatment_regimen",
      "properties": {}
    }
  ],
  "relations": [
    {
      "head": "Novacor left ventricular assist device",
      "relation": "part_of",
      "tail": "mechanical circulatory support",
      "properties": {}
    },
    {
      "head": "prolonged mechanical circulatory support",
      "relation": "precedes",
      "tail": "bridge to transplantation",
      "properties": {}
    },
    {
      "head": "Novacor left ventricular assist device",
      "relation": "monitors",
      "tail": "bridge to transplantation",
      "properties": {}
    }
  ]
}