{
  "entities": [
    {
      "name": "Impella 5.5",
      "type": "medical_device",
      "properties": {}
    },
    {
      "name": "intra-aortic balloon pump",
      "type": "medical_device",
      "properties": {}
    },
    {
      "name": "IABP",
      "type": "medical_device",
      "properties": {}
    },
    {
      "name": "dual organ heart-kidney transplant",
      "type": "surgical_procedure",
      "properties": {}
    },
    {
      "name": "Heart/Kidney transplant (HKT)",
      "type": "surgical_procedure",
      "properties": {}
    },
    {
      "name": "bridging",
      "type": "treatment_regimen",
      "properties": {}
    },
    {
      "name": "Status 2",
      "type": "recipient_characteristic",
      "properties": {}
    },
    {
      "name": "dialysis pre-transplant",
      "type": "recipient_characteristic",
      "properties": {
        "p-value": "0.409"
      }
    },
    {
      "name": "worse functional status",
      "type": "recipient_characteristic",
      "properties": {}
    },
    {
      "name": "worse liver function",
      "type": "recipient_characteristic",
      "properties": {}
    },
    {
      "name": "worse filling pressures",
      "type": "recipient_characteristic",
      "properties": {}
    },
    {
      "name": "dialysis post-transplant",
      "type": "complication",
      "properties": {
        "p-value": "0.613"
      }
    },
    {
      "name": "primary graft dysfunction",
      "type": "complication",
      "properties": {}
    },
    {
      "name": "UNOS database",
      "type": "monitoring_indicator",
      "properties": {}
    },
    {
      "name": "cohort study",
      "type": "diagnostic_criteria",
      "properties": {
        "evidence_strength": "cohort study"
      }
    }
  ],
  "relations": [
    {
      "head": "Impella 5.5",
      "relation": "monitors",
      "tail": "bridging",
      "properties": {}
    },
    {
      "head": "IABP",
      "relation": "monitors",
      "tail": "bridging",
      "properties": {}
    },
    {
      "head": "bridging",
      "relation": "precedes",
      "tail": "dual organ heart-kidney transplant",
      "properties": {}
    },
    {
      "head": "Status 2",
      "relation": "prerequisite_of",
      "tail": "bridging",
      "properties": {}
    },
    {
      "head": "worse functional status",
      "relation": "diagnostic_basis_for",
      "tail": "Impella group",
      "properties": {}
    },
    {
      "head": "worse liver function",
      "relation": "diagnostic_basis_for",
      "tail": "Impella group",
      "properties": {}
    },
    {
      "head": "worse filling pressures",
      "relation": "diagnostic_basis_for",
      "tail": "Impella group",
      "properties": {}
    },
    {
      "head": "UNOS database",
      "relation": "diagnostic_basis_for",
      "tail": "analysis",
      "properties": {}
    }
  ]
}