{
  "entities": [
    {
      "name": "renal cell carcinoma",
      "type": "complication",
      "properties": {
        "incidence": "0.9%",
        "study_type": "cohort study"
      }
    },
    {
      "name": "cadaveric renal transplants",
      "type": "surgical_procedure",
      "properties": {}
    },
    {
      "name": "organ recovery",
      "type": "surgical_procedure",
      "properties": {}
    },
    {
      "name": "primary central nervous system tumors",
      "type": "contraindication",
      "properties": {}
    },
    {
      "name": "known malignancy",
      "type": "contraindication",
      "properties": {}
    },
    {
      "name": "intrathoracic and intraabdominal organs",
      "type": "donor_characteristic",
      "properties": {}
    },
    {
      "name": "kidneys",
      "type": "donor_characteristic",
      "properties": {}
    },
    {
      "name": "donor age",
      "type": "donor_characteristic",
      "properties": {}
    },
    {
      "name": "sex",
      "type": "donor_characteristic",
      "properties": {}
    },
    {
      "name": "race",
      "type": "donor_characteristic",
      "properties": {}
    },
    {
      "name": "past medical/surgical history",
      "type": "donor_characteristic",
      "properties": {}
    },
    {
      "name": "cause of death",
      "type": "donor_characteristic",
      "properties": {}
    },
    {
      "name": "findings at the time of organ recovery",
      "type": "monitoring_indicator",
      "properties": {}
    },
    {
      "name": "T1 or T2 by the tumor, node, metastasis classification system",
      "type": "diagnostic_criteria",
      "properties": {}
    },
    {
      "name": "nodal or distant metastatic disease",
      "type": "complication",
      "properties": {}
    }
  ],
  "relations": [
    {
      "head": "primary central nervous system tumors",
      "relation": "contraindicated_in",
      "tail": "organ recovery",
      "properties": {}
    },
    {
      "head": "known malignancy",
      "relation": "contraindicated_in",
      "tail": "organ recovery",
      "properties": {}
    },
    {
      "head": "intrathoracic and intraabdominal organs",
      "relation": "part_of",
      "tail": "organ recovery",
      "properties": {}
    },
    {
      "head": "renal cell carcinoma",
      "relation": "increases_risk",
      "tail": "cadaveric renal transplants",
      "properties": {
        "incidence": "0.9%"
      }
    },
    {
      "head": "findings at the time of organ recovery",
      "relation": "monitors",
      "tail": "renal cell carcinoma",
      "properties": {}
    },
    {
      "head": "T1 or T2 by the tumor, node, metastasis classification system",
      "relation": "diagnostic_basis_for",
      "tail": "renal cell carcinoma",
      "properties": {}
    }
  ]
}