{
  "entities": [
    {
      "name": "Therapeutic Anticoagulation with Heparin",
      "type": "treatment_regimen",
      "properties": {}
    },
    {
      "name": "Noncritically Ill Patients with Covid-19",
      "type": "recipient_characteristic",
      "properties": {}
    },
    {
      "name": "Heparin",
      "type": "medication",
      "properties": {}
    },
    {
      "name": "Covid-19",
      "type": "risk_factor",
      "properties": {}
    },
    {
      "name": "The New England Journal of Medicine",
      "type": "diagnostic_criteria",
      "properties": {
        "evidence_strength": "RCT"
      }
    },
    {
      "name": "2021 Aug 26",
      "type": "monitoring_indicator",
      "properties": {}
    },
    {
      "name": "10.1056/NEJMoa2105911",
      "type": "monitoring_indicator",
      "properties": {}
    }
  ],
  "relations": [
    {
      "head": "Therapeutic Anticoagulation with Heparin",
      "relation": "treats",
      "tail": "Noncritically Ill Patients with Covid-19",
      "properties": {}
    },
    {
      "head": "Heparin",
      "relation": "part_of",
      "tail": "Therapeutic Anticoagulation with Heparin",
      "properties": {}
    },
    {
      "head": "Covid-19",
      "relation": "increases_risk",
      "tail": "Noncritically Ill Patients with Covid-19",
      "properties": {}
    },
    {
      "head": "The New England Journal of Medicine",
      "relation": "diagnostic_basis_for",
      "tail": "Therapeutic Anticoagulation with Heparin",
      "properties": {
        "evidence_strength": "RCT"
      }
    }
  ]
}