{
  "entities": [
    {
      "name": "in situ reconstruction",
      "type": "surgical_procedure",
      "properties": {}
    },
    {
      "name": "aortic graft infection",
      "type": "complication",
      "properties": {}
    },
    {
      "name": "native aortic infection",
      "type": "complication",
      "properties": {}
    },
    {
      "name": "cryopreserved arterial allograft",
      "type": "medical_device",
      "properties": {
        "alias": "Allograft"
      }
    },
    {
      "name": "bovine pericardial substitutes",
      "type": "medical_device",
      "properties": {
        "alias": "Pericard"
      }
    },
    {
      "name": "resistant to infection",
      "type": "donor_characteristic",
      "properties": {}
    },
    {
      "name": "availability problems",
      "type": "risk_factor",
      "properties": {}
    },
    {
      "name": "long-term aneurysmal degeneration",
      "type": "complication",
      "properties": {}
    },
    {
      "name": "retrospective observational study",
      "type": "monitoring_indicator",
      "properties": {
        "evidence_strength": "cohort study"
      }
    },
    {
      "name": "Kaplan-Meier method",
      "type": "monitoring_indicator",
      "properties": {}
    },
    {
      "name": "Cox regression model",
      "type": "monitoring_indicator",
      "properties": {}
    },
    {
      "name": "survival",
      "type": "monitoring_indicator",
      "properties": {}
    },
    {
      "name": "reinterventions",
      "type": "complication",
      "properties": {}
    },
    {
      "name": "reinfections",
      "type": "complication",
      "properties": {}
    }
  ],
  "relations": [
    {
      "head": "cryopreserved arterial allograft",
      "relation": "part_of",
      "tail": "in situ reconstruction",
      "properties": {}
    },
    {
      "head": "bovine pericardial substitutes",
      "relation": "part_of",
      "tail": "in situ reconstruction",
      "properties": {}
    },
    {
      "head": "cryopreserved arterial allograft",
      "relation": "treats",
      "tail": "aortic graft infection",
      "properties": {}
    },
    {
      "head": "cryopreserved arterial allograft",
      "relation": "treats",
      "tail": "native aortic infection",
      "properties": {}
    },
    {
      "head": "bovine pericardial substitutes",
      "relation": "treats",
      "tail": "aortic graft infection",
      "properties": {}
    },
    {
      "head": "bovine pericardial substitutes",
      "relation": "treats",
      "tail": "native aortic infection",
      "properties": {}
    },
    {
      "head": "cryopreserved arterial allograft",
      "relation": "increases_risk",
      "tail": "long-term aneurysmal degeneration",
      "properties": {}
    },
    {
      "head": "availability problems",
      "relation": "increases_risk",
      "tail": "emergent cases",
      "properties": {}
    },
    {
      "head": "resistant to infection",
      "relation": "alleviates",
      "tail": "aortic graft infection",
      "properties": {}
    },
    {
      "head": "resistant to infection",
      "relation": "alleviates",
      "tail": "native aortic infection",
      "properties": {}
    },
    {
      "head": "Kaplan-Meier method",
      "relation": "monitors",
      "tail": "survival",
      "properties": {}
    },
    {
      "head": "Kaplan-Meier method",
      "relation": "monitors",
      "tail": "reinterventions",
      "properties": {}
    },
    {
      "head": "Kaplan-Meier method",
      "relation": "monitors",
      "tail": "reinfections",
      "properties": {}
    },
    {
      "head": "Cox regression model",
      "relation": "monitors",
      "tail": "survival",
      "properties": {}
    },
    {
      "head": "Cox regression model",
      "relation": "monitors",
      "tail": "reinterventions",
      "properties": {}
    },
    {
      "head": "Cox regression model",
      "relation": "monitors",
      "tail": "reinfections",
      "properties": {}
    }
  ]
}