{
  "entities": [
    {
      "name": "heart transplantation",
      "type": "surgical_procedure",
      "properties": {}
    },
    {
      "name": "HCV-positive allograft use",
      "type": "treatment_regimen",
      "properties": {}
    },
    {
      "name": "overdose donors",
      "type": "donor_characteristic",
      "properties": {}
    },
    {
      "name": "waitlist mortality",
      "type": "risk_factor",
      "properties": {}
    },
    {
      "name": "drug overdoses",
      "type": "donor_characteristic",
      "properties": {}
    },
    {
      "name": "hepatitis C virus",
      "type": "donor_characteristic",
      "properties": {}
    },
    {
      "name": "HCV-positive graft donors",
      "type": "donor_characteristic",
      "properties": {}
    },
    {
      "name": "post-transplant outcomes",
      "type": "monitoring_indicator",
      "properties": {}
    },
    {
      "name": "United Network for Organ Sharing database",
      "type": "medical_device",
      "properties": {}
    },
    {
      "name": "retrospective review",
      "type": "diagnostic_criteria",
      "properties": {
        "evidence_strength": "retrospective cohort study"
      }
    }
  ],
  "relations": [
    {
      "head": "HCV-positive allograft use",
      "relation": "increases_risk",
      "tail": "access to overdose donors",
      "properties": {
        "statistical_data": "7.8% increase"
      }
    },
    {
      "head": "HCV-positive allograft use",
      "relation": "alleviates",
      "tail": "waitlist mortality",
      "properties": {}
    },
    {
      "head": "overdose donors",
      "relation": "part_of",
      "tail": "donor candidates",
      "properties": {}
    },
    {
      "head": "drug overdoses",
      "relation": "causes",
      "tail": "donor availability",
      "properties": {}
    },
    {
      "head": "overdose donors",
      "relation": "part_of",
      "tail": "high preponderance of hepatitis C virus",
      "properties": {}
    },
    {
      "head": "retrospective review",
      "relation": "monitors",
      "tail": "adults listed for heart transplantation",
      "properties": {}
    },
    {
      "head": "United Network for Organ Sharing database",
      "relation": "diagnostic_basis_for",
      "tail": "temporal trends and regional variabilities",
      "properties": {}
    },
    {
      "head": "HCV-positive allograft use",
      "relation": "precedes",
      "tail": "post-transplant outcomes",
      "properties": {}
    }
  ]
}