{
  "entities": [
    {
      "name": "heart transplantation",
      "type": "surgical_procedure",
      "properties": {}
    },
    {
      "name": "pharmaco-cold ischaemia",
      "type": "donor_characteristic",
      "properties": {}
    },
    {
      "name": "extended period of pharmaco-cold ischaemia",
      "type": "donor_characteristic",
      "properties": {
        "duration": "more than 240 min"
      }
    },
    {
      "name": "standard period of pharmaco-cold preservation",
      "type": "donor_characteristic",
      "properties": {
        "duration": "up to 240 min"
      }
    },
    {
      "name": "biopsy specimens",
      "type": "monitoring_indicator",
      "properties": {}
    },
    {
      "name": "left atrium",
      "type": "monitoring_indicator",
      "properties": {}
    },
    {
      "name": "Bretschneider solution",
      "type": "medical_device",
      "properties": {}
    },
    {
      "name": "light microscopy",
      "type": "monitoring_indicator",
      "properties": {}
    },
    {
      "name": "transmission electron microscopy",
      "type": "monitoring_indicator",
      "properties": {}
    },
    {
      "name": "stereological analysis",
      "type": "monitoring_indicator",
      "properties": {}
    },
    {
      "name": "statistical analysis",
      "type": "monitoring_indicator",
      "properties": {}
    },
    {
      "name": "dystrophic changes in cardiomyocytes",
      "type": "complication",
      "properties": {}
    },
    {
      "name": "mosaic pattern of myocardial parenchyma",
      "type": "complication",
      "properties": {}
    },
    {
      "name": "contracture",
      "type": "complication",
      "properties": {}
    },
    {
      "name": "lytic changes in myocytes",
      "type": "complication",
      "properties": {}
    },
    {
      "name": "stromal edema",
      "type": "complication",
      "properties": {}
    }
  ],
  "relations": [
    {
      "head": "biopsy specimens",
      "relation": "monitors",
      "tail": "donor heart",
      "properties": {}
    },
    {
      "head": "light microscopy",
      "relation": "monitors",
      "tail": "semi-thin sections",
      "properties": {}
    },
    {
      "head": "transmission electron microscopy",
      "relation": "monitors",
      "tail": "biopsy specimens",
      "properties": {}
    },
    {
      "head": "stereological analysis",
      "relation": "monitors",
      "tail": "myocardial changes",
      "properties": {}
    },
    {
      "head": "statistical analysis",
      "relation": "monitors",
      "tail": "differences between groups",
      "properties": {}
    },
    {
      "head": "extended period of pharmaco-cold ischaemia",
      "relation": "causes",
      "tail": "dystrophic changes in cardiomyocytes",
      "properties": {}
    },
    {
      "head": "extended period of pharmaco-cold ischaemia",
      "relation": "causes",
      "tail": "mosaic pattern of myocardial parenchyma",
      "properties": {}
    },
    {
      "head": "extended period of pharmaco-cold ischaemia",
      "relation": "causes",
      "tail": "contracture",
      "properties": {}
    },
    {
      "head": "extended period of pharmaco-cold ischaemia",
      "relation": "causes",
      "tail": "lytic changes in myocytes",
      "properties": {}
    },
    {
      "head": "extended period of pharmaco-cold ischaemia",
      "relation": "causes",
      "tail": "stromal edema",
      "properties": {}
    }
  ]
}