{
  "entities": [
    {
      "name": "mouse pre-sensitized cardiac transplant model",
      "type": "surgical_procedure",
      "properties": {}
    },
    {
      "name": "sensitized transplantation",
      "type": "recipient_characteristic",
      "properties": {}
    },
    {
      "name": "prolonged cold ischemia time (PCI)-mediated injury",
      "type": "risk_factor",
      "properties": {}
    },
    {
      "name": "myeloid-derived suppressor cells (MDSCs)",
      "type": "treatment_regimen",
      "properties": {}
    }
  ],
  "relations": [
    {
      "head": "prolonged cold ischemia time (PCI)-mediated injury",
      "relation": "increases_risk",
      "tail": "sensitized transplantation",
      "properties": {}
    },
    {
      "head": "myeloid-derived suppressor cells (MDSCs)",
      "relation": "part_of",
      "tail": "mouse pre-sensitized cardiac transplant model",
      "properties": {}
    }
  ]
}