{
  "entities": [
    {
      "name": "triiodothyronine (T3) administration",
      "type": "treatment_regimen",
      "properties": {
        "dose": "60 nM",
        "context": "normothermic perfusion"
      }
    },
    {
      "name": "normothermic perfusion",
      "type": "surgical_procedure",
      "properties": {
        "duration": "4 h",
        "perfusate": "Krebs-Henseleit"
      }
    },
    {
      "name": "ex vivo rat heart",
      "type": "recipient_characteristic",
      "properties": {
        "model_type": "experimental"
      }
    },
    {
      "name": "left ventricular end diastolic pressure (LVEDP)",
      "type": "monitoring_indicator",
      "properties": {
        "measurement_type": "pressure"
      }
    },
    {
      "name": "left ventricular developed pressure (LVDP)",
      "type": "monitoring_indicator",
      "properties": {
        "measurement_type": "pressure"
      }
    },
    {
      "name": "perfusion pressure (PP)",
      "type": "monitoring_indicator",
      "properties": {
        "measurement_type": "pressure"
      }
    },
    {
      "name": "Akt",
      "type": "monitoring_indicator",
      "properties": {
        "activation_change": "1.85 fold increase",
        "p_value": "0.047"
      }
    },
    {
      "name": "AMPK",
      "type": "monitoring_indicator",
      "properties": {
        "activation_change": "2.25 fold increase",
        "p_value": "0.01"
      }
    },
    {
      "name": "p38 MAPK",
      "type": "monitoring_indicator",
      "properties": {
        "activation_change": "3fold reduction",
        "p_value": "0.04"
      }
    },
    {
      "name": "p54 JNK",
      "type": "monitoring_indicator",
      "properties": {
        "activation_change": "4.0 fold reduction",
        "p_value": "0.04"
      }
    },
    {
      "name": "cardioprotective",
      "type": "recipient_characteristic",
      "properties": {}
    },
    {
      "name": "injured myocardium",
      "type": "complication",
      "properties": {}
    },
    {
      "name": "donor heart preservation",
      "type": "surgical_procedure",
      "properties": {}
    },
    {
      "name": "donor heart repair",
      "type": "surgical_procedure",
      "properties": {}
    }
  ],
  "relations": [
    {
      "head": "triiodothyronine (T3) administration",
      "relation": "treats",
      "tail": "injured myocardium",
      "properties": {
        "evidence_strength": "experimental study"
      }
    },
    {
      "head": "triiodothyronine (T3) administration",
      "relation": "alleviates",
      "tail": "left ventricular end diastolic pressure (LVEDP)",
      "properties": {
        "statistical_data": "13% increase vs 139% increase in control, p=0.048"
      }
    },
    {
      "head": "triiodothyronine (T3) administration",
      "relation": "alleviates",
      "tail": "left ventricular developed pressure (LVDP)",
      "properties": {
        "statistical_data": "18.2% reduction vs 25.3% reduction in control, p=0.01"
      }
    },
    {
      "head": "triiodothyronine (T3) administration",
      "relation": "alleviates",
      "tail": "perfusion pressure (PP)",
      "properties": {
        "statistical_data": "41% increase vs 91% increase in control, p=0.024"
      }
    },
    {
      "head": "triiodothyronine (T3) administration",
      "relation": "increases_risk",
      "tail": "Akt activation",
      "properties": {
        "statistical_data": "1.85 fold increase, p=0.047"
      }
    },
    {
      "head": "triiodothyronine (T3) administration",
      "relation": "increases_risk",
      "tail": "AMPK activation",
      "properties": {
        "statistical_data": "2.25 fold increase, p=0.01"
      }
    },
    {
      "head": "triiodothyronine (T3) administration",
      "relation": "alleviates",
      "tail": "p38 MAPK activation",
      "properties": {
        "statistical_data": "3fold reduction, p=0.04"
      }
    },
    {
      "head": "triiodothyronine (T3) administration",
      "relation": "alleviates",
      "tail": "p54 JNK activation",
      "properties": {
        "statistical_data": "4.0 fold reduction, p=0.04"
      }
    },
    {
      "head": "normothermic perfusion",
      "relation": "precedes",
      "tail": "triiodothyronine (T3) administration",
      "properties": {
        "context": "experimental protocol"
      }
    },
    {
      "head": "left ventricular end diastolic pressure (LVEDP)",
      "relation": "monitors",
      "tail": "cardiac function",
      "properties": {}
    },
    {
      "head": "left ventricular developed pressure (LVDP)",
      "relation": "monitors",
      "tail": "cardiac function",
      "properties": {}
    },
    {
      "head": "perfusion pressure (PP)",
      "relation": "monitors",
      "tail": "perfusion system",
      "properties": {}
    },
    {
      "head": "triiodothyronine (T3) administration",
      "relation": "part_of",
      "tail": "donor heart preservation",
      "properties": {}
    },
    {
      "head": "triiodothyronine (T3) administration",
      "relation": "part_of",
      "tail": "donor heart repair",
      "properties": {}
    }
  ]
}