{
  "entities": [
    {
      "name": "Impella 5.5",
      "type": "medical_device",
      "properties": {
        "approval": "FDA approved",
        "purpose": "mechanical circulatory support",
        "duration_limit": "≤14 days"
      }
    },
    {
      "name": "prolonged support",
      "type": "treatment_regimen",
      "properties": {
        "definition": ">14 days",
        "median_duration": "43.5 days",
        "IQR": "25 to 63.5 days"
      }
    },
    {
      "name": "standard support",
      "type": "treatment_regimen",
      "properties": {
        "definition": "≤14 days",
        "median_duration": "8 days",
        "IQR": "6 to 13 days"
      }
    },
    {
      "name": "device-related complication",
      "type": "complication",
      "properties": {
        "rate": "9.7%",
        "p_value": "0.08"
      }
    },
    {
      "name": "30-day postimplant survival",
      "type": "monitoring_indicator",
      "properties": {
        "rate": "71%",
        "p_value": "0.2"
      }
    },
    {
      "name": "in-hospital mortality",
      "type": "monitoring_indicator",
      "properties": {
        "rate": "32%",
        "p_value": ">0.99"
      }
    },
    {
      "name": "bridge to durable ventricular assist device",
      "type": "surgical_procedure",
      "properties": {
        "percentage": "18%",
        "patient_count": "n = 4"
      }
    },
    {
      "name": "cardiac transplant",
      "type": "surgical_procedure",
      "properties": {
        "percentage": "55%",
        "patient_count": "n = 12"
      }
    },
    {
      "name": "cardiac recovery",
      "type": "treatment_regimen",
      "properties": {
        "percentage": "27%",
        "patient_count": "n = 6"
      }
    },
    {
      "name": "high-risk patients",
      "type": "recipient_characteristic",
      "properties": {}
    }
  ],
  "relations": [
    {
      "head": "Impella 5.5",
      "relation": "monitors",
      "tail": "30-day postimplant survival",
      "properties": {
        "evidence_strength": "single-center retrospective study"
      }
    },
    {
      "head": "Impella 5.5",
      "relation": "monitors",
      "tail": "in-hospital mortality",
      "properties": {
        "evidence_strength": "single-center retrospective study"
      }
    },
    {
      "head": "Impella 5.5",
      "relation": "precedes",
      "tail": "bridge to durable ventricular assist device",
      "properties": {
        "evidence_strength": "single-center retrospective study"
      }
    },
    {
      "head": "Impella 5.5",
      "relation": "precedes",
      "tail": "cardiac transplant",
      "properties": {
        "evidence_strength": "single-center retrospective study"
      }
    },
    {
      "head": "Impella 5.5",
      "relation": "precedes",
      "tail": "cardiac recovery",
      "properties": {
        "evidence_strength": "single-center retrospective study"
      }
    },
    {
      "head": "prolonged support",
      "relation": "part_of",
      "tail": "Impella 5.5 support",
      "properties": {}
    },
    {
      "head": "standard support",
      "relation": "part_of",
      "tail": "Impella 5.5 support",
      "properties": {}
    },
    {
      "head": "Impella 5.5",
      "relation": "increases_risk",
      "tail": "device-related complication",
      "properties": {
        "p_value": "0.08"
      }
    }
  ]
}