{
  "entities": [
    {
      "name": "mesenchymal stem cells (MSCs)",
      "type": "medical_device",
      "properties": {}
    },
    {
      "name": "ischemic heart disease",
      "type": "risk_factor",
      "properties": {}
    },
    {
      "name": "Micro RNAs",
      "type": "monitoring_indicator",
      "properties": {}
    },
    {
      "name": "MSC survival",
      "type": "recipient_characteristic",
      "properties": {}
    },
    {
      "name": "mi R -15a/15b",
      "type": "monitoring_indicator",
      "properties": {}
    },
    {
      "name": "vascular endothelial growth factor receptor 2",
      "type": "monitoring_indicator",
      "properties": {}
    },
    {
      "name": "donor luc(Luciferase)- MSC s",
      "type": "donor_characteristic",
      "properties": {
        "quantity": "5×105"
      }
    },
    {
      "name": "luciferase transgenic mice",
      "type": "donor_characteristic",
      "properties": {
        "background": "FVB"
      }
    },
    {
      "name": "Luc- MSC s",
      "type": "medical_device",
      "properties": {}
    },
    {
      "name": "miR-15a/15b mimics",
      "type": "treatment_regimen",
      "properties": {}
    },
    {
      "name": "miR-15a/15b inhibitors",
      "type": "treatment_regimen",
      "properties": {}
    },
    {
      "name": "oxygen glucose deprivation",
      "type": "risk_factor",
      "properties": {}
    }
  ],
  "relations": [
    {
      "head": "poor viability of transplanted mesenchymal stem cells (MSCs)",
      "relation": "increases_risk",
      "tail": "hampered therapeutic efficacy for ischemic heart disease",
      "properties": {}
    },
    {
      "head": "Micro RNAs",
      "relation": "monitors",
      "tail": "MSC survival and function",
      "properties": {}
    },
    {
      "head": "mi R -15a/15b",
      "relation": "monitors",
      "tail": "MSC survival",
      "properties": {}
    },
    {
      "head": "vascular endothelial growth factor receptor 2",
      "relation": "part_of",
      "tail": "molecular effects of mi R -15a/15b on MSC survival",
      "properties": {}
    },
    {
      "head": "miR-15a/15b mimics",
      "relation": "treats",
      "tail": "Luc- MSC s",
      "properties": {}
    },
    {
      "head": "miR-15a/15b inhibitors",
      "relation": "treats",
      "tail": "Luc- MSC s",
      "properties": {}
    },
    {
      "head": "oxygen glucose deprivation",
      "relation": "increases_risk",
      "tail": "MSC survival",
      "properties": {}
    }
  ]
}