{
  "entities": [
    {
      "name": "real-time lung weight measurement",
      "type": "monitoring_indicator",
      "properties": {}
    },
    {
      "name": "ex vivo lung perfusion",
      "type": "surgical_procedure",
      "properties": {}
    },
    {
      "name": "extravascular lung water",
      "type": "complication",
      "properties": {}
    },
    {
      "name": "transplant suitability",
      "type": "recipient_characteristic",
      "properties": {}
    },
    {
      "name": "post-transplant outcomes",
      "type": "recipient_characteristic",
      "properties": {}
    },
    {
      "name": "clinical acellular EVLP protocol",
      "type": "treatment_regimen",
      "properties": {}
    },
    {
      "name": "estimated lung weight gain",
      "type": "monitoring_indicator",
      "properties": {}
    },
    {
      "name": "organ chamber",
      "type": "medical_device",
      "properties": {}
    },
    {
      "name": "primary graft dysfunction",
      "type": "complication",
      "properties": {}
    }
  ],
  "relations": [
    {
      "head": "real-time lung weight measurement",
      "relation": "monitors",
      "tail": "extravascular lung water",
      "properties": {}
    },
    {
      "head": "real-time lung weight measurement",
      "relation": "diagnostic_basis_for",
      "tail": "transplant suitability",
      "properties": {}
    },
    {
      "head": "real-time lung weight measurement",
      "relation": "diagnostic_basis_for",
      "tail": "post-transplant outcomes",
      "properties": {}
    }
  ]
}