{
  "entities": [
    {
      "name": "Antibody-mediated rejection (AMR)",
      "type": "complication",
      "properties": {}
    },
    {
      "name": "allograft loss",
      "type": "complication",
      "properties": {}
    },
    {
      "name": "solid organ transplantation",
      "type": "surgical_procedure",
      "properties": {}
    },
    {
      "name": "biopsy",
      "type": "diagnostic_criteria",
      "properties": {
        "description": "invasive gold standard"
      }
    },
    {
      "name": "Plasma donor-derived cell-free DNA (dd-cfDNA)",
      "type": "monitoring_indicator",
      "properties": {
        "description": "noninvasive biomarker"
      }
    },
    {
      "name": "cell-free chromatin immunoprecipitation (cfChIP)",
      "type": "monitoring_indicator",
      "properties": {
        "description": "surrogate for gene expression"
      }
    },
    {
      "name": "cardiac allograft rejection",
      "type": "complication",
      "properties": {}
    }
  ],
  "relations": [
    {
      "head": "Antibody-mediated rejection (AMR)",
      "relation": "increases_risk",
      "tail": "allograft loss",
      "properties": {
        "evidence_strength": "major risk factor"
      }
    },
    {
      "head": "biopsy",
      "relation": "diagnostic_basis_for",
      "tail": "Antibody-mediated rejection (AMR)",
      "properties": {
        "description": "invasive gold standard"
      }
    },
    {
      "head": "Plasma donor-derived cell-free DNA (dd-cfDNA)",
      "relation": "monitors",
      "tail": "Antibody-mediated rejection (AMR)",
      "properties": {
        "sensitivity": "high",
        "specificity": "low"
      }
    },
    {
      "head": "cell-free chromatin immunoprecipitation (cfChIP)",
      "relation": "monitors",
      "tail": "cardiac allograft rejection",
      "properties": {
        "study_type": "proof-of-concept study"
      }
    }
  ]
}