{
  "entities": [
    {
      "name": "pediatric heart transplantation",
      "type": "surgical_procedure",
      "properties": {}
    },
    {
      "name": "donor ischemic time (DIT)",
      "type": "donor_characteristic",
      "properties": {}
    },
    {
      "name": "extended DIT",
      "type": "donor_characteristic",
      "properties": {}
    },
    {
      "name": "pediatric recipients",
      "type": "recipient_characteristic",
      "properties": {}
    },
    {
      "name": "age",
      "type": "recipient_characteristic",
      "properties": {}
    },
    {
      "name": "sex",
      "type": "recipient_characteristic",
      "properties": {}
    },
    {
      "name": "race",
      "type": "recipient_characteristic",
      "properties": {}
    },
    {
      "name": "height",
      "type": "recipient_characteristic",
      "properties": {}
    },
    {
      "name": "weight",
      "type": "recipient_characteristic",
      "properties": {}
    },
    {
      "name": "donor age",
      "type": "donor_characteristic",
      "properties": {}
    },
    {
      "name": "mortality",
      "type": "complication",
      "properties": {}
    },
    {
      "name": "retrospective review",
      "type": "monitoring_indicator",
      "properties": {
        "evidence_strength": "cohort study"
      }
    },
    {
      "name": "post-transplant survival",
      "type": "monitoring_indicator",
      "properties": {}
    }
  ],
  "relations": [
    {
      "head": "extended DIT",
      "relation": "precedes",
      "tail": "pediatric heart transplantation",
      "properties": {}
    },
    {
      "head": "retrospective review",
      "relation": "monitors",
      "tail": "mortality",
      "properties": {
        "evidence_strength": "cohort study"
      }
    },
    {
      "head": "retrospective review",
      "relation": "monitors",
      "tail": "post-transplant survival",
      "properties": {
        "evidence_strength": "cohort study"
      }
    }
  ]
}