{
  "entities": [
    {
      "name": "ex-vivo lung perfusion",
      "type": "surgical_procedure",
      "properties": {}
    },
    {
      "name": "primary graft dysfunction",
      "type": "complication",
      "properties": {}
    },
    {
      "name": "timing",
      "type": "risk_factor",
      "properties": {}
    }
  ],
  "relations": [
    {
      "head": "timing",
      "relation": "increases_risk",
      "tail": "primary graft dysfunction",
      "properties": {}
    },
    {
      "head": "ex-vivo lung perfusion",
      "relation": "precedes",
      "tail": "primary graft dysfunction",
      "properties": {}
    }
  ]
}