{
  "entities": [
    {
      "name": "anti-cancer therapy",
      "type": "treatment_regimen",
      "properties": {}
    },
    {
      "name": "microvascular dysfunction",
      "type": "complication",
      "properties": {}
    },
    {
      "name": "breast cancer patients",
      "type": "recipient_characteristic",
      "properties": {}
    },
    {
      "name": "cardiotoxicity",
      "type": "complication",
      "properties": {}
    },
    {
      "name": "doxorubicin",
      "type": "medication",
      "properties": {}
    },
    {
      "name": "trastuzumab",
      "type": "medication",
      "properties": {}
    },
    {
      "name": "paclitaxel",
      "type": "medication",
      "properties": {}
    },
    {
      "name": "VEGF-B protein",
      "type": "medication",
      "properties": {}
    }
  ],
  "relations": [
    {
      "head": "anti-cancer therapy",
      "relation": "causes",
      "tail": "microvascular dysfunction",
      "properties": {}
    },
    {
      "head": "anti-cancer therapy",
      "relation": "causes",
      "tail": "cardiotoxicity",
      "properties": {}
    },
    {
      "head": "doxorubicin",
      "relation": "part_of",
      "tail": "anti-cancer therapy",
      "properties": {}
    },
    {
      "head": "trastuzumab",
      "relation": "part_of",
      "tail": "anti-cancer therapy",
      "properties": {}
    },
    {
      "head": "paclitaxel",
      "relation": "part_of",
      "tail": "anti-cancer therapy",
      "properties": {}
    },
    {
      "head": "VEGF-B protein",
      "relation": "treats",
      "tail": "microvascular dysfunction",
      "properties": {}
    }
  ]
}