{
  "entities": [
    {
      "name": "donor heart preservation",
      "type": "surgical_procedure",
      "properties": {}
    },
    {
      "name": "hyperpolarizing solution",
      "type": "medical_device",
      "properties": {}
    },
    {
      "name": "University of Wisconsin solution",
      "type": "medical_device",
      "properties": {}
    },
    {
      "name": "hyperpolarized arrest",
      "type": "surgical_procedure",
      "properties": {}
    },
    {
      "name": "adenosine triphosphate-sensitive potassium-channel opener pinacidil",
      "type": "medication",
      "properties": {}
    },
    {
      "name": "pinacidil",
      "type": "medication",
      "properties": {}
    },
    {
      "name": "prolonged ischemia",
      "type": "complication",
      "properties": {}
    },
    {
      "name": "intracellular calcium accumulation",
      "type": "complication",
      "properties": {}
    },
    {
      "name": "Langendorff model",
      "type": "monitoring_indicator",
      "properties": {}
    },
    {
      "name": "left ventricle pressure-volume curves",
      "type": "monitoring_indicator",
      "properties": {}
    },
    {
      "name": "intraventricular latex balloon",
      "type": "medical_device",
      "properties": {}
    },
    {
      "name": "cardioplegic administration",
      "type": "surgical_procedure",
      "properties": {}
    },
    {
      "name": "hypothermic storage",
      "type": "surgical_procedure",
      "properties": {}
    },
    {
      "name": "reperfusion",
      "type": "surgical_procedure",
      "properties": {}
    },
    {
      "name": "postischemic developed pressure",
      "type": "monitoring_indicator",
      "properties": {}
    },
    {
      "name": "diastolic negative dP/dT",
      "type": "monitoring_indicator",
      "properties": {}
    },
    {
      "name": "diastolic compliance",
      "type": "monitoring_indicator",
      "properties": {}
    },
    {
      "name": "baseline/postischemic diastolic slope ratios",
      "type": "monitoring_indicator",
      "properties": {}
    }
  ],
  "relations": [
    {
      "head": "hyperpolarizing solution",
      "relation": "part_of",
      "tail": "donor heart preservation",
      "properties": {
        "evidence_strength": "RCT"
      }
    },
    {
      "head": "hyperpolarized arrest",
      "relation": "part_of",
      "tail": "donor heart preservation",
      "properties": {
        "evidence_strength": "RCT"
      }
    },
    {
      "head": "pinacidil",
      "relation": "part_of",
      "tail": "hyperpolarizing solution",
      "properties": {
        "evidence_strength": "RCT"
      }
    },
    {
      "head": "prolonged ischemia",
      "relation": "causes",
      "tail": "intracellular calcium accumulation",
      "properties": {
        "evidence_strength": "RCT"
      }
    },
    {
      "head": "hyperpolarizing solution",
      "relation": "alleviates",
      "tail": "intracellular calcium accumulation",
      "properties": {
        "evidence_strength": "RCT"
      }
    },
    {
      "head": "pinacidil solution",
      "relation": "monitors",
      "tail": "postischemic developed pressure",
      "properties": {
        "statistical_data": "92.4% +/- 4.5%",
        "evidence_strength": "RCT"
      }
    },
    {
      "head": "control solution",
      "relation": "monitors",
      "tail": "postischemic developed pressure",
      "properties": {
        "statistical_data": "74.9% +/- 3.4%",
        "evidence_strength": "RCT"
      }
    },
    {
      "head": "University of Wisconsin solution",
      "relation": "monitors",
      "tail": "postischemic developed pressure",
      "properties": {
        "statistical_data": "66.7% +/- 5.1%",
        "evidence_strength": "RCT"
      }
    },
    {
      "head": "pinacidil solution",
      "relation": "monitors",
      "tail": "diastolic negative dP/dT",
      "properties": {
        "statistical_data": "104.4% +/- 10.2%",
        "evidence_strength": "RCT"
      }
    },
    {
      "head": "control solution",
      "relation": "monitors",
      "tail": "diastolic negative dP/dT",
      "properties": {
        "statistical_data": "80.2% +/- 4.2%",
        "evidence_strength": "RCT"
      }
    },
    {
      "head": "University of Wisconsin solution",
      "relation": "monitors",
      "tail": "diastolic negative dP/dT",
      "properties": {
        "statistical_data": "71.7% +/- 7.0%",
        "evidence_strength": "RCT"
      }
    },
    {
      "head": "Langendorff model",
      "relation": "precedes",
      "tail": "hypothermic storage",
      "properties": {
        "evidence_strength": "RCT"
      }
    },
    {
      "head": "hypothermic storage",
      "relation": "precedes",
      "tail": "reperfusion",
      "properties": {
        "evidence_strength": "RCT"
      }
    }
  ]
}