{
  "entities": [
    {
      "name": "continuous flow left ventricular assist devices (LVADs)",
      "type": "medical_device",
      "properties": {}
    },
    {
      "name": "heart transplantation",
      "type": "surgical_procedure",
      "properties": {}
    },
    {
      "name": "bridge to recovery",
      "type": "treatment_regimen",
      "properties": {}
    },
    {
      "name": "destination therapy",
      "type": "treatment_regimen",
      "properties": {}
    },
    {
      "name": "reduced pulsatility",
      "type": "risk_factor",
      "properties": {}
    },
    {
      "name": "phasic coronary blood flow pattern",
      "type": "monitoring_indicator",
      "properties": {}
    },
    {
      "name": "continuous flow LVAD support",
      "type": "treatment_regimen",
      "properties": {}
    },
    {
      "name": "hemodynamic data",
      "type": "monitoring_indicator",
      "properties": {}
    },
    {
      "name": "flow probes",
      "type": "medical_device",
      "properties": {}
    },
    {
      "name": "left anterior descending coronary artery (LAD)",
      "type": "monitoring_indicator",
      "properties": {}
    },
    {
      "name": "left circumflex coronary artery (LCX)",
      "type": "monitoring_indicator",
      "properties": {}
    },
    {
      "name": "right coronary artery (RCA)",
      "type": "monitoring_indicator",
      "properties": {}
    },
    {
      "name": "LAD stenosis",
      "type": "complication",
      "properties": {}
    },
    {
      "name": "total coronary blood flow (TCBF)",
      "type": "monitoring_indicator",
      "properties": {}
    },
    {
      "name": "LAD flow",
      "type": "monitoring_indicator",
      "properties": {}
    },
    {
      "name": "LCX flow",
      "type": "monitoring_indicator",
      "properties": {}
    },
    {
      "name": "systolic LAD flow",
      "type": "monitoring_indicator",
      "properties": {}
    },
    {
      "name": "peak systolic LAD flow",
      "type": "monitoring_indicator",
      "properties": {}
    },
    {
      "name": "systolic LCX flow",
      "type": "monitoring_indicator",
      "properties": {}
    },
    {
      "name": "peak systolic LCX flow",
      "type": "monitoring_indicator",
      "properties": {}
    },
    {
      "name": "systolic RCA flow",
      "type": "monitoring_indicator",
      "properties": {}
    },
    {
      "name": "peak systolic RCA flow",
      "type": "monitoring_indicator",
      "properties": {}
    },
    {
      "name": "diastolic RCA flow",
      "type": "monitoring_indicator",
      "properties": {}
    }
  ],
  "relations": [
    {
      "head": "continuous flow left ventricular assist devices (LVADs)",
      "relation": "treats",
      "tail": "heart transplantation",
      "properties": {
        "evidence_strength": "tested as a bridge"
      }
    },
    {
      "head": "continuous flow left ventricular assist devices (LVADs)",
      "relation": "treats",
      "tail": "bridge to recovery",
      "properties": {
        "evidence_strength": "tested as a bridge"
      }
    },
    {
      "head": "continuous flow left ventricular assist devices (LVADs)",
      "relation": "treats",
      "tail": "destination therapy",
      "properties": {
        "evidence_strength": "tested as a bridge"
      }
    },
    {
      "head": "reduced pulsatility",
      "relation": "monitors",
      "tail": "phasic coronary blood flow pattern",
      "properties": {}
    },
    {
      "head": "flow probes",
      "relation": "monitors",
      "tail": "left anterior descending coronary artery (LAD)",
      "properties": {}
    },
    {
      "head": "flow probes",
      "relation": "monitors",
      "tail": "left circumflex coronary artery (LCX)",
      "properties": {}
    },
    {
      "head": "flow probes",
      "relation": "monitors",
      "tail": "right coronary artery (RCA)",
      "properties": {}
    },
    {
      "head": "continuous flow LVAD support",
      "relation": "causes",
      "tail": "decrease in total coronary blood flow (TCBF)",
      "properties": {
        "p_value": "0.027 at 3.0 L/min"
      }
    },
    {
      "head": "continuous flow LVAD support",
      "relation": "causes",
      "tail": "decreases in LAD flow",
      "properties": {}
    },
    {
      "head": "continuous flow LVAD support",
      "relation": "causes",
      "tail": "decreases in LCX flow",
      "properties": {}
    },
    {
      "head": "LVAD support",
      "relation": "causes",
      "tail": "decrease in systolic LAD flow",
      "properties": {}
    },
    {
      "head": "LVAD support",
      "relation": "causes",
      "tail": "decrease in peak systolic LAD flow",
      "properties": {}
    },
    {
      "head": "LVAD support",
      "relation": "causes",
      "tail": "decrease in systolic LCX flow",
      "properties": {}
    },
    {
      "head": "LVAD support",
      "relation": "causes",
      "tail": "decrease in peak systolic LCX flow",
      "properties": {}
    },
    {
      "head": "LVAD support",
      "relation": "causes",
      "tail": "decrease in systolic RCA flow",
      "properties": {}
    },
    {
      "head": "LVAD support",
      "relation": "causes",
      "tail": "decrease in peak systolic RCA flow",
      "properties": {}
    },
    {
      "head": "LVAD support",
      "relation": "causes",
      "tail": "increase in diastolic RCA flow",
      "properties": {}
    },
    {
      "head": "LAD stenosis",
      "relation": "increases_risk",
      "tail": "decrease in total coronary blood flow (TCBF)",
      "properties": {
        "p_value": "0.029 at 2.0 L/min"
      }
    }
  ]
}