{
  "entities": [
    {
      "name": "heart transplant",
      "type": "surgical_procedure",
      "properties": {}
    },
    {
      "name": "ischemia-reperfusion sequence",
      "type": "complication",
      "properties": {}
    },
    {
      "name": "post-ischemic dysfunction",
      "type": "complication",
      "properties": {}
    },
    {
      "name": "oxidative stress",
      "type": "complication",
      "properties": {}
    },
    {
      "name": "peroxynitrite generation",
      "type": "complication",
      "properties": {}
    },
    {
      "name": "early post-transplant heart failure",
      "type": "complication",
      "properties": {}
    },
    {
      "name": "FeTPPS",
      "type": "medication",
      "properties": {
        "description": "5,10,15,20-tetrakis-[4-sulfonatophenyl]-porphyrinato-fer[III], a peroxynitrite decomposition catalyst"
      }
    },
    {
      "name": "pyruvate",
      "type": "medication",
      "properties": {
        "concentration": "2 mm"
      }
    },
    {
      "name": "cardioplegic arrest",
      "type": "surgical_procedure",
      "properties": {}
    },
    {
      "name": "isolated working rat hearts",
      "type": "recipient_characteristic",
      "properties": {}
    },
    {
      "name": "Lactate dehydrogenase (LDH) activity",
      "type": "monitoring_indicator",
      "properties": {}
    },
    {
      "name": "dihydroethidium",
      "type": "diagnostic_criteria",
      "properties": {
        "description": "fluorescent probe used to evaluate oxidative stress"
      }
    },
    {
      "name": "picro-Sirius coloration",
      "type": "diagnostic_criteria",
      "properties": {
        "description": "used to assess collagen content"
      }
    }
  ],
  "relations": [
    {
      "head": "heart transplant",
      "relation": "causes",
      "tail": "ischemia-reperfusion sequence",
      "properties": {}
    },
    {
      "head": "ischemia-reperfusion sequence",
      "relation": "causes",
      "tail": "post-ischemic dysfunction",
      "properties": {}
    },
    {
      "head": "post-ischemic dysfunction",
      "relation": "triggers",
      "tail": "oxidative stress",
      "properties": {}
    },
    {
      "head": "free radical interactions",
      "relation": "causes",
      "tail": "peroxynitrite generation",
      "properties": {}
    },
    {
      "head": "peroxynitrite generation",
      "relation": "increases_risk",
      "tail": "early post-transplant heart failure",
      "properties": {}
    },
    {
      "head": "FeTPPS",
      "relation": "treats",
      "tail": "peroxynitrite generation",
      "properties": {}
    },
    {
      "head": "pyruvate",
      "relation": "alleviates",
      "tail": "myocardial function",
      "properties": {
        "evidence": "experimental protocol in rat hearts"
      }
    },
    {
      "head": "Lactate dehydrogenase (LDH) activity",
      "relation": "monitors",
      "tail": "cardiac injury",
      "properties": {}
    },
    {
      "head": "dihydroethidium",
      "relation": "diagnostic_basis_for",
      "tail": "oxidative stress",
      "properties": {}
    },
    {
      "head": "picro-Sirius coloration",
      "relation": "diagnostic_basis_for",
      "tail": "collagen content",
      "properties": {}
    }
  ]
}