{
  "entities": [
    {
      "name": "sub-normothermic preservation",
      "type": "surgical_procedure",
      "properties": {}
    },
    {
      "name": "donor hearts",
      "type": "donor_characteristic",
      "properties": {}
    },
    {
      "name": "Somah",
      "type": "medical_device",
      "properties": {}
    },
    {
      "name": "extreme hypothermia (4 degrees C)",
      "type": "donor_characteristic",
      "properties": {}
    },
    {
      "name": "time-dependent irreversible injury",
      "type": "complication",
      "properties": {}
    },
    {
      "name": "viably preserved",
      "type": "recipient_characteristic",
      "properties": {}
    },
    {
      "name": "21 degrees C",
      "type": "donor_characteristic",
      "properties": {}
    },
    {
      "name": "Celsior",
      "type": "medical_device",
      "properties": {}
    },
    {
      "name": "University of Wisconsin (UWS) solutions",
      "type": "medical_device",
      "properties": {}
    },
    {
      "name": "cardioplegia",
      "type": "surgical_procedure",
      "properties": {}
    }
  ],
  "relations": [
    {
      "head": "extreme hypothermia (4 degrees C)",
      "relation": "causes",
      "tail": "time-dependent irreversible injury",
      "properties": {}
    },
    {
      "head": "Somah",
      "relation": "alleviates",
      "tail": "time-dependent irreversible injury",
      "properties": {}
    },
    {
      "head": "Somah",
      "relation": "precedes",
      "tail": "sub-normothermic preservation",
      "properties": {}
    },
    {
      "head": "cardioplegia",
      "relation": "precedes",
      "tail": "sub-normothermic preservation",
      "properties": {}
    },
    {
      "head": "sub-normothermic preservation",
      "relation": "monitors",
      "tail": "viably preserved",
      "properties": {}
    },
    {
      "head": "21 degrees C",
      "relation": "part_of",
      "tail": "sub-normothermic preservation",
      "properties": {}
    }
  ]
}