{
  "entities": [
    {
      "name": "aortic aneurysms",
      "type": "complication",
      "properties": {}
    },
    {
      "name": "trans-apical endovascular repair",
      "type": "surgical_procedure",
      "properties": {}
    },
    {
      "name": "heart transplant recipient",
      "type": "recipient_characteristic",
      "properties": {}
    },
    {
      "name": "high risk",
      "type": "risk_factor",
      "properties": {}
    },
    {
      "name": "operative intervention",
      "type": "surgical_procedure",
      "properties": {}
    },
    {
      "name": "major complications",
      "type": "complication",
      "properties": {}
    },
    {
      "name": "technical difficulties",
      "type": "risk_factor",
      "properties": {}
    },
    {
      "name": "late diagnoses",
      "type": "risk_factor",
      "properties": {}
    },
    {
      "name": "affected hemodynamic",
      "type": "risk_factor",
      "properties": {}
    },
    {
      "name": "organ mal perfusion",
      "type": "complication",
      "properties": {}
    },
    {
      "name": "improved survival",
      "type": "recipient_characteristic",
      "properties": {}
    },
    {
      "name": "older donors",
      "type": "donor_characteristic",
      "properties": {}
    },
    {
      "name": "co morbidities",
      "type": "donor_characteristic",
      "properties": {}
    },
    {
      "name": "advances in HTx",
      "type": "treatment_regimen",
      "properties": {}
    },
    {
      "name": "endovascular treatment",
      "type": "surgical_procedure",
      "properties": {}
    },
    {
      "name": "trans-apical endovascular ascending aorta repair (EVAR)",
      "type": "surgical_procedure",
      "properties": {}
    },
    {
      "name": "mediastinitis",
      "type": "complication",
      "properties": {}
    },
    {
      "name": "lack of femoral access",
      "type": "contraindication",
      "properties": {}
    },
    {
      "name": "uneventful operative and post-operative EVAR course",
      "type": "monitoring_indicator",
      "properties": {}
    }
  ],
  "relations": [
    {
      "head": "aortic aneurysms",
      "relation": "causes",
      "tail": "major morbidities and mortalities",
      "properties": {}
    },
    {
      "head": "operative intervention",
      "relation": "treats",
      "tail": "ascending aneurysms and dissections",
      "properties": {}
    },
    {
      "head": "technical difficulties",
      "relation": "increases_risk",
      "tail": "major complications",
      "properties": {}
    },
    {
      "head": "late diagnoses",
      "relation": "increases_risk",
      "tail": "major complications",
      "properties": {}
    },
    {
      "head": "affected hemodynamic",
      "relation": "increases_risk",
      "tail": "major complications",
      "properties": {}
    },
    {
      "head": "organ mal perfusion",
      "relation": "increases_risk",
      "tail": "major complications",
      "properties": {}
    },
    {
      "head": "improved survival",
      "relation": "precedes",
      "tail": "new pathological challenges",
      "properties": {}
    },
    {
      "head": "acceptance of older donors with co morbidities",
      "relation": "precedes",
      "tail": "new pathological challenges",
      "properties": {}
    },
    {
      "head": "advances in HTx",
      "relation": "precedes",
      "tail": "new pathological challenges",
      "properties": {}
    },
    {
      "head": "lack of femoral access",
      "relation": "contraindicated_in",
      "tail": "standard endovascular access",
      "properties": {}
    },
    {
      "head": "trans-apical endovascular ascending aorta repair (EVAR)",
      "relation": "treats",
      "tail": "aortic pathology in zone 0",
      "properties": {}
    },
    {
      "head": "trans-apical endovascular ascending aorta repair (EVAR)",
      "relation": "monitors",
      "tail": "uneventful operative and post-operative EVAR course",
      "properties": {}
    }
  ]
}