{
  "entities": [
    {
      "name": "heart transplantation",
      "type": "surgical_procedure",
      "properties": {}
    },
    {
      "name": "heart transplant patients",
      "type": "recipient_characteristic",
      "properties": {}
    },
    {
      "name": "dynamic perfusion CT",
      "type": "medical_device",
      "properties": {}
    },
    {
      "name": "morphologic and functional imaging",
      "type": "monitoring_indicator",
      "properties": {}
    }
  ],
  "relations": [
    {
      "head": "dynamic perfusion CT",
      "relation": "monitors",
      "tail": "heart transplant patients",
      "properties": {}
    },
    {
      "head": "morphologic and functional imaging",
      "relation": "part_of",
      "tail": "dynamic perfusion CT",
      "properties": {}
    }
  ]
}