{
  "entities": [
    {
      "name": "vortex centrifugal pump",
      "type": "medical_device",
      "properties": {}
    },
    {
      "name": "ventricular assist device",
      "type": "medical_device",
      "properties": {}
    },
    {
      "name": "postcardiotomy",
      "type": "surgical_procedure",
      "properties": {}
    },
    {
      "name": "LVAD",
      "type": "medical_device",
      "properties": {}
    },
    {
      "name": "BIVAD",
      "type": "medical_device",
      "properties": {}
    },
    {
      "name": "RVAD",
      "type": "medical_device",
      "properties": {}
    },
    {
      "name": "orthotopic heart transplantation",
      "type": "surgical_procedure",
      "properties": {}
    },
    {
      "name": "ventricular function",
      "type": "recipient_characteristic",
      "properties": {}
    },
    {
      "name": "prior infection",
      "type": "risk_factor",
      "properties": {}
    },
    {
      "name": "successful transplantation",
      "type": "surgical_procedure",
      "properties": {}
    },
    {
      "name": "significant infection",
      "type": "contraindication",
      "properties": {}
    },
    {
      "name": "irreversible renal limitations",
      "type": "contraindication",
      "properties": {}
    },
    {
      "name": "irreversible neurologic limitations",
      "type": "contraindication",
      "properties": {}
    },
    {
      "name": "transplantation",
      "type": "surgical_procedure",
      "properties": {}
    }
  ],
  "relations": [
    {
      "head": "vortex centrifugal pump",
      "relation": "part_of",
      "tail": "ventricular assist device",
      "properties": {}
    },
    {
      "head": "ventricular assist device",
      "relation": "precedes",
      "tail": "orthotopic heart transplantation",
      "properties": {}
    },
    {
      "head": "prior infection",
      "relation": "causes",
      "tail": "succumb after successful transplantation",
      "properties": {}
    },
    {
      "head": "significant infection",
      "relation": "contraindicated_in",
      "tail": "transplantation",
      "properties": {}
    },
    {
      "head": "irreversible renal limitations",
      "relation": "contraindicated_in",
      "tail": "transplantation",
      "properties": {}
    },
    {
      "head": "irreversible neurologic limitations",
      "relation": "contraindicated_in",
      "tail": "transplantation",
      "properties": {}
    }
  ]
}