{
  "entities": [
    {
      "name": "heart transplantation",
      "type": "surgical_procedure",
      "properties": {}
    },
    {
      "name": "normothermic ex situ perfusion (ESHP)",
      "type": "monitoring_indicator",
      "properties": {}
    },
    {
      "name": "donor heart",
      "type": "donor_characteristic",
      "properties": {}
    },
    {
      "name": "left ventricular contractile function",
      "type": "recipient_characteristic",
      "properties": {}
    },
    {
      "name": "left ventricular end-systolic elastance (E (es))",
      "type": "monitoring_indicator",
      "properties": {}
    },
    {
      "name": "occlusion of the left atrium line",
      "type": "complication",
      "properties": {}
    },
    {
      "name": "unnecessary damage",
      "type": "complication",
      "properties": {}
    },
    {
      "name": "hemodynamic parameters",
      "type": "monitoring_indicator",
      "properties": {}
    },
    {
      "name": "steady-state PV loop",
      "type": "monitoring_indicator",
      "properties": {}
    },
    {
      "name": "end-systolic point (P (es), V (es))",
      "type": "monitoring_indicator",
      "properties": {}
    },
    {
      "name": "volume axis intercept point of E (es) (V (0))",
      "type": "monitoring_indicator",
      "properties": {}
    },
    {
      "name": "support vector machine regression (SVR) method",
      "type": "monitoring_indicator",
      "properties": {}
    },
    {
      "name": "filter-based support vector machine recursive feature elimination method (SVM-RFE) algorithm",
      "type": "monitoring_indicator",
      "properties": {}
    },
    {
      "name": "E (es) calculation model",
      "type": "monitoring_indicator",
      "properties": {}
    },
    {
      "name": "early post-transplantation outcomes",
      "type": "recipient_characteristic",
      "properties": {}
    },
    {
      "name": "early post-transplant cardiac index",
      "type": "recipient_characteristic",
      "properties": {}
    }
  ],
  "relations": [
    {
      "head": "normothermic ex situ perfusion (ESHP)",
      "relation": "monitors",
      "tail": "donor heart",
      "properties": {}
    },
    {
      "head": "left ventricular end-systolic elastance (E (es))",
      "relation": "monitors",
      "tail": "left ventricular contractile function",
      "properties": {}
    },
    {
      "head": "occlusion of the left atrium line",
      "relation": "causes",
      "tail": "unnecessary damage",
      "properties": {}
    },
    {
      "head": "hemodynamic parameters",
      "relation": "part_of",
      "tail": "steady-state PV loop",
      "properties": {}
    },
    {
      "head": "E (es) calculation model",
      "relation": "diagnostic_basis_for",
      "tail": "early post-transplantation outcomes",
      "properties": {
        "evidence_strength": "experimental study (n=6)",
        "statistical_data": "r = 0.84, p < 0.05"
      }
    },
    {
      "head": "E (es) calculation model",
      "relation": "diagnostic_basis_for",
      "tail": "early post-transplant cardiac index",
      "properties": {
        "evidence_strength": "experimental study (n=6)",
        "statistical_data": "r = 0.84, p < 0.05"
      }
    }
  ]
}