{
  "entities": [
    {
      "name": "intramyocardial hemorrhage",
      "type": "complication",
      "properties": {}
    },
    {
      "name": "microvascular obstruction",
      "type": "complication",
      "properties": {}
    },
    {
      "name": "myocardial infarction",
      "type": "complication",
      "properties": {}
    },
    {
      "name": "severe ischemia/reperfusion injury",
      "type": "complication",
      "properties": {}
    },
    {
      "name": "APT102",
      "type": "medication",
      "properties": {}
    },
    {
      "name": "human recombinant ecto-nucleoside triphosphate diphosphohydrolase-1",
      "type": "medication",
      "properties": {}
    },
    {
      "name": "cardiovascular magnetic resonance imaging",
      "type": "medical_device",
      "properties": {}
    },
    {
      "name": "left anterior descending coronary artery ligation",
      "type": "surgical_procedure",
      "properties": {}
    },
    {
      "name": "intravenous infusion",
      "type": "treatment_regimen",
      "properties": {}
    },
    {
      "name": "reperfusion",
      "type": "surgical_procedure",
      "properties": {}
    }
  ],
  "relations": [
    {
      "head": "intramyocardial hemorrhage",
      "relation": "part_of",
      "tail": "severe ischemia/reperfusion injury",
      "properties": {}
    },
    {
      "head": "microvascular obstruction",
      "relation": "part_of",
      "tail": "severe ischemia/reperfusion injury",
      "properties": {}
    },
    {
      "head": "myocardial infarction",
      "relation": "causes",
      "tail": "severe ischemia/reperfusion injury",
      "properties": {}
    },
    {
      "head": "APT102",
      "relation": "treats",
      "tail": "severe ischemia/reperfusion injury",
      "properties": {}
    },
    {
      "head": "APT102",
      "relation": "alleviates",
      "tail": "prothrombotic effects",
      "properties": {}
    },
    {
      "head": "APT102",
      "relation": "alleviates",
      "tail": "proinflammatory effects",
      "properties": {}
    },
    {
      "head": "cardiovascular magnetic resonance imaging",
      "relation": "monitors",
      "tail": "severe ischemia/reperfusion injury",
      "properties": {}
    },
    {
      "head": "left anterior descending coronary artery ligation",
      "relation": "precedes",
      "tail": "reperfusion",
      "properties": {}
    },
    {
      "head": "intravenous infusion",
      "relation": "part_of",
      "tail": "treatment_regimen",
      "properties": {}
    }
  ]
}