{
  "entities": [
    {
      "name": "Isovaleroylbinankadsurin A",
      "type": "medication",
      "properties": {}
    },
    {
      "name": "cardiac ischemia/reperfusion injury",
      "type": "complication",
      "properties": {}
    },
    {
      "name": "GR dependent RISK signaling",
      "type": "treatment_regimen",
      "properties": {}
    }
  ],
  "relations": [
    {
      "head": "Isovaleroylbinankadsurin A",
      "relation": "treats",
      "tail": "cardiac ischemia/reperfusion injury",
      "properties": {}
    },
    {
      "head": "Isovaleroylbinankadsurin A",
      "relation": "activates",
      "tail": "GR dependent RISK signaling",
      "properties": {}
    }
  ]
}