{
  "entities": [
    {
      "name": "Myocardial ischemia/reperfusion (MI/R) injury",
      "type": "complication",
      "properties": {}
    },
    {
      "name": "Oxypaeoniflorin (OPA)",
      "type": "medication",
      "properties": {}
    },
    {
      "name": "Paeonia veitchii Lynch",
      "type": "medication",
      "properties": {}
    },
    {
      "name": "coronary ligation",
      "type": "surgical_procedure",
      "properties": {}
    },
    {
      "name": "BALB/c mice",
      "type": "recipient_characteristic",
      "properties": {}
    },
    {
      "name": "hypoxia/reoxygenation (H/R) injury",
      "type": "complication",
      "properties": {}
    },
    {
      "name": "rat cardiomyocyte H9c2 cells",
      "type": "recipient_characteristic",
      "properties": {}
    },
    {
      "name": "Echocardiographic assessments",
      "type": "monitoring_indicator",
      "properties": {}
    },
    {
      "name": "ejection fraction (EF)",
      "type": "monitoring_indicator",
      "properties": {}
    },
    {
      "name": "fractional shortening (FS)",
      "type": "monitoring_indicator",
      "properties": {}
    },
    {
      "name": "enzyme-linked immunosorbent assay (ELISA)",
      "type": "diagnostic_criteria",
      "properties": {}
    },
    {
      "name": "creatine kinase (CK-MB)",
      "type": "monitoring_indicator",
      "properties": {}
    },
    {
      "name": "cardiac troponin I (cTnI)",
      "type": "monitoring_indicator",
      "properties": {}
    },
    {
      "name": "cardiac troponin T (cTnT)",
      "type": "monitoring_indicator",
      "properties": {}
    },
    {
      "name": "hematoxylin-eosin (HandE) staining",
      "type": "diagnostic_criteria",
      "properties": {}
    },
    {
      "name": "myocardial apoptosis",
      "type": "complication",
      "properties": {}
    },
    {
      "name": "necrosis",
      "type": "complication",
      "properties": {}
    },
    {
      "name": "cell counting kit-8 (CCK-8)",
      "type": "diagnostic_criteria",
      "properties": {}
    },
    {
      "name": "flow cytometry assays",
      "type": "diagnostic_criteria",
      "properties": {}
    },
    {
      "name": "apoptosis",
      "type": "complication",
      "properties": {}
    },
    {
      "name": "western blot assays",
      "type": "diagnostic_criteria",
      "properties": {}
    },
    {
      "name": "Sirt1 (silent information regulator factor 2 related enzyme 1)/Foxo1(forkhead transcription factor FKH)",
      "type": "monitoring_indicator",
      "properties": {}
    }
  ],
  "relations": [
    {
      "head": "Oxypaeoniflorin (OPA)",
      "relation": "alleviates",
      "tail": "Myocardial ischemia/reperfusion (MI/R) injury",
      "properties": {
        "evidence_strength": "experimental_study"
      }
    },
    {
      "head": "Oxypaeoniflorin (OPA)",
      "relation": "alleviates",
      "tail": "hypoxia/reoxygenation (H/R) injury",
      "properties": {
        "evidence_strength": "experimental_study"
      }
    },
    {
      "head": "Oxypaeoniflorin (OPA)",
      "relation": "alleviates",
      "tail": "disruption of cardiac function",
      "properties": {
        "evidence_strength": "experimental_study"
      }
    },
    {
      "head": "Oxypaeoniflorin (OPA)",
      "relation": "alleviates",
      "tail": "release of myocardial infarction-related factors",
      "properties": {
        "evidence_strength": "experimental_study"
      }
    },
    {
      "head": "Oxypaeoniflorin (OPA)",
      "relation": "alleviates",
      "tail": "myocardial apoptosis",
      "properties": {
        "evidence_strength": "experimental_study"
      }
    },
    {
      "head": "Oxypaeoniflorin (OPA)",
      "relation": "alleviates",
      "tail": "necrosis",
      "properties": {
        "evidence_strength": "experimental_study"
      }
    },
    {
      "head": "Oxypaeoniflorin (OPA)",
      "relation": "alleviates",
      "tail": "decrease in cell activity",
      "properties": {
        "evidence_strength": "experimental_study"
      }
    },
    {
      "head": "Oxypaeoniflorin (OPA)",
      "relation": "alleviates",
      "tail": "apoptosis",
      "properties": {
        "evidence_strength": "experimental_study"
      }
    },
    {
      "head": "coronary ligation",
      "relation": "precedes",
      "tail": "Myocardial ischemia/reperfusion (MI/R) injury",
      "properties": {}
    },
    {
      "head": "Echocardiographic assessments",
      "relation": "monitors",
      "tail": "ejection fraction (EF)",
      "properties": {}
    },
    {
      "head": "Echocardiographic assessments",
      "relation": "monitors",
      "tail": "fractional shortening (FS)",
      "properties": {}
    },
    {
      "head": "enzyme-linked immunosorbent assay (ELISA)",
      "relation": "monitors",
      "tail": "creatine kinase (CK-MB)",
      "properties": {}
    },
    {
      "head": "enzyme-linked immunosorbent assay (ELISA)",
      "relation": "monitors",
      "tail": "cardiac troponin I (cTnI)",
      "properties": {}
    },
    {
      "head": "enzyme-linked immunosorbent assay (ELISA)",
      "relation": "monitors",
      "tail": "cardiac troponin T (cTnT)",
      "properties": {}
    },
    {
      "head": "hematoxylin-eosin (HandE) staining",
      "relation": "diagnostic_basis_for",
      "tail": "myocardial apoptosis",
      "properties": {}
    },
    {
      "head": "hematoxylin-eosin (HandE) staining",
      "relation": "diagnostic_basis_for",
      "tail": "necrosis",
      "properties": {}
    },
    {
      "head": "cell counting kit-8 (CCK-8)",
      "relation": "monitors",
      "tail": "cell activity",
      "properties": {}
    },
    {
      "head": "flow cytometry assays",
      "relation": "monitors",
      "tail": "apoptosis",
      "properties": {}
    },
    {
      "head": "western blot assays",
      "relation": "monitors",
      "tail": "Sirt1/Foxo1 signaling pathway",
      "properties": {}
    },
    {
      "head": "Oxypaeoniflorin (OPA)",
      "relation": "part_of",
      "tail": "Paeonia veitchii Lynch",
      "properties": {}
    },
    {
      "head": "Oxypaeoniflorin (OPA)",
      "relation": "treats",
      "tail": "Myocardial ischemia/reperfusion (MI/R) injury",
      "properties": {
        "evidence_strength": "experimental_study"
      }
    }
  ]
}