{
  "entities": [
    {
      "name": "endovascular embolization",
      "type": "surgical_procedure",
      "properties": {}
    },
    {
      "name": "high-flow arteriovenous fistulae",
      "type": "complication",
      "properties": {}
    },
    {
      "name": "non-adhesive agents",
      "type": "medical_device",
      "properties": {}
    },
    {
      "name": "cerebral arteriovenous malformations",
      "type": "complication",
      "properties": {}
    },
    {
      "name": "adenosine-induced cardioplegia",
      "type": "treatment_regimen",
      "properties": {}
    },
    {
      "name": "adenosine triphosphate",
      "type": "medication",
      "properties": {}
    },
    {
      "name": "temporary cardiac arrest",
      "type": "complication",
      "properties": {}
    },
    {
      "name": "ONYX",
      "type": "medical_device",
      "properties": {}
    },
    {
      "name": "SQUID",
      "type": "medical_device",
      "properties": {}
    }
  ],
  "relations": [
    {
      "head": "endovascular embolization",
      "relation": "treats",
      "tail": "high-flow arteriovenous fistulae",
      "properties": {}
    },
    {
      "head": "endovascular embolization",
      "relation": "treats",
      "tail": "cerebral arteriovenous malformations",
      "properties": {}
    },
    {
      "head": "non-adhesive agents",
      "relation": "part_of",
      "tail": "endovascular embolization",
      "properties": {}
    },
    {
      "head": "adenosine-induced cardioplegia",
      "relation": "precedes",
      "tail": "endovascular embolization",
      "properties": {}
    },
    {
      "head": "adenosine triphosphate",
      "relation": "part_of",
      "tail": "adenosine-induced cardioplegia",
      "properties": {}
    },
    {
      "head": "adenosine triphosphate",
      "relation": "causes",
      "tail": "temporary cardiac arrest",
      "properties": {}
    },
    {
      "head": "ONYX",
      "relation": "part_of",
      "tail": "non-adhesive agents",
      "properties": {}
    },
    {
      "head": "SQUID",
      "relation": "part_of",
      "tail": "non-adhesive agents",
      "properties": {}
    }
  ]
}