{
  "entities": [
    {
      "name": "Baicalin",
      "type": "medication",
      "properties": {}
    },
    {
      "name": "myocardial ischaemia/reperfusion injury",
      "type": "complication",
      "properties": {}
    },
    {
      "name": "JAK/STAT pathway",
      "type": "risk_factor",
      "properties": {}
    },
    {
      "name": "macrophages polarization",
      "type": "monitoring_indicator",
      "properties": {}
    },
    {
      "name": "cardiac function",
      "type": "monitoring_indicator",
      "properties": {}
    },
    {
      "name": "echocardiography",
      "type": "diagnostic_criteria",
      "properties": {}
    },
    {
      "name": "HE staining",
      "type": "diagnostic_criteria",
      "properties": {}
    },
    {
      "name": "ELISA",
      "type": "diagnostic_criteria",
      "properties": {}
    },
    {
      "name": "flow cytometry",
      "type": "diagnostic_criteria",
      "properties": {}
    },
    {
      "name": "IHC",
      "type": "diagnostic_criteria",
      "properties": {}
    },
    {
      "name": "qRT-PCR",
      "type": "diagnostic_criteria",
      "properties": {}
    },
    {
      "name": "WB",
      "type": "diagnostic_criteria",
      "properties": {}
    },
    {
      "name": "iNOS",
      "type": "monitoring_indicator",
      "properties": {}
    },
    {
      "name": "IL-1beta",
      "type": "monitoring_indicator",
      "properties": {}
    },
    {
      "name": "IL-6",
      "type": "monitoring_indicator",
      "properties": {}
    },
    {
      "name": "Arg-1",
      "type": "monitoring_indicator",
      "properties": {}
    },
    {
      "name": "IL-10",
      "type": "monitoring_indicator",
      "properties": {}
    },
    {
      "name": "TGF-beta",
      "type": "monitoring_indicator",
      "properties": {}
    },
    {
      "name": "macrophage phenotype",
      "type": "monitoring_indicator",
      "properties": {}
    },
    {
      "name": "M1",
      "type": "monitoring_indicator",
      "properties": {}
    },
    {
      "name": "M2",
      "type": "monitoring_indicator",
      "properties": {}
    },
    {
      "name": "cardiac apoptosis",
      "type": "complication",
      "properties": {}
    },
    {
      "name": "neutrophil infiltration",
      "type": "complication",
      "properties": {}
    }
  ],
  "relations": [
    {
      "head": "Baicalin",
      "relation": "alleviates",
      "tail": "myocardial ischaemia/reperfusion injury",
      "properties": {}
    },
    {
      "head": "Baicalin",
      "relation": "inhibits",
      "tail": "JAK/STAT pathway",
      "properties": {}
    },
    {
      "head": "Baicalin",
      "relation": "regulates",
      "tail": "macrophages polarization",
      "properties": {}
    },
    {
      "head": "Baicalin",
      "relation": "improves",
      "tail": "cardiac function",
      "properties": {}
    },
    {
      "head": "Baicalin",
      "relation": "impedes",
      "tail": "cardiac apoptosis",
      "properties": {}
    },
    {
      "head": "Baicalin",
      "relation": "decreases",
      "tail": "iNOS",
      "properties": {}
    },
    {
      "head": "Baicalin",
      "relation": "decreases",
      "tail": "IL-1beta",
      "properties": {}
    },
    {
      "head": "Baicalin",
      "relation": "decreases",
      "tail": "IL-6",
      "properties": {}
    },
    {
      "head": "Baicalin",
      "relation": "up-regulates",
      "tail": "Arg-1",
      "properties": {}
    },
    {
      "head": "Baicalin",
      "relation": "up-regulates",
      "tail": "IL-10",
      "properties": {}
    },
    {
      "head": "Baicalin",
      "relation": "up-regulates",
      "tail": "TGF-beta",
      "properties": {}
    },
    {
      "head": "Baicalin",
      "relation": "changes",
      "tail": "macrophage phenotype",
      "properties": {}
    },
    {
      "head": "Baicalin",
      "relation": "reduces",
      "tail": "neutrophil infiltration",
      "properties": {}
    }
  ]
}