{
  "entities": [
    {
      "name": "MicroRNAs",
      "type": "medication",
      "properties": {}
    },
    {
      "name": "HMGB1",
      "type": "risk_factor",
      "properties": {}
    },
    {
      "name": "myocardial I/R injury",
      "type": "complication",
      "properties": {}
    },
    {
      "name": "miR-451",
      "type": "medication",
      "properties": {}
    },
    {
      "name": "CK",
      "type": "monitoring_indicator",
      "properties": {}
    },
    {
      "name": "LDH",
      "type": "monitoring_indicator",
      "properties": {}
    },
    {
      "name": "MDA",
      "type": "monitoring_indicator",
      "properties": {}
    },
    {
      "name": "SOD",
      "type": "monitoring_indicator",
      "properties": {}
    },
    {
      "name": "TTC staining",
      "type": "diagnostic_criteria",
      "properties": {}
    },
    {
      "name": "Evans Blue",
      "type": "diagnostic_criteria",
      "properties": {}
    },
    {
      "name": "TUNEL staining",
      "type": "diagnostic_criteria",
      "properties": {}
    },
    {
      "name": "cleaved-Caspase 3",
      "type": "diagnostic_criteria",
      "properties": {}
    },
    {
      "name": "real-time fluorescence quantitative PCR",
      "type": "diagnostic_criteria",
      "properties": {}
    },
    {
      "name": "Western Blotting",
      "type": "diagnostic_criteria",
      "properties": {}
    }
  ],
  "relations": [
    {
      "head": "HMGB1",
      "relation": "causes",
      "tail": "myocardial I/R injury",
      "properties": {
        "evidence_strength": "experimental_study"
      }
    },
    {
      "head": "miR-451",
      "relation": "alleviates",
      "tail": "myocardial I/R injury",
      "properties": {
        "p_value": "P<0.05",
        "evidence_strength": "experimental_study"
      }
    },
    {
      "head": "miR-451",
      "relation": "treats",
      "tail": "myocardial I/R injury",
      "properties": {
        "p_value": "P<0.05",
        "evidence_strength": "experimental_study"
      }
    },
    {
      "head": "miR-451",
      "relation": "alleviates",
      "tail": "infarcted areas",
      "properties": {
        "p_value": "P<0.05",
        "evidence_strength": "experimental_study"
      }
    },
    {
      "head": "miR-451",
      "relation": "alleviates",
      "tail": "cardiomyocytes apoptosis index",
      "properties": {
        "p_value": "P<0.05",
        "evidence_strength": "experimental_study"
      }
    },
    {
      "head": "miR-451",
      "relation": "alleviates",
      "tail": "expression of cleaved-caspase 3",
      "properties": {
        "p_value": "P<0.05",
        "evidence_strength": "experimental_study"
      }
    },
    {
      "head": "miR-451",
      "relation": "alleviates",
      "tail": "content of CK",
      "properties": {
        "p_value": "P<0.05",
        "evidence_strength": "experimental_study"
      }
    },
    {
      "head": "miR-451",
      "relation": "alleviates",
      "tail": "content of LDH",
      "properties": {
        "p_value": "P<0.05",
        "evidence_strength": "experimental_study"
      }
    },
    {
      "head": "miR-451",
      "relation": "alleviates",
      "tail": "increase of MDA",
      "properties": {
        "p_value": "P<0.05",
        "evidence_strength": "experimental_study"
      }
    },
    {
      "head": "miR-451",
      "relation": "alleviates",
      "tail": "decrease of SOD",
      "properties": {
        "p_value": "P<0.05",
        "evidence_strength": "experimental_study"
      }
    },
    {
      "head": "miR-451",
      "relation": "alleviates",
      "tail": "HMGB1",
      "properties": {
        "p_value": "P<0.05",
        "evidence_strength": "experimental_study"
      }
    },
    {
      "head": "TTC staining",
      "relation": "diagnostic_basis_for",
      "tail": "infarcted areas",
      "properties": {}
    },
    {
      "head": "Evans Blue",
      "relation": "diagnostic_basis_for",
      "tail": "infarcted areas",
      "properties": {}
    },
    {
      "head": "TUNEL staining",
      "relation": "diagnostic_basis_for",
      "tail": "apoptosis",
      "properties": {}
    },
    {
      "head": "cleaved-Caspase 3",
      "relation": "diagnostic_basis_for",
      "tail": "apoptosis",
      "properties": {}
    },
    {
      "head": "real-time fluorescence quantitative PCR",
      "relation": "monitors",
      "tail": "HMGB1",
      "properties": {}
    },
    {
      "head": "Western Blotting",
      "relation": "monitors",
      "tail": "HMGB1",
      "properties": {}
    }
  ]
}