{
  "entities": [
    {
      "name": "pregnancy complications",
      "type": "risk_factor",
      "properties": {}
    },
    {
      "name": "embryonic or fetal origin of cardiac dysfunction",
      "type": "complication",
      "properties": {}
    },
    {
      "name": "avian embryo",
      "type": "recipient_characteristic",
      "properties": {}
    },
    {
      "name": "suboptimal conditions during development",
      "type": "risk_factor",
      "properties": {}
    },
    {
      "name": "cardiac function of the offspring",
      "type": "monitoring_indicator",
      "properties": {}
    },
    {
      "name": "isolated Langendorff technique",
      "type": "monitoring_indicator",
      "properties": {}
    },
    {
      "name": "chicken embryo",
      "type": "recipient_characteristic",
      "properties": {}
    },
    {
      "name": "physiology of the developing heart",
      "type": "monitoring_indicator",
      "properties": {}
    },
    {
      "name": "H2S",
      "type": "medication",
      "properties": {}
    },
    {
      "name": "cardioprotection",
      "type": "treatment_regimen",
      "properties": {}
    }
  ],
  "relations": [
    {
      "head": "pregnancy complications",
      "relation": "causes",
      "tail": "embryonic or fetal origin of cardiac dysfunction",
      "properties": {}
    },
    {
      "head": "suboptimal conditions during development",
      "relation": "increases_risk",
      "tail": "cardiac function of the offspring",
      "properties": {}
    },
    {
      "head": "isolated Langendorff technique",
      "relation": "monitors",
      "tail": "physiology of the developing heart",
      "properties": {}
    },
    {
      "head": "H2S",
      "relation": "alleviates",
      "tail": "cardioprotection",
      "properties": {}
    }
  ]
}