{
  "entities": [
    {
      "name": "heart transplantation",
      "type": "surgical_procedure",
      "properties": {}
    },
    {
      "name": "severe primary graft dysfunction",
      "type": "complication",
      "properties": {}
    },
    {
      "name": "mechanical circulatory support",
      "type": "medical_device",
      "properties": {}
    },
    {
      "name": "mortality <30 days after transplant",
      "type": "complication",
      "properties": {}
    },
    {
      "name": "cardiac power output index",
      "type": "monitoring_indicator",
      "properties": {}
    },
    {
      "name": "donor-recipient predicted heart mass",
      "type": "donor_characteristic",
      "properties": {}
    },
    {
      "name": "inotrope score",
      "type": "monitoring_indicator",
      "properties": {}
    },
    {
      "name": "intensive care unit",
      "type": "monitoring_indicator",
      "properties": {}
    },
    {
      "name": "observational cohort study",
      "type": "diagnostic_criteria",
      "properties": {
        "evidence_strength": "cohort study"
      }
    }
  ],
  "relations": [
    {
      "head": "cardiac power output index",
      "relation": "monitors",
      "tail": "severe primary graft dysfunction",
      "properties": {
        "statistical_data": "areas under the receiver operating characteristic curve for CPOi at T0 and T6 for the development of severe PGD were 0.90 and 0"
      }
    },
    {
      "head": "cardiac power output index",
      "relation": "correlated",
      "tail": "donor-recipient predicted heart mass",
      "properties": {}
    },
    {
      "head": "cardiac power output index",
      "relation": "inversely correlated",
      "tail": "inotrope score",
      "properties": {}
    },
    {
      "head": "severe primary graft dysfunction",
      "relation": "part_of",
      "tail": "mechanical circulatory support",
      "properties": {}
    },
    {
      "head": "severe primary graft dysfunction",
      "relation": "part_of",
      "tail": "mortality <30 days after transplant",
      "properties": {}
    },
    {
      "head": "cardiac power output index",
      "relation": "precedes",
      "tail": "severe primary graft dysfunction",
      "properties": {
        "time_points": "T0 and T6"
      }
    }
  ]
}