{
  "entities": [
    {
      "name": "Mitochondrial Fusion Promoter",
      "type": "medication",
      "properties": {}
    },
    {
      "name": "Brain Damage",
      "type": "complication",
      "properties": {}
    },
    {
      "name": "Cardiac Ischemia/Reperfusion Injury",
      "type": "complication",
      "properties": {}
    },
    {
      "name": "Rats",
      "type": "recipient_characteristic",
      "properties": {
        "species": "Rat"
      }
    }
  ],
  "relations": [
    {
      "head": "Mitochondrial Fusion Promoter",
      "relation": "alleviates",
      "tail": "Brain Damage",
      "properties": {}
    },
    {
      "head": "Cardiac Ischemia/Reperfusion Injury",
      "relation": "causes",
      "tail": "Brain Damage",
      "properties": {}
    }
  ]
}