{
  "entities": [
    {
      "name": "right ventricular contractile reserve",
      "type": "monitoring_indicator",
      "properties": {}
    },
    {
      "name": "low-load exercise",
      "type": "monitoring_indicator",
      "properties": {}
    },
    {
      "name": "exercise intolerance",
      "type": "complication",
      "properties": {}
    },
    {
      "name": "heart failure",
      "type": "recipient_characteristic",
      "properties": {}
    }
  ],
  "relations": [
    {
      "head": "right ventricular contractile reserve",
      "relation": "monitors",
      "tail": "heart failure",
      "properties": {
        "context": "during low-load exercise"
      }
    },
    {
      "head": "right ventricular contractile reserve",
      "relation": "diagnostic_basis_for",
      "tail": "exercise intolerance",
      "properties": {
        "context": "Impact of ... on exercise intolerance in heart failure"
      }
    }
  ]
}