{
  "entities": [
    {
      "name": "myocardial ischemia-reperfusion (I/R) injury",
      "type": "complication",
      "properties": {}
    },
    {
      "name": "neuroinflammation",
      "type": "complication",
      "properties": {}
    },
    {
      "name": "light-emitting diode (LED) therapy",
      "type": "treatment_regimen",
      "properties": {}
    },
    {
      "name": "M2 microglia activation",
      "type": "monitoring_indicator",
      "properties": {}
    },
    {
      "name": "brain-derived neurotrophic factor (BDNF) expression",
      "type": "monitoring_indicator",
      "properties": {}
    }
  ],
  "relations": [
    {
      "head": "neuroinflammation",
      "relation": "part_of",
      "tail": "myocardial ischemia-reperfusion (I/R) injury",
      "properties": {}
    },
    {
      "head": "light-emitting diode (LED) therapy",
      "relation": "alleviates",
      "tail": "myocardial ischemia-reperfusion (I/R) injury",
      "properties": {}
    },
    {
      "head": "light-emitting diode (LED) therapy",
      "relation": "monitors",
      "tail": "M2 microglia activation",
      "properties": {}
    },
    {
      "head": "light-emitting diode (LED) therapy",
      "relation": "monitors",
      "tail": "brain-derived neurotrophic factor (BDNF) expression",
      "properties": {}
    }
  ]
}