{
  "entities": [
    {
      "name": "heart transplantation",
      "type": "surgical_procedure",
      "properties": {}
    },
    {
      "name": "post-transplant lymphoproliferative disorders (PTLD)",
      "type": "complication",
      "properties": {}
    },
    {
      "name": "Epstein-Barr virus (EBV)",
      "type": "risk_factor",
      "properties": {}
    },
    {
      "name": "chimeric antigen receptor (CAR) T-cell therapy",
      "type": "treatment_regimen",
      "properties": {}
    },
    {
      "name": "refractory PTLD",
      "type": "complication",
      "properties": {}
    },
    {
      "name": "right retroperitoneum",
      "type": "recipient_characteristic",
      "properties": {}
    },
    {
      "name": "right inguinal and iliac chains",
      "type": "recipient_characteristic",
      "properties": {}
    },
    {
      "name": "right axillary region",
      "type": "recipient_characteristic",
      "properties": {}
    },
    {
      "name": "immunosuppression",
      "type": "medication",
      "properties": {}
    },
    {
      "name": "rejection",
      "type": "complication",
      "properties": {}
    },
    {
      "name": "life-supporting graft",
      "type": "medical_device",
      "properties": {}
    },
    {
      "name": "heart",
      "type": "monitoring_indicator",
      "properties": {}
    }
  ],
  "relations": [
    {
      "head": "Epstein-Barr virus (EBV)",
      "relation": "increases_risk",
      "tail": "post-transplant lymphoproliferative disorders (PTLD)",
      "properties": {}
    },
    {
      "head": "heart transplantation",
      "relation": "precedes",
      "tail": "refractory PTLD",
      "properties": {}
    },
    {
      "head": "chimeric antigen receptor (CAR) T-cell therapy",
      "relation": "treats",
      "tail": "post-transplant lymphoproliferative disorders (PTLD)",
      "properties": {}
    },
    {
      "head": "discontinuation of immunosuppression",
      "relation": "increases_risk",
      "tail": "rejection",
      "properties": {}
    },
    {
      "head": "heart",
      "relation": "monitors",
      "tail": "chimeric antigen receptor (CAR) T-cell therapy",
      "properties": {}
    }
  ]
}