{
  "entities": [
    {
      "name": "Tissue engineering",
      "type": "treatment_regimen",
      "properties": {}
    },
    {
      "name": "small vessels",
      "type": "medical_device",
      "properties": {}
    },
    {
      "name": "vascular grafts",
      "type": "medical_device",
      "properties": {}
    },
    {
      "name": "central vessel",
      "type": "medical_device",
      "properties": {}
    },
    {
      "name": "decellularization",
      "type": "surgical_procedure",
      "properties": {}
    },
    {
      "name": "porcine vessels",
      "type": "donor_characteristic",
      "properties": {}
    },
    {
      "name": "non-detergent based protocol",
      "type": "treatment_regimen",
      "properties": {}
    },
    {
      "name": "Perfusion-decellularization",
      "type": "surgical_procedure",
      "properties": {}
    },
    {
      "name": "sodium hydroxide solution",
      "type": "medication",
      "properties": {}
    },
    {
      "name": "cellular material",
      "type": "donor_characteristic",
      "properties": {}
    },
    {
      "name": "structural and mechanical integrity",
      "type": "monitoring_indicator",
      "properties": {}
    },
    {
      "name": "re-endothelialization",
      "type": "surgical_procedure",
      "properties": {}
    },
    {
      "name": "human umbilical vein endothelial cells",
      "type": "donor_characteristic",
      "properties": {}
    },
    {
      "name": "cardiac endothelial cells",
      "type": "donor_characteristic",
      "properties": {}
    },
    {
      "name": "rotation-based seeding",
      "type": "surgical_procedure",
      "properties": {}
    },
    {
      "name": "bioreactor",
      "type": "medical_device",
      "properties": {}
    }
  ],
  "relations": [
    {
      "head": "Tissue engineering",
      "relation": "treats",
      "tail": "diseased organs",
      "properties": {}
    },
    {
      "head": "small vessels",
      "relation": "part_of",
      "tail": "vascular grafts",
      "properties": {}
    },
    {
      "head": "small vessels",
      "relation": "part_of",
      "tail": "central vessel",
      "properties": {}
    },
    {
      "head": "decellularization",
      "relation": "precedes",
      "tail": "re-endothelialization",
      "properties": {}
    },
    {
      "head": "non-detergent based protocol",
      "relation": "prerequisite_of",
      "tail": "decellularization",
      "properties": {}
    },
    {
      "head": "Perfusion-decellularization",
      "relation": "treats",
      "tail": "porcine vessels",
      "properties": {}
    },
    {
      "head": "sodium hydroxide solution",
      "relation": "part_of",
      "tail": "Perfusion-decellularization",
      "properties": {}
    },
    {
      "head": "Perfusion-decellularization",
      "relation": "alleviates",
      "tail": "cellular material",
      "properties": {}
    },
    {
      "head": "Perfusion-decellularization",
      "relation": "monitors",
      "tail": "structural and mechanical integrity",
      "properties": {}
    },
    {
      "head": "re-endothelialization",
      "relation": "treats",
      "tail": "retrieved matrix",
      "properties": {}
    },
    {
      "head": "human umbilical vein endothelial cells",
      "relation": "part_of",
      "tail": "re-endothelialization",
      "properties": {}
    },
    {
      "head": "cardiac endothelial cells",
      "relation": "part_of",
      "tail": "re-endothelialization",
      "properties": {}
    },
    {
      "head": "rotation-based seeding",
      "relation": "part_of",
      "tail": "re-endothelialization",
      "properties": {}
    },
    {
      "head": "bioreactor",
      "relation": "part_of",
      "tail": "rotation-based seeding",
      "properties": {}
    }
  ]
}