{
  "entities": [
    {
      "name": "mitochondrial electron transport chain (ETC)",
      "type": "medical_device",
      "properties": {}
    },
    {
      "name": "reactive oxygen species (ROS)",
      "type": "risk_factor",
      "properties": {}
    },
    {
      "name": "mitochondrial permeability transition pore (MPTP)",
      "type": "medical_device",
      "properties": {}
    },
    {
      "name": "endoplasmic reticulum (ER) stress",
      "type": "risk_factor",
      "properties": {}
    },
    {
      "name": "calpains",
      "type": "risk_factor",
      "properties": {}
    },
    {
      "name": "ischemia-reperfusion injury",
      "type": "complication",
      "properties": {}
    },
    {
      "name": "oxidative stress",
      "type": "risk_factor",
      "properties": {}
    }
  ],
  "relations": [
    {
      "head": "Aging",
      "relation": "increases_risk",
      "tail": "mitochondrial electron transport chain (ETC) dysfunction",
      "properties": {}
    },
    {
      "head": "Aging",
      "relation": "increases_risk",
      "tail": "endoplasmic reticulum (ER) stress",
      "properties": {}
    },
    {
      "head": "endoplasmic reticulum (ER) stress",
      "relation": "increases_risk",
      "tail": "mitochondrial dysfunction",
      "properties": {}
    },
    {
      "head": "reactive oxygen species (ROS)",
      "relation": "increases_risk",
      "tail": "oxidative stress",
      "properties": {}
    },
    {
      "head": "oxidative stress",
      "relation": "increases_risk",
      "tail": "ischemia-reperfusion injury",
      "properties": {}
    },
    {
      "head": "oxidative stress",
      "relation": "increases_risk",
      "tail": "mitochondrial permeability transition pore (MPTP) opening",
      "properties": {}
    },
    {
      "head": "calpains",
      "relation": "increases_risk",
      "tail": "mitochondrial dysfunction",
      "properties": {}
    },
    {
      "head": "mitochondrial dysfunction",
      "relation": "increases_risk",
      "tail": "mitochondrial electron transport chain (ETC) dysfunction",
      "properties": {}
    }
  ]
}