{
  "entities": [
    {
      "name": "Ventricular assist devices",
      "type": "medical_device",
      "properties": {}
    },
    {
      "name": "heart transplantation",
      "type": "surgical_procedure",
      "properties": {}
    },
    {
      "name": "refractory heart failure",
      "type": "recipient_characteristic",
      "properties": {}
    },
    {
      "name": "HVAD",
      "type": "medical_device",
      "properties": {}
    },
    {
      "name": "log files",
      "type": "monitoring_indicator",
      "properties": {}
    }
  ],
  "relations": [
    {
      "head": "Ventricular assist devices",
      "relation": "treats",
      "tail": "refractory heart failure",
      "properties": {}
    },
    {
      "head": "Ventricular assist devices",
      "relation": "precedes",
      "tail": "heart transplantation",
      "properties": {}
    },
    {
      "head": "log files",
      "relation": "part_of",
      "tail": "Ventricular assist devices",
      "properties": {}
    },
    {
      "head": "log files",
      "relation": "monitors",
      "tail": "HVAD",
      "properties": {}
    }
  ]
}