{
  "entities": [
    {
      "name": "small donor hearts",
      "type": "donor_characteristic",
      "properties": {}
    },
    {
      "name": "large recipients",
      "type": "recipient_characteristic",
      "properties": {}
    },
    {
      "name": "orthotopically transplanted",
      "type": "surgical_procedure",
      "properties": {}
    },
    {
      "name": "D-R heart weight ratio",
      "type": "donor_characteristic",
      "properties": {
        "range": "0.47 to 1.78"
      }
    },
    {
      "name": "Group I",
      "type": "recipient_characteristic",
      "properties": {
        "D-R heart weight ratio": "0.8 or above",
        "mean": "1.11",
        "successful transplantation rate": "57%"
      }
    },
    {
      "name": "Group II",
      "type": "recipient_characteristic",
      "properties": {
        "D-R heart weight ratio": "less than 0.8",
        "mean": "0.67",
        "successful transplantation rate": "81%"
      }
    },
    {
      "name": "left atrial pressure (LAP)",
      "type": "monitoring_indicator",
      "properties": {
        "normal range": "10 to 15 mmHg"
      }
    },
    {
      "name": "cardiac output (CO)",
      "type": "monitoring_indicator",
      "properties": {}
    },
    {
      "name": "heart rate",
      "type": "monitoring_indicator",
      "properties": {}
    }
  ],
  "relations": [
    {
      "head": "small donor hearts",
      "relation": "part_of",
      "tail": "orthotopically transplanted",
      "properties": {}
    },
    {
      "head": "large recipients",
      "relation": "part_of",
      "tail": "orthotopically transplanted",
      "properties": {}
    },
    {
      "head": "D-R heart weight ratio",
      "relation": "monitors",
      "tail": "successful transplantation rate",
      "properties": {
        "Group I": "57%",
        "Group II": "81%"
      }
    },
    {
      "head": "left atrial pressure (LAP)",
      "relation": "monitors",
      "tail": "cardiac function",
      "properties": {
        "range": "10 to 15 mmHg"
      }
    },
    {
      "head": "heart rate",
      "relation": "increases_risk",
      "tail": "cardiac output (CO)",
      "properties": {}
    }
  ]
}