{
  "entities": [
    {
      "name": "coronary artery bypass grafting",
      "type": "surgical_procedure",
      "properties": {}
    },
    {
      "name": "resting myocardial blood flow",
      "type": "monitoring_indicator",
      "properties": {}
    },
    {
      "name": "13 N-Ammonia PET",
      "type": "medical_device",
      "properties": {}
    },
    {
      "name": "left ventricular ejection fraction",
      "type": "monitoring_indicator",
      "properties": {}
    },
    {
      "name": "coronary artery disease",
      "type": "risk_factor",
      "properties": {}
    },
    {
      "name": "chronic LVEF < 45%",
      "type": "recipient_characteristic",
      "properties": {}
    },
    {
      "name": "18F-FDG PET",
      "type": "medical_device",
      "properties": {}
    },
    {
      "name": "perfusion/metabolism polar maps",
      "type": "diagnostic_criteria",
      "properties": {}
    },
    {
      "name": "normal",
      "type": "diagnostic_criteria",
      "properties": {}
    },
    {
      "name": "mismatch",
      "type": "diagnostic_criteria",
      "properties": {}
    },
    {
      "name": "match",
      "type": "diagnostic_criteria",
      "properties": {}
    },
    {
      "name": "reverse mismatch",
      "type": "diagnostic_criteria",
      "properties": {}
    },
    {
      "name": "viable myocardium",
      "type": "diagnostic_criteria",
      "properties": {}
    },
    {
      "name": "post CABG improvement of LVEF≥8%",
      "type": "monitoring_indicator",
      "properties": {}
    },
    {
      "name": "receiver operating characteristic curves",
      "type": "diagnostic_criteria",
      "properties": {}
    },
    {
      "name": "DeltaLVEF post CABG",
      "type": "monitoring_indicator",
      "properties": {}
    }
  ],
  "relations": [
    {
      "head": "resting myocardial blood flow",
      "relation": "diagnostic_basis_for",
      "tail": "myocardial viability",
      "properties": {
        "evidence_strength": "cohort study"
      }
    },
    {
      "head": "resting myocardial blood flow",
      "relation": "diagnostic_basis_for",
      "tail": "improvement of left ventricular ejection fraction after coronary artery bypass grafting",
      "properties": {
        "evidence_strength": "cohort study"
      }
    },
    {
      "head": "13 N-Ammonia PET",
      "relation": "monitors",
      "tail": "resting myocardial blood flow",
      "properties": {
        "evidence_strength": "cohort study"
      }
    },
    {
      "head": "coronary artery disease",
      "relation": "prerequisite_of",
      "tail": "coronary artery bypass grafting",
      "properties": {
        "evidence_strength": "cohort study"
      }
    },
    {
      "head": "perfusion/metabolism polar maps",
      "relation": "diagnostic_basis_for",
      "tail": "viable myocardium",
      "properties": {
        "evidence_strength": "cohort study"
      }
    },
    {
      "head": "receiver operating characteristic curves",
      "relation": "diagnostic_basis_for",
      "tail": "viable myocardium",
      "properties": {
        "evidence_strength": "cohort study"
      }
    },
    {
      "head": "receiver operating characteristic curves",
      "relation": "diagnostic_basis_for",
      "tail": "post CABG improvement of LVEF≥8%",
      "properties": {
        "evidence_strength": "cohort study"
      }
    },
    {
      "head": "resting myocardial blood flow",
      "relation": "precedes",
      "tail": "DeltaLVEF post CABG",
      "properties": {
        "evidence_strength": "cohort study",
        "statistical_data": "P<0.001"
      }
    }
  ]
}