{
  "entities": [
    {
      "name": "cyclosporine A",
      "type": "medication",
      "properties": {}
    },
    {
      "name": "endomyocardial biopsies",
      "type": "monitoring_indicator",
      "properties": {}
    },
    {
      "name": "liquid chromatography tandem mass spectrometry method",
      "type": "medical_device",
      "properties": {}
    }
  ],
  "relations": [
    {
      "head": "liquid chromatography tandem mass spectrometry method",
      "relation": "monitors",
      "tail": "cyclosporine A concentrations",
      "properties": {}
    },
    {
      "head": "cyclosporine A concentrations",
      "relation": "part_of",
      "tail": "endomyocardial biopsies",
      "properties": {}
    }
  ]
}