{
  "entities": [
    {
      "name": "Predicted heart mass (PHM) equations",
      "type": "monitoring_indicator",
      "properties": {
        "evidence_strength": "cohort study"
      }
    },
    {
      "name": "size matching in heart transplantation",
      "type": "surgical_procedure",
      "properties": {
        "evidence_strength": "cohort study"
      }
    },
    {
      "name": "donor-recipient size mismatch",
      "type": "risk_factor",
      "properties": {
        "evidence_strength": "cohort study"
      }
    },
    {
      "name": "undersized organs",
      "type": "risk_factor",
      "properties": {
        "evidence_strength": "cohort study",
        "statistical_data": "HR 1.31, 95% CI 1.03-1.67, p = .03"
      }
    },
    {
      "name": "1-year survival post-heart transplantation",
      "type": "monitoring_indicator",
      "properties": {
        "evidence_strength": "cohort study"
      }
    },
    {
      "name": "oversizing",
      "type": "donor_characteristic",
      "properties": {
        "evidence_strength": "cohort study",
        "statistical_data": "HR 0.99, 95% CI 0.78-1.26, p = .96"
      }
    },
    {
      "name": "Gender mismatching",
      "type": "risk_factor",
      "properties": {
        "evidence_strength": "cohort study",
        "statistical_data": "HR 1.12, 95% CI 0.86-1.47, p = .4"
      }
    },
    {
      "name": "pulmonary hypertension",
      "type": "contraindication",
      "properties": {
        "evidence_strength": "cohort study"
      }
    },
    {
      "name": "undersizing by PHM",
      "type": "risk_factor",
      "properties": {
        "evidence_strength": "cohort study",
        "statistical_data": "HR 0.95, 95% CI 0.61-1.49, p = .83"
      }
    },
    {
      "name": "heart transplantation",
      "type": "surgical_procedure",
      "properties": {
        "evidence_strength": "cohort study"
      }
    }
  ],
  "relations": [
    {
      "head": "Predicted heart mass (PHM) equations",
      "relation": "monitors",
      "tail": "size matching in heart transplantation",
      "properties": {
        "evidence_strength": "cohort study"
      }
    },
    {
      "head": "donor-recipient size mismatch",
      "relation": "increases_risk",
      "tail": "reduced 1-year survival",
      "properties": {
        "evidence_strength": "cohort study",
        "statistical_data": "HR 1.31, 95% CI 1.03-1.67, p = .03"
      }
    },
    {
      "head": "undersized organs",
      "relation": "increases_risk",
      "tail": "reduced 1-year survival",
      "properties": {
        "evidence_strength": "cohort study",
        "statistical_data": "HR 1.31, 95% CI 1.03-1.67, p = .03"
      }
    },
    {
      "head": "oversizing",
      "relation": "has no impact on",
      "tail": "survival",
      "properties": {
        "evidence_strength": "cohort study",
        "statistical_data": "HR 0.99, 95% CI 0.78-1.26, p = .96"
      }
    },
    {
      "head": "Gender mismatching",
      "relation": "has no impact on",
      "tail": "survival",
      "properties": {
        "evidence_strength": "cohort study",
        "statistical_data": "HR 1.12, 95% CI 0.86-1.47, p = .4"
      }
    },
    {
      "head": "pulmonary hypertension",
      "relation": "contraindicated_in",
      "tail": "undersizing by PHM",
      "properties": {
        "evidence_strength": "cohort study"
      }
    },
    {
      "head": "undersizing by PHM",
      "relation": "has no impact on",
      "tail": "1-year survival",
      "properties": {
        "evidence_strength": "cohort study",
        "statistical_data": "HR 0.95, 95% CI 0.61-1.49, p = .83",
        "condition": "in recipients without pulmonary hypertension"
      }
    }
  ]
}