{
  "entities": [
    {
      "name": "heart transplant",
      "type": "surgical_procedure",
      "properties": {}
    },
    {
      "name": "donor age",
      "type": "donor_characteristic",
      "properties": {}
    },
    {
      "name": "total ischemia time",
      "type": "donor_characteristic",
      "properties": {}
    },
    {
      "name": "primary graft dysfunction",
      "type": "complication",
      "properties": {
        "p_value": "0.02"
      }
    },
    {
      "name": "perioperative neurological events",
      "type": "complication",
      "properties": {
        "p_value": "0.04"
      }
    },
    {
      "name": "intensive care unit stay",
      "type": "monitoring_indicator",
      "properties": {}
    },
    {
      "name": "hospital stay",
      "type": "monitoring_indicator",
      "properties": {}
    },
    {
      "name": "perioperative bleeding",
      "type": "complication",
      "properties": {}
    },
    {
      "name": "renal failure",
      "type": "complication",
      "properties": {}
    },
    {
      "name": "30-day survival",
      "type": "monitoring_indicator",
      "properties": {
        "rate_young_short": "97%",
        "rate_young_long": "91%"
      }
    }
  ],
  "relations": [
    {
      "head": "total ischemia time",
      "relation": "increases_risk",
      "tail": "primary graft dysfunction",
      "properties": {
        "p_value": "0.02",
        "evidence_strength": "retrospective cohort study"
      }
    },
    {
      "head": "total ischemia time",
      "relation": "increases_risk",
      "tail": "perioperative neurological events",
      "properties": {
        "p_value": "0.04",
        "evidence_strength": "retrospective cohort study"
      }
    }
  ]
}