{
  "entities": [
    {
      "name": "heart transplantation",
      "type": "surgical_procedure",
      "properties": {}
    },
    {
      "name": "right ventricular undersizing",
      "type": "risk_factor",
      "properties": {}
    },
    {
      "name": "1-year mortality",
      "type": "complication",
      "properties": {}
    },
    {
      "name": "right ventricular failure",
      "type": "complication",
      "properties": {}
    },
    {
      "name": "weight matching",
      "type": "monitoring_indicator",
      "properties": {}
    },
    {
      "name": "total ventricular mass",
      "type": "monitoring_indicator",
      "properties": {}
    },
    {
      "name": "RV mass",
      "type": "monitoring_indicator",
      "properties": {}
    },
    {
      "name": "RVM matching",
      "type": "monitoring_indicator",
      "properties": {}
    },
    {
      "name": "UNOS database",
      "type": "medical_device",
      "properties": {
        "evidence_strength": "retrospective analysis"
      }
    }
  ],
  "relations": [
    {
      "head": "right ventricular undersizing",
      "relation": "increases_risk",
      "tail": "1-year mortality",
      "properties": {}
    },
    {
      "head": "right ventricular failure",
      "relation": "part_of",
      "tail": "post-heart transplantation complications",
      "properties": {}
    },
    {
      "head": "weight matching",
      "relation": "precedes",
      "tail": "heart transplantation",
      "properties": {}
    },
    {
      "head": "total ventricular mass",
      "relation": "monitors",
      "tail": "size matching",
      "properties": {}
    },
    {
      "head": "RV mass",
      "relation": "monitors",
      "tail": "RVM matching",
      "properties": {}
    },
    {
      "head": "RVM matching",
      "relation": "monitors",
      "tail": "survival after heart transplantation",
      "properties": {}
    }
  ]
}