{
  "entities": [
    {
      "name": "cardiopulmonary bypass",
      "type": "medical_device",
      "properties": {}
    },
    {
      "name": "oxygen delivery",
      "type": "monitoring_indicator",
      "properties": {}
    },
    {
      "name": "Society of Thoracic Surgeons index procedures",
      "type": "surgical_procedure",
      "properties": {}
    },
    {
      "name": "electronic perfusion record",
      "type": "medical_device",
      "properties": {}
    },
    {
      "name": "flow parameters",
      "type": "monitoring_indicator",
      "properties": {}
    },
    {
      "name": "area-over-the-curve calculations",
      "type": "diagnostic_criteria",
      "properties": {}
    },
    {
      "name": "morbidity",
      "type": "complication",
      "properties": {}
    },
    {
      "name": "mortality",
      "type": "complication",
      "properties": {}
    }
  ],
  "relations": [
    {
      "head": "oxygen delivery",
      "relation": "monitors",
      "tail": "cardiopulmonary bypass",
      "properties": {}
    },
    {
      "head": "electronic perfusion record",
      "relation": "monitors",
      "tail": "oxygen delivery",
      "properties": {}
    },
    {
      "head": "electronic perfusion record",
      "relation": "monitors",
      "tail": "flow parameters",
      "properties": {}
    },
    {
      "head": "area-over-the-curve calculations",
      "relation": "diagnostic_basis_for",
      "tail": "oxygen delivery",
      "properties": {}
    },
    {
      "head": "oxygen delivery",
      "relation": "monitors",
      "tail": "Society of Thoracic Surgeons index procedures",
      "properties": {}
    },
    {
      "head": "low oxygen delivery",
      "relation": "increases_risk",
      "tail": "morbidity",
      "properties": {
        "evidence_strength": "cohort study"
      }
    },
    {
      "head": "low oxygen delivery",
      "relation": "increases_risk",
      "tail": "mortality",
      "properties": {
        "evidence_strength": "cohort study"
      }
    }
  ]
}