{
  "entities": [
    {
      "name": "Heart donation",
      "type": "surgical_procedure",
      "properties": {}
    },
    {
      "name": "transplantation",
      "type": "surgical_procedure",
      "properties": {}
    },
    {
      "name": "circulatory determination of death",
      "type": "donor_characteristic",
      "properties": {}
    },
    {
      "name": "Canadian consensus building process",
      "type": "diagnostic_criteria",
      "properties": {}
    }
  ],
  "relations": [
    {
      "head": "circulatory determination of death",
      "relation": "prerequisite_of",
      "tail": "Heart donation",
      "properties": {}
    },
    {
      "head": "circulatory determination of death",
      "relation": "prerequisite_of",
      "tail": "transplantation",
      "properties": {}
    },
    {
      "head": "Canadian consensus building process",
      "relation": "diagnostic_basis_for",
      "tail": "Heart donation",
      "properties": {}
    },
    {
      "head": "Canadian consensus building process",
      "relation": "diagnostic_basis_for",
      "tail": "transplantation",
      "properties": {}
    }
  ]
}