{
  "entities": [
    {
      "name": "Respiratory dyssynchrony",
      "type": "risk_factor",
      "properties": {}
    },
    {
      "name": "hypertrophic non-obstructive cardiomyopathy",
      "type": "recipient_characteristic",
      "properties": {}
    },
    {
      "name": "chronic heart failure patients with reduced ejection fraction",
      "type": "recipient_characteristic",
      "properties": {}
    },
    {
      "name": "heart failure and preserved ejection fraction",
      "type": "recipient_characteristic",
      "properties": {}
    },
    {
      "name": "reduced breathing efficiency",
      "type": "risk_factor",
      "properties": {}
    },
    {
      "name": "Exercise oscillatory ventilation",
      "type": "risk_factor",
      "properties": {}
    }
  ],
  "relations": [
    {
      "head": "Respiratory dyssynchrony",
      "relation": "increases_risk",
      "tail": "hypertrophic non-obstructive cardiomyopathy",
      "properties": {
        "evidence_strength": "cohort study"
      }
    },
    {
      "head": "reduced breathing efficiency",
      "relation": "increases_risk",
      "tail": "chronic heart failure patients with reduced ejection fraction",
      "properties": {
        "evidence_strength": "cohort study"
      }
    },
    {
      "head": "Exercise oscillatory ventilation",
      "relation": "increases_risk",
      "tail": "chronic heart failure patients with reduced ejection fraction",
      "properties": {
        "evidence_strength": "cohort study"
      }
    }
  ]
}