{
  "entities": [
    {
      "name": "human induced pluripotent stem cell-derived cardiomyocytes",
      "type": "medical_device",
      "properties": {}
    },
    {
      "name": "three-dimensional cardiac tissue",
      "type": "medical_device",
      "properties": {}
    },
    {
      "name": "fibronectin",
      "type": "medical_device",
      "properties": {}
    },
    {
      "name": "myocardial infarction rat model",
      "type": "recipient_characteristic",
      "properties": {}
    },
    {
      "name": "ischemic heart failure",
      "type": "recipient_characteristic",
      "properties": {}
    },
    {
      "name": "hypoxia",
      "type": "risk_factor",
      "properties": {}
    },
    {
      "name": "cell viability assay",
      "type": "monitoring_indicator",
      "properties": {}
    },
    {
      "name": "lactate dehydrogenase assay",
      "type": "monitoring_indicator",
      "properties": {}
    },
    {
      "name": "heart function",
      "type": "monitoring_indicator",
      "properties": {}
    },
    {
      "name": "histology",
      "type": "monitoring_indicator",
      "properties": {}
    },
    {
      "name": "transplantation",
      "type": "surgical_procedure",
      "properties": {}
    },
    {
      "name": "sham surgery",
      "type": "surgical_procedure",
      "properties": {}
    },
    {
      "name": "left vent",
      "type": "monitoring_indicator",
      "properties": {}
    },
    {
      "name": "extracellular matrix remodeling",
      "type": "treatment_regimen",
      "properties": {}
    },
    {
      "name": "cardiac protein phenotype remodeling",
      "type": "treatment_regimen",
      "properties": {}
    }
  ],
  "relations": [
    {
      "head": "fibronectin",
      "relation": "part_of",
      "tail": "extracellular matrix protein",
      "properties": {}
    },
    {
      "head": "coating",
      "relation": "treats",
      "tail": "human induced pluripotent stem cell-derived cardiomyocytes",
      "properties": {}
    },
    {
      "head": "fibronectin-coated hiPSC-CMs",
      "relation": "alleviates",
      "tail": "hypoxia",
      "properties": {
        "evidence_strength": "in vitro study"
      }
    },
    {
      "head": "three-dimensional-hiPSC cardiac tissues",
      "relation": "treats",
      "tail": "myocardial infarction rat model",
      "properties": {
        "evidence_strength": "in vivo study",
        "sample_size": "n=10"
      }
    },
    {
      "head": "transplantation",
      "relation": "precedes",
      "tail": "heart function analysis",
      "properties": {
        "time_interval": "4 weeks"
      }
    },
    {
      "head": "transplantation",
      "relation": "precedes",
      "tail": "histology analysis",
      "properties": {
        "time_interval": "4 weeks"
      }
    },
    {
      "head": "human induced pluripotent stem cell-derived three-dimensional cardiomyocyte tissues",
      "relation": "alleviates",
      "tail": "rat ischemic myocardium",
      "properties": {}
    },
    {
      "head": "human induced pluripotent stem cell-derived three-dimensional cardiomyocyte tissues",
      "relation": "monitors",
      "tail": "extracellular matrix remodeling",
      "properties": {}
    },
    {
      "head": "human induced pluripotent stem cell-derived three-dimensional cardiomyocyte tissues",
      "relation": "monitors",
      "tail": "cardiac protein phenotype remodeling",
      "properties": {}
    }
  ]
}