{
  "entities": [
    {
      "name": "myocardial ischemia/reperfusion injury",
      "type": "complication",
      "properties": {}
    },
    {
      "name": "apoptosis",
      "type": "complication",
      "properties": {}
    },
    {
      "name": "autophagy",
      "type": "complication",
      "properties": {}
    },
    {
      "name": "Cellular FADD-like IL-1beta-converting enzyme-inhibitory protein",
      "type": "medication",
      "properties": {}
    }
  ],
  "relations": [
    {
      "head": "Cellular FADD-like IL-1beta-converting enzyme-inhibitory protein",
      "relation": "alleviates",
      "tail": "myocardial ischemia/reperfusion injury",
      "properties": {}
    },
    {
      "head": "Cellular FADD-like IL-1beta-converting enzyme-inhibitory protein",
      "relation": "alleviates",
      "tail": "apoptosis",
      "properties": {}
    },
    {
      "head": "Cellular FADD-like IL-1beta-converting enzyme-inhibitory protein",
      "relation": "alleviates",
      "tail": "autophagy",
      "properties": {}
    }
  ]
}