{
  "entities": [
    {
      "name": "Heart Transplantation",
      "type": "surgical_procedure",
      "properties": {}
    },
    {
      "name": "Mustard operation",
      "type": "surgical_procedure",
      "properties": {}
    },
    {
      "name": "implantation of a Heart Ware HVAD(R)",
      "type": "surgical_procedure",
      "properties": {}
    },
    {
      "name": "orthotopic heart transplantation",
      "type": "surgical_procedure",
      "properties": {}
    },
    {
      "name": "D-transposition of the great arteries (D-TGA)",
      "type": "recipient_characteristic",
      "properties": {}
    },
    {
      "name": "cardiogenic shock",
      "type": "complication",
      "properties": {}
    },
    {
      "name": "severe systemic right ventricular failure",
      "type": "complication",
      "properties": {}
    },
    {
      "name": "inotrope dependence",
      "type": "recipient_characteristic",
      "properties": {}
    },
    {
      "name": "prohibitive pulmonary hypertension",
      "type": "contraindication",
      "properties": {}
    },
    {
      "name": "significantly increased pulmonary pressures",
      "type": "monitoring_indicator",
      "properties": {}
    },
    {
      "name": "continuous flow ventricular assist device (VAD)",
      "type": "medical_device",
      "properties": {}
    },
    {
      "name": "pulmonary vascular resistance (PVR)",
      "type": "monitoring_indicator",
      "properties": {}
    },
    {
      "name": "complete normalization of pulmonary vascular resistance (PVR)",
      "type": "monitoring_indicator",
      "properties": {}
    }
  ],
  "relations": [
    {
      "head": "severe systemic right ventricular failure",
      "relation": "causes",
      "tail": "cardiogenic shock",
      "properties": {}
    },
    {
      "head": "D-transposition of the great arteries (D-TGA)",
      "relation": "precedes",
      "tail": "Mustard operation",
      "properties": {}
    },
    {
      "head": "prohibitive pulmonary hypertension",
      "relation": "contraindicated_in",
      "tail": "Heart Transplantation",
      "properties": {}
    },
    {
      "head": "implantation of a Heart Ware HVAD(R)",
      "relation": "treats",
      "tail": "severe systemic right ventricular failure",
      "properties": {}
    },
    {
      "head": "continuous flow ventricular assist device (VAD)",
      "relation": "monitors",
      "tail": "pulmonary vascular resistance (PVR)",
      "properties": {}
    },
    {
      "head": "continuous flow ventricular assist device (VAD)",
      "relation": "alleviates",
      "tail": "prohibitive pulmonary hypertension",
      "properties": {}
    },
    {
      "head": "complete normalization of pulmonary vascular resistance (PVR)",
      "relation": "prerequisite_of",
      "tail": "orthotopic heart transplantation",
      "properties": {}
    },
    {
      "head": "orthotopic heart transplantation",
      "relation": "precedes",
      "tail": "favorable outcomes",
      "properties": {}
    }
  ]
}