{
  "entities": [
    {
      "name": "Advanced heart failure",
      "type": "recipient_characteristic",
      "properties": {}
    },
    {
      "name": "ambulatory inotropic therapy",
      "type": "treatment_regimen",
      "properties": {}
    },
    {
      "name": "success of therapy",
      "type": "monitoring_indicator",
      "properties": {}
    }
  ],
  "relations": [
    {
      "head": "ambulatory inotropic therapy",
      "relation": "treats",
      "tail": "Advanced heart failure",
      "properties": {}
    },
    {
      "head": "success of therapy",
      "relation": "monitors",
      "tail": "ambulatory inotropic therapy",
      "properties": {}
    }
  ]
}