{
  "entities": [
    {
      "name": "routine surveillance biopsy",
      "type": "surgical_procedure",
      "properties": {}
    },
    {
      "name": "heart transplantation",
      "type": "surgical_procedure",
      "properties": {}
    },
    {
      "name": "asymptomatic acute rejection",
      "type": "complication",
      "properties": {}
    },
    {
      "name": "graft loss",
      "type": "complication",
      "properties": {}
    },
    {
      "name": "acute rejection",
      "type": "complication",
      "properties": {}
    },
    {
      "name": "coronary artery vasculopathy",
      "type": "complication",
      "properties": {}
    },
    {
      "name": "pediatric heart transplantation",
      "type": "surgical_procedure",
      "properties": {}
    },
    {
      "name": "recipients aged 0-21 years",
      "type": "recipient_characteristic",
      "properties": {}
    },
    {
      "name": "recipients aged >/=12 months",
      "type": "recipient_characteristic",
      "properties": {}
    },
    {
      "name": "Pediatric Health Information System",
      "type": "monitoring_indicator",
      "properties": {}
    },
    {
      "name": "Scientific Registry of Transplant Recipients",
      "type": "monitoring_indicator",
      "properties": {}
    },
    {
      "name": "center-based variation",
      "type": "risk_factor",
      "properties": {}
    }
  ],
  "relations": [
    {
      "head": "routine surveillance biopsy",
      "relation": "monitors",
      "tail": "asymptomatic acute rejection",
      "properties": {
        "evidence_strength": "cohort study"
      }
    },
    {
      "head": "routine surveillance biopsy",
      "relation": "precedes",
      "tail": "heart transplantation",
      "properties": {
        "evidence_strength": "cohort study"
      }
    },
    {
      "head": "center-based variation",
      "relation": "increases_risk",
      "tail": "graft loss",
      "properties": {
        "evidence_strength": "cohort study"
      }
    },
    {
      "head": "center-based variation",
      "relation": "increases_risk",
      "tail": "acute rejection",
      "properties": {
        "evidence_strength": "cohort study"
      }
    },
    {
      "head": "center-based variation",
      "relation": "increases_risk",
      "tail": "coronary artery vasculopathy",
      "properties": {
        "evidence_strength": "cohort study"
      }
    },
    {
      "head": "center-based variation",
      "relation": "increases_risk",
      "tail": "cost of care",
      "properties": {
        "evidence_strength": "cohort study"
      }
    },
    {
      "head": "Pediatric Health Information System",
      "relation": "monitors",
      "tail": "pediatric heart transplantation",
      "properties": {
        "evidence_strength": "cohort study"
      }
    },
    {
      "head": "Scientific Registry of Transplant Recipients",
      "relation": "monitors",
      "tail": "pediatric heart transplantation",
      "properties": {
        "evidence_strength": "cohort study"
      }
    }
  ]
}