{
  "entities": [
    {
      "name": "Norwood procedure",
      "type": "surgical_procedure",
      "properties": {}
    },
    {
      "name": "Hypoplastic Left Heart Syndrome (HLHS)",
      "type": "recipient_characteristic",
      "properties": {}
    },
    {
      "name": "stage 1 palliation (S1P)",
      "type": "surgical_procedure",
      "properties": {}
    },
    {
      "name": "stage 2 palliation (S2P)",
      "type": "surgical_procedure",
      "properties": {}
    },
    {
      "name": "standardized perioperative management (SPM)",
      "type": "treatment_regimen",
      "properties": {}
    },
    {
      "name": "selective cerebral perfusion",
      "type": "surgical_procedure",
      "properties": {}
    },
    {
      "name": "near infrared spectroscopy",
      "type": "monitoring_indicator",
      "properties": {}
    },
    {
      "name": "delayed sternal closure",
      "type": "surgical_procedure",
      "properties": {}
    },
    {
      "name": "modified ultrafiltration",
      "type": "surgical_procedure",
      "properties": {}
    },
    {
      "name": "hospital mortality",
      "type": "complication",
      "properties": {}
    },
    {
      "name": "low volume center",
      "type": "recipient_characteristic",
      "properties": {}
    }
  ],
  "relations": [
    {
      "head": "Hypoplastic Left Heart Syndrome (HLHS)",
      "relation": "increases_risk",
      "tail": "hospital mortality",
      "properties": {
        "evidence_strength": "cohort study"
      }
    },
    {
      "head": "standardized perioperative management (SPM)",
      "relation": "alleviates",
      "tail": "hospital mortality",
      "properties": {
        "evidence_strength": "cohort study"
      }
    },
    {
      "head": "selective cerebral perfusion",
      "relation": "part_of",
      "tail": "standardized perioperative management (SPM)",
      "properties": {}
    },
    {
      "head": "near infrared spectroscopy",
      "relation": "part_of",
      "tail": "standardized perioperative management (SPM)",
      "properties": {}
    },
    {
      "head": "delayed sternal closure",
      "relation": "part_of",
      "tail": "standardized perioperative management (SPM)",
      "properties": {}
    },
    {
      "head": "modified ultrafiltration",
      "relation": "part_of",
      "tail": "standardized perioperative management (SPM)",
      "properties": {}
    },
    {
      "head": "near infrared spectroscopy",
      "relation": "monitors",
      "tail": "cerebral perfusion",
      "properties": {}
    },
    {
      "head": "stage 1 palliation (S1P)",
      "relation": "precedes",
      "tail": "stage 2 palliation (S2P)",
      "properties": {}
    }
  ]
}