{
  "entities": [
    {
      "name": "orthotopic heart transplantation",
      "type": "surgical_procedure",
      "properties": {}
    },
    {
      "name": "acute myocardial infarction",
      "type": "complication",
      "properties": {}
    },
    {
      "name": "cardiac denervation",
      "type": "complication",
      "properties": {}
    },
    {
      "name": "ST-segment elevation myocardial infarction",
      "type": "complication",
      "properties": {}
    },
    {
      "name": "non-ST-segment elevation myocardial infarction",
      "type": "complication",
      "properties": {}
    },
    {
      "name": "percutaneous coronary intervention",
      "type": "treatment_regimen",
      "properties": {}
    }
  ],
  "relations": [
    {
      "head": "orthotopic heart transplantation",
      "relation": "causes",
      "tail": "cardiac denervation",
      "properties": {}
    },
    {
      "head": "cardiac denervation",
      "relation": "causes",
      "tail": "rarely present with classic anginal symptoms",
      "properties": {}
    },
    {
      "head": "percutaneous coronary intervention",
      "relation": "treats",
      "tail": "ST-segment elevation myocardial infarction",
      "properties": {}
    },
    {
      "head": "percutaneous coronary intervention",
      "relation": "treats",
      "tail": "non-ST-segment elevation myocardial infarction",
      "properties": {}
    }
  ]
}