{
  "entities": [
    {
      "name": "Vectorcardiography",
      "type": "monitoring_indicator",
      "properties": {
        "study_type": "retrospective cohort study"
      }
    },
    {
      "name": "hypertrophic cardiomyopathy",
      "type": "risk_factor",
      "properties": {}
    },
    {
      "name": "ventricular tachycardia",
      "type": "complication",
      "properties": {}
    },
    {
      "name": "cardiac arrest",
      "type": "complication",
      "properties": {}
    },
    {
      "name": "ventricular assist device",
      "type": "medical_device",
      "properties": {}
    },
    {
      "name": "heart transplant",
      "type": "surgical_procedure",
      "properties": {}
    },
    {
      "name": "standard 12‑lead ECG",
      "type": "monitoring_indicator",
      "properties": {}
    },
    {
      "name": "sentinel event",
      "type": "complication",
      "properties": {}
    },
    {
      "name": "congenital heart disease",
      "type": "contraindication",
      "properties": {}
    },
    {
      "name": "HCM",
      "type": "risk_factor",
      "properties": {}
    },
    {
      "name": "cardiac events",
      "type": "complication",
      "properties": {}
    }
  ],
  "relations": [
    {
      "head": "Vectorcardiography",
      "relation": "monitors",
      "tail": "hypertrophic cardiomyopathy",
      "properties": {
        "study_type": "retrospective cohort study"
      }
    },
    {
      "head": "hypertrophic cardiomyopathy",
      "relation": "increases_risk",
      "tail": "ventricular tachycardia",
      "properties": {
        "evidence": "cohort study"
      }
    },
    {
      "head": "hypertrophic cardiomyopathy",
      "relation": "increases_risk",
      "tail": "cardiac arrest",
      "properties": {
        "evidence": "cohort study"
      }
    },
    {
      "head": "hypertrophic cardiomyopathy",
      "relation": "increases_risk",
      "tail": "ventricular assist device",
      "properties": {
        "evidence": "cohort study"
      }
    },
    {
      "head": "hypertrophic cardiomyopathy",
      "relation": "increases_risk",
      "tail": "heart transplant",
      "properties": {
        "evidence": "cohort study"
      }
    },
    {
      "head": "Vectorcardiography",
      "relation": "precedes",
      "tail": "sentinel event",
      "properties": {}
    },
    {
      "head": "congenital heart disease",
      "relation": "contraindicated_in",
      "tail": "study inclusion",
      "properties": {}
    }
  ]
}