{
  "entities": [
    {
      "name": "heart transplantation",
      "type": "surgical_procedure",
      "properties": {}
    },
    {
      "name": "Cardiac allograft vasculopathy (CAV)",
      "type": "complication",
      "properties": {}
    },
    {
      "name": "angiography",
      "type": "monitoring_indicator",
      "properties": {}
    },
    {
      "name": "Optical coherence tomography",
      "type": "medical_device",
      "properties": {}
    },
    {
      "name": "vessel characterization",
      "type": "monitoring_indicator",
      "properties": {}
    },
    {
      "name": "serial use to assess progression of disease",
      "type": "monitoring_indicator",
      "properties": {}
    },
    {
      "name": "guiding percutaneous intervention",
      "type": "treatment_regimen",
      "properties": {}
    },
    {
      "name": "monitoring response to CAV therapies",
      "type": "monitoring_indicator",
      "properties": {}
    }
  ],
  "relations": [
    {
      "head": "heart transplantation",
      "relation": "causes",
      "tail": "Cardiac allograft vasculopathy (CAV)",
      "properties": {}
    },
    {
      "head": "angiography",
      "relation": "monitors",
      "tail": "Cardiac allograft vasculopathy (CAV)",
      "properties": {}
    },
    {
      "head": "Optical coherence tomography",
      "relation": "monitors",
      "tail": "Cardiac allograft vasculopathy (CAV)",
      "properties": {}
    },
    {
      "head": "Optical coherence tomography",
      "relation": "diagnostic_basis_for",
      "tail": "vessel characterization",
      "properties": {}
    },
    {
      "head": "Optical coherence tomography",
      "relation": "monitors",
      "tail": "serial use to assess progression of disease",
      "properties": {}
    },
    {
      "head": "Optical coherence tomography",
      "relation": "precedes",
      "tail": "guiding percutaneous intervention",
      "properties": {}
    },
    {
      "head": "Optical coherence tomography",
      "relation": "monitors",
      "tail": "monitoring response to CAV therapies",
      "properties": {}
    }
  ]
}