{
  "entities": [
    {
      "name": "human leukocyte antigen eplet mismatching",
      "type": "risk_factor",
      "properties": {}
    },
    {
      "name": "graft loss",
      "type": "complication",
      "properties": {}
    },
    {
      "name": "rejection",
      "type": "complication",
      "properties": {}
    },
    {
      "name": "pediatric heart transplant",
      "type": "surgical_procedure",
      "properties": {}
    },
    {
      "name": "HLA class I eplet mismatches",
      "type": "risk_factor",
      "properties": {}
    },
    {
      "name": "HLA allele mismatch",
      "type": "risk_factor",
      "properties": {}
    },
    {
      "name": "multivariable Cox regression analysis",
      "type": "diagnostic_criteria",
      "properties": {
        "evidence_strength": "retrospective cohort study"
      }
    },
    {
      "name": "Pediatric Heart Transplant Society database",
      "type": "monitoring_indicator",
      "properties": {}
    },
    {
      "name": "HLAMatchmaker software",
      "type": "medical_device",
      "properties": {}
    }
  ],
  "relations": [
    {
      "head": "human leukocyte antigen eplet mismatching",
      "relation": "increases_risk",
      "tail": "graft loss",
      "properties": {
        "statistics": "HR 1.46 [1.01-2.12], p = .049"
      }
    },
    {
      "head": "human leukocyte antigen eplet mismatching",
      "relation": "increases_risk",
      "tail": "rejection",
      "properties": {}
    },
    {
      "head": "HLA class I eplet mismatches",
      "relation": "increases_risk",
      "tail": "graft loss",
      "properties": {
        "statistics": "HR 1.46 [1.01-2.12], p = .049"
      }
    },
    {
      "head": "multivariable Cox regression analysis",
      "relation": "diagnostic_basis_for",
      "tail": "HLA eplet mismatch analysis",
      "properties": {}
    },
    {
      "head": "Pediatric Heart Transplant Society database",
      "relation": "monitors",
      "tail": "pediatric heart recipients",
      "properties": {}
    },
    {
      "head": "HLAMatchmaker software",
      "relation": "monitors",
      "tail": "eplet mismatches",
      "properties": {}
    }
  ]
}