{
  "entities": [
    {
      "name": "Myocardial Reperfusion Injury",
      "type": "complication",
      "properties": {}
    },
    {
      "name": "Cardiopulmonary Bypass",
      "type": "surgical_procedure",
      "properties": {}
    },
    {
      "name": "Congenital Heart Surgery",
      "type": "surgical_procedure",
      "properties": {}
    }
  ],
  "relations": [
    {
      "head": "Cardiopulmonary Bypass",
      "relation": "causes",
      "tail": "Myocardial Reperfusion Injury",
      "properties": {}
    },
    {
      "head": "Myocardial Reperfusion Injury",
      "relation": "part_of",
      "tail": "Congenital Heart Surgery",
      "properties": {}
    }
  ]
}