{
  "entities": [
    {
      "name": "Heart Transplant",
      "type": "surgical_procedure",
      "properties": {}
    },
    {
      "name": "Short-Term Mechanical Assistance Device",
      "type": "medical_device",
      "properties": {}
    },
    {
      "name": "Intrahospital Survival",
      "type": "monitoring_indicator",
      "properties": {}
    },
    {
      "name": "Long-Term Survival",
      "type": "monitoring_indicator",
      "properties": {}
    }
  ],
  "relations": [
    {
      "head": "Short-Term Mechanical Assistance Device",
      "relation": "monitors",
      "tail": "Intrahospital Survival",
      "properties": {}
    },
    {
      "head": "Short-Term Mechanical Assistance Device",
      "relation": "monitors",
      "tail": "Long-Term Survival",
      "properties": {}
    }
  ]
}