{
  "entities": [
    {
      "name": "cardiac rehabilitation",
      "type": "treatment_regimen",
      "properties": {}
    },
    {
      "name": "left-ventricular assist device",
      "type": "medical_device",
      "properties": {}
    },
    {
      "name": "heart-failure",
      "type": "recipient_characteristic",
      "properties": {}
    }
  ],
  "relations": [
    {
      "head": "cardiac rehabilitation",
      "relation": "treats",
      "tail": "heart-failure",
      "properties": {}
    },
    {
      "head": "left-ventricular assist device",
      "relation": "treats",
      "tail": "heart-failure",
      "properties": {}
    }
  ]
}