{
  "entities": [
    {
      "name": "RRM2",
      "type": "monitoring_indicator",
      "properties": {}
    },
    {
      "name": "cardiomyocyte proliferation",
      "type": "recipient_characteristic",
      "properties": {}
    },
    {
      "name": "myocardial ischemia reperfusion injury",
      "type": "complication",
      "properties": {}
    },
    {
      "name": "Hippo-YAP pathway",
      "type": "monitoring_indicator",
      "properties": {}
    },
    {
      "name": "hypoxia/reoxygenation (H/R) treatment",
      "type": "treatment_regimen",
      "properties": {}
    },
    {
      "name": "quantitative Real-Time Polymerase Chain Reaction (qRT-PCR)",
      "type": "monitoring_indicator",
      "properties": {}
    },
    {
      "name": "Cell Counting Kit-8 (CCK-8) assay",
      "type": "monitoring_indicator",
      "properties": {}
    },
    {
      "name": "immunofluorescence staining",
      "type": "monitoring_indicator",
      "properties": {}
    },
    {
      "name": "Western blot (WB) technology",
      "type": "monitoring_indicator",
      "properties": {}
    },
    {
      "name": "YAP",
      "type": "monitoring_indicator",
      "properties": {}
    },
    {
      "name": "phosphorylation expression",
      "type": "monitoring_indicator",
      "properties": {}
    }
  ],
  "relations": [
    {
      "head": "RRM2",
      "relation": "improves",
      "tail": "cardiomyocyte proliferation",
      "properties": {
        "evidence_strength": "experimental_study"
      }
    },
    {
      "head": "myocardial ischemia reperfusion injury",
      "relation": "precedes",
      "tail": "cardiomyocyte proliferation",
      "properties": {}
    },
    {
      "head": "RRM2",
      "relation": "monitors",
      "tail": "Hippo-YAP pathway",
      "properties": {}
    },
    {
      "head": "hypoxia/reoxygenation (H/R) treatment",
      "relation": "simulated",
      "tail": "I/RI model",
      "properties": {}
    },
    {
      "head": "quantitative Real-Time Polymerase Chain Reaction (qRT-PCR)",
      "relation": "monitors",
      "tail": "expression of RRM2",
      "properties": {}
    },
    {
      "head": "Cell Counting Kit-8 (CCK-8) assay",
      "relation": "monitors",
      "tail": "cell viability",
      "properties": {}
    },
    {
      "head": "immunofluorescence staining",
      "relation": "monitors",
      "tail": "Ki67 and EdU-positive cells",
      "properties": {}
    },
    {
      "head": "Western blot (WB) technology",
      "relation": "monitors",
      "tail": "YAP and its phosphorylation expression",
      "properties": {}
    }
  ]
}