{
  "entities": [
    {
      "name": "thoracic endovascular aortic repair (TEVAR)",
      "type": "surgical_procedure",
      "properties": {}
    },
    {
      "name": "chronic type B aortic dissection (TBAD)",
      "type": "recipient_characteristic",
      "properties": {}
    },
    {
      "name": "genetic aortic syndrome (GAS)",
      "type": "recipient_characteristic",
      "properties": {}
    },
    {
      "name": "Marfan syndrome (MFS)",
      "type": "recipient_characteristic",
      "properties": {}
    },
    {
      "name": "Loeys-Dietz syndrome (LDS)",
      "type": "recipient_characteristic",
      "properties": {}
    },
    {
      "name": "vascular Ehlers-Danlos syndrome (vEDS)",
      "type": "recipient_characteristic",
      "properties": {}
    },
    {
      "name": "thoracic false lumen aneurysm",
      "type": "recipient_characteristic",
      "properties": {}
    }
  ],
  "relations": [
    {
      "head": "thoracic endovascular aortic repair (TEVAR)",
      "relation": "treats",
      "tail": "chronic type B aortic dissection (TBAD)",
      "properties": {
        "evidence_strength": "retrospective study"
      }
    },
    {
      "head": "thoracic endovascular aortic repair (TEVAR)",
      "relation": "treats",
      "tail": "thoracic false lumen aneurysm",
      "properties": {
        "evidence_strength": "retrospective study"
      }
    },
    {
      "head": "genetic aortic syndrome (GAS)",
      "relation": "increases_risk",
      "tail": "chronic type B aortic dissection (TBAD)",
      "properties": {}
    },
    {
      "head": "genetic aortic syndrome (GAS)",
      "relation": "increases_risk",
      "tail": "thoracic false lumen aneurysm",
      "properties": {}
    }
  ]
}