{
  "entities": [
    {
      "name": "Donation after circulatory death",
      "type": "surgical_procedure",
      "properties": {}
    },
    {
      "name": "heart transplants",
      "type": "surgical_procedure",
      "properties": {}
    },
    {
      "name": "warm ischemic time",
      "type": "risk_factor",
      "properties": {}
    },
    {
      "name": "asystole",
      "type": "monitoring_indicator",
      "properties": {}
    },
    {
      "name": "reperfusion of the heart",
      "type": "surgical_procedure",
      "properties": {}
    },
    {
      "name": "ex vivo perfusion system",
      "type": "medical_device",
      "properties": {}
    },
    {
      "name": "1.5 liters of blood retrieved from the right atrium",
      "type": "surgical_procedure",
      "properties": {}
    },
    {
      "name": "sternotomy",
      "type": "surgical_procedure",
      "properties": {}
    },
    {
      "name": "veno-venous extra-corporeal membrane oxygenation",
      "type": "medical_device",
      "properties": {}
    },
    {
      "name": "drowning",
      "type": "risk_factor",
      "properties": {}
    },
    {
      "name": "aspiration-related lung failure",
      "type": "complication",
      "properties": {}
    },
    {
      "name": "circulatory death",
      "type": "diagnostic_criteria",
      "properties": {}
    },
    {
      "name": "five-minute stand-off period",
      "type": "monitoring_indicator",
      "properties": {}
    },
    {
      "name": "direct procurement of the heart",
      "type": "surgical_procedure",
      "properties": {}
    },
    {
      "name": "standard implantation",
      "type": "surgical_procedure",
      "properties": {}
    }
  ],
  "relations": [
    {
      "head": "Donation after circulatory death",
      "relation": "part_of",
      "tail": "heart transplants",
      "properties": {}
    },
    {
      "head": "warm ischemic time",
      "relation": "increases_risk",
      "tail": "adverse outcomes",
      "properties": {}
    },
    {
      "head": "asystole",
      "relation": "precedes",
      "tail": "reperfusion of the heart",
      "properties": {}
    },
    {
      "head": "ex vivo perfusion system",
      "relation": "monitors",
      "tail": "reperfusion of the heart",
      "properties": {}
    },
    {
      "head": "1.5 liters of blood retrieved from the right atrium",
      "relation": "increases_risk",
      "tail": "prolonging warm ischemic time",
      "properties": {}
    },
    {
      "head": "sternotomy",
      "relation": "precedes",
      "tail": "1.5 liters of blood retrieved from the right atrium",
      "properties": {}
    },
    {
      "head": "veno-venous extra-corporeal membrane oxygenation",
      "relation": "treats",
      "tail": "drowning",
      "properties": {}
    },
    {
      "head": "drowning",
      "relation": "causes",
      "tail": "aspiration-related lung failure",
      "properties": {}
    },
    {
      "head": "circulatory death",
      "relation": "diagnostic_basis_for",
      "tail": "five-minute stand-off period",
      "properties": {}
    },
    {
      "head": "five-minute stand-off period",
      "relation": "precedes",
      "tail": "direct procurement of the heart",
      "properties": {}
    },
    {
      "head": "direct procurement of the heart",
      "relation": "aims_for",
      "tail": "least functional warm ischemic time",
      "properties": {}
    },
    {
      "head": "standard implantation",
      "relation": "follows",
      "tail": "direct procurement of the heart",
      "properties": {}
    }
  ]
}