{
  "entities": [
    {
      "name": "late gadolinium enhancement",
      "type": "monitoring_indicator",
      "properties": {}
    },
    {
      "name": "non-ischemic dilated cardiomyopathy",
      "type": "recipient_characteristic",
      "properties": {}
    },
    {
      "name": "ischemic late gadolinium enhancement pattern",
      "type": "monitoring_indicator",
      "properties": {}
    },
    {
      "name": "heart transplantation",
      "type": "surgical_procedure",
      "properties": {}
    }
  ],
  "relations": [
    {
      "head": "ischemic late gadolinium enhancement pattern",
      "relation": "diagnostic_basis_for",
      "tail": "non-ischemic dilated cardiomyopathy",
      "properties": {
        "evidence_strength": "cohort study"
      }
    },
    {
      "head": "ischemic late gadolinium enhancement pattern",
      "relation": "increases_risk",
      "tail": "heart transplantation",
      "properties": {
        "evidence_strength": "cohort study"
      }
    }
  ]
}