{
  "entities": [
    {
      "name": "myocardial ischemia",
      "type": "risk_factor",
      "properties": {}
    },
    {
      "name": "reperfusion injury",
      "type": "complication",
      "properties": {}
    },
    {
      "name": "myocardial conditioning",
      "type": "treatment_regimen",
      "properties": {}
    },
    {
      "name": "acute myocardial infarction (AMI)",
      "type": "complication",
      "properties": {}
    },
    {
      "name": "oncosis",
      "type": "diagnostic_criteria",
      "properties": {}
    },
    {
      "name": "necroptosis",
      "type": "diagnostic_criteria",
      "properties": {}
    },
    {
      "name": "necrosis",
      "type": "diagnostic_criteria",
      "properties": {}
    },
    {
      "name": "ischemic cardiomyocytes (CMCs)",
      "type": "recipient_characteristic",
      "properties": {}
    },
    {
      "name": "coronary occlusion",
      "type": "risk_factor",
      "properties": {}
    },
    {
      "name": "reperfusion",
      "type": "treatment_regimen",
      "properties": {}
    },
    {
      "name": "damage-associated molecular patterns",
      "type": "monitoring_indicator",
      "properties": {}
    },
    {
      "name": "alarmins",
      "type": "monitoring_indicator",
      "properties": {}
    },
    {
      "name": "pattern recognition receptors",
      "type": "monitoring_indicator",
      "properties": {}
    },
    {
      "name": "inflammatory response",
      "type": "complication",
      "properties": {}
    },
    {
      "name": "lethal reperfusion injury",
      "type": "complication",
      "properties": {}
    },
    {
      "name": "preconditioning",
      "type": "treatment_regimen",
      "properties": {}
    },
    {
      "name": "postconditioning",
      "type": "treatment_regimen",
      "properties": {}
    },
    {
      "name": "microvasculature",
      "type": "recipient_characteristic",
      "properties": {}
    },
    {
      "name": "mitochondria",
      "type": "recipient_characteristic",
      "properties": {}
    }
  ],
  "relations": [
    {
      "head": "myocardial ischemia",
      "relation": "causes",
      "tail": "reperfusion injury",
      "properties": {}
    },
    {
      "head": "myocardial conditioning",
      "relation": "alleviates",
      "tail": "reperfusion injury",
      "properties": {}
    },
    {
      "head": "myocardial ischemia",
      "relation": "causes",
      "tail": "acute myocardial infarction (AMI)",
      "properties": {}
    },
    {
      "head": "oncosis",
      "relation": "precedes",
      "tail": "necroptosis",
      "properties": {}
    },
    {
      "head": "necroptosis",
      "relation": "precedes",
      "tail": "necrosis",
      "properties": {}
    },
    {
      "head": "myocardial ischemia",
      "relation": "causes",
      "tail": "oncosis",
      "properties": {}
    },
    {
      "head": "coronary occlusion",
      "relation": "causes",
      "tail": "myocardial ischemia",
      "properties": {}
    },
    {
      "head": "reperfusion",
      "relation": "alleviates",
      "tail": "myocardial ischemia",
      "properties": {}
    },
    {
      "head": "reperfusion",
      "relation": "causes",
      "tail": "reperfusion injury",
      "properties": {}
    },
    {
      "head": "damage-associated molecular patterns",
      "relation": "causes",
      "tail": "inflammatory response",
      "properties": {}
    },
    {
      "head": "alarmins",
      "relation": "part_of",
      "tail": "damage-associated molecular patterns",
      "properties": {}
    },
    {
      "head": "damage-associated molecular patterns",
      "relation": "diagnostic_basis_for",
      "tail": "inflammatory response",
      "properties": {}
    },
    {
      "head": "preconditioning",
      "relation": "alleviates",
      "tail": "lethal reperfusion injury",
      "properties": {}
    },
    {
      "head": "postconditioning",
      "relation": "alleviates",
      "tail": "lethal reperfusion injury",
      "properties": {}
    },
    {
      "head": "mitochondria",
      "relation": "monitors",
      "tail": "viability of CMCs",
      "properties": {}
    }
  ]
}