{
  "entities": [
    {
      "name": "del Nido cardioplegia",
      "type": "medication",
      "properties": {
        "evidence_strength": "cohort study"
      }
    },
    {
      "name": "adult cardiopulmonary bypass surgery",
      "type": "surgical_procedure",
      "properties": {
        "evidence_strength": "cohort study"
      }
    },
    {
      "name": "coronary heart disease",
      "type": "risk_factor",
      "properties": {
        "evidence_strength": "cohort study"
      }
    },
    {
      "name": "adult multivessel coronary artery bypass grafting (CABG)",
      "type": "surgical_procedure",
      "properties": {
        "evidence_strength": "cohort study"
      }
    },
    {
      "name": "cardiopulmonary bypass (CPB)",
      "type": "medical_device",
      "properties": {
        "evidence_strength": "cohort study"
      }
    },
    {
      "name": "isolated on-pump CABG",
      "type": "surgical_procedure",
      "properties": {
        "evidence_strength": "cohort study"
      }
    },
    {
      "name": "conventional multidose blood cardioplegia (BC)",
      "type": "medication",
      "properties": {
        "evidence_strength": "cohort study"
      }
    },
    {
      "name": "CPB time",
      "type": "monitoring_indicator",
      "properties": {
        "evidence_strength": "cohort study",
        "statistical_data": "significantly shorter"
      }
    },
    {
      "name": "aortic cross-clamp time",
      "type": "monitoring_indicator",
      "properties": {
        "evidence_strength": "cohort study",
        "statistical_data": "significantly shorter"
      }
    }
  ],
  "relations": [
    {
      "head": "del Nido cardioplegia",
      "relation": "treats",
      "tail": "adult cardiopulmonary bypass surgery",
      "properties": {
        "evidence_strength": "cohort study"
      }
    },
    {
      "head": "del Nido cardioplegia",
      "relation": "monitors",
      "tail": "cardioprotective effect",
      "properties": {
        "evidence_strength": "cohort study"
      }
    },
    {
      "head": "del Nido cardioplegia",
      "relation": "precedes",
      "tail": "adult multivessel coronary artery bypass grafting (CABG)",
      "properties": {
        "evidence_strength": "cohort study"
      }
    },
    {
      "head": "cardiopulmonary bypass (CPB)",
      "relation": "part_of",
      "tail": "adult multivessel coronary artery bypass grafting (CABG)",
      "properties": {
        "evidence_strength": "cohort study"
      }
    },
    {
      "head": "del Nido cardioplegia",
      "relation": "monitors",
      "tail": "CPB time",
      "properties": {
        "evidence_strength": "cohort study",
        "statistical_data": "significantly shorter"
      }
    },
    {
      "head": "del Nido cardioplegia",
      "relation": "monitors",
      "tail": "aortic cross-clamp time",
      "properties": {
        "evidence_strength": "cohort study",
        "statistical_data": "significantly shorter"
      }
    }
  ]
}