{
  "entities": [
    {
      "name": "mechanical circulatory support",
      "type": "medical_device",
      "properties": {}
    },
    {
      "name": "cardiogenic shock",
      "type": "risk_factor",
      "properties": {}
    },
    {
      "name": "multidisciplinary team care program",
      "type": "treatment_regimen",
      "properties": {}
    },
    {
      "name": "anaesthesiologists",
      "type": "recipient_characteristic",
      "properties": {}
    },
    {
      "name": "cardiologists",
      "type": "recipient_characteristic",
      "properties": {}
    },
    {
      "name": "cardiothoracic surgeons",
      "type": "recipient_characteristic",
      "properties": {}
    },
    {
      "name": "intensivists",
      "type": "recipient_characteristic",
      "properties": {}
    },
    {
      "name": "heart transplant",
      "type": "surgical_procedure",
      "properties": {}
    },
    {
      "name": "prospective observational study",
      "type": "monitoring_indicator",
      "properties": {
        "evidence_strength": "cohort study"
      }
    },
    {
      "name": "cardiac arrest",
      "type": "complication",
      "properties": {
        "statistical_data": "45.8%"
      }
    },
    {
      "name": "30-day survival",
      "type": "monitoring_indicator",
      "properties": {
        "statistical_data": "54.2%"
      }
    },
    {
      "name": "overall survival to discharge",
      "type": "monitoring_indicator",
      "properties": {
        "statistical_data": "45.8%"
      }
    },
    {
      "name": "age",
      "type": "risk_factor",
      "properties": {}
    },
    {
      "name": "vasoactive-inotropic score",
      "type": "monitoring_indicator",
      "properties": {}
    }
  ],
  "relations": [
    {
      "head": "mechanical circulatory support",
      "relation": "treats",
      "tail": "cardiogenic shock",
      "properties": {}
    },
    {
      "head": "multidisciplinary team care program",
      "relation": "part_of",
      "tail": "mechanical circulatory support",
      "properties": {}
    },
    {
      "head": "multidisciplinary team care program",
      "relation": "includes",
      "tail": "anaesthesiologists",
      "properties": {}
    },
    {
      "head": "multidisciplinary team care program",
      "relation": "includes",
      "tail": "cardiologists",
      "properties": {}
    },
    {
      "head": "multidisciplinary team care program",
      "relation": "includes",
      "tail": "cardiothoracic surgeons",
      "properties": {}
    },
    {
      "head": "multidisciplinary team care program",
      "relation": "includes",
      "tail": "intensivists",
      "properties": {}
    },
    {
      "head": "prospective observational study",
      "relation": "monitors",
      "tail": "mechanical circulatory support",
      "properties": {}
    },
    {
      "head": "cardiac arrest",
      "relation": "precedes",
      "tail": "mechanical circulatory support",
      "properties": {
        "statistical_data": "45.8%"
      }
    },
    {
      "head": "mechanical circulatory support",
      "relation": "monitors",
      "tail": "30-day survival",
      "properties": {
        "statistical_data": "54.2%"
      }
    },
    {
      "head": "mechanical circulatory support",
      "relation": "monitors",
      "tail": "overall survival to discharge",
      "properties": {
        "statistical_data": "45.8%"
      }
    },
    {
      "head": "age",
      "relation": "increases_risk",
      "tail": "cardiogenic shock",
      "properties": {}
    },
    {
      "head": "vasoactive-inotropic score",
      "relation": "monitors",
      "tail": "cardiogenic shock",
      "properties": {}
    }
  ]
}