{
  "entities": [
    {
      "name": "Severe primary graft dysfunction",
      "type": "complication",
      "properties": {
        "description": "Leading cause of early postoperative mortality following orthotopic heart transplantation"
      }
    },
    {
      "name": "Orthotopic heart transplantation",
      "type": "surgical_procedure",
      "properties": {}
    },
    {
      "name": "Veno-arterial extracorporeal membrane oxygenation",
      "type": "medical_device",
      "properties": {
        "usage": "Used as salvage therapy for severe PGD"
      }
    },
    {
      "name": "Marginal donor hearts",
      "type": "donor_characteristic",
      "properties": {}
    }
  ],
  "relations": [
    {
      "head": "Severe primary graft dysfunction",
      "relation": "causes",
      "tail": "early postoperative mortality",
      "properties": {
        "strength": "leading cause"
      }
    },
    {
      "head": "Veno-arterial extracorporeal membrane oxygenation",
      "relation": "treats",
      "tail": "Severe primary graft dysfunction",
      "properties": {
        "context": "salvage therapy"
      }
    },
    {
      "head": "Veno-arterial extracorporeal membrane oxygenation",
      "relation": "supports",
      "tail": "Marginal donor hearts",
      "properties": {
        "purpose": "to enable use of marginal donor hearts"
      }
    }
  ]
}