{
  "entities": [
    {
      "name": "static cold storage",
      "type": "surgical_procedure",
      "properties": {
        "evidence_strength": "standard clinical practice"
      }
    },
    {
      "name": "machine perfusion",
      "type": "surgical_procedure",
      "properties": {
        "evidence_strength": "systematic review of 40 publications"
      }
    },
    {
      "name": "hypothermic MP",
      "type": "surgical_procedure",
      "properties": {
        "evidence_strength": "3 studies"
      }
    },
    {
      "name": "normothermic MP",
      "type": "surgical_procedure",
      "properties": {
        "evidence_strength": "32 studies"
      }
    },
    {
      "name": "donations after brainstem death",
      "type": "donor_characteristic",
      "properties": {}
    },
    {
      "name": "donation after circulatory death",
      "type": "donor_characteristic",
      "properties": {}
    },
    {
      "name": "high-risk cases",
      "type": "recipient_characteristic",
      "properties": {}
    }
  ],
  "relations": [
    {
      "head": "static cold storage",
      "relation": "precedes",
      "tail": "heart transplantation",
      "properties": {}
    },
    {
      "head": "machine perfusion",
      "relation": "precedes",
      "tail": "heart transplantation",
      "properties": {}
    },
    {
      "head": "machine perfusion",
      "relation": "increases_risk",
      "tail": "extend the donor pool",
      "properties": {}
    },
    {
      "head": "machine perfusion",
      "relation": "increases_risk",
      "tail": "increase the utilization rate",
      "properties": {}
    },
    {
      "head": "normothermic MP",
      "relation": "alleviates",
      "tail": "high-risk cases",
      "properties": {}
    },
    {
      "head": "normothermic MP",
      "relation": "alleviates",
      "tail": "donation after circulatory death",
      "properties": {}
    }
  ]
}