{
  "entities": [
    {
      "name": "Irisin",
      "type": "medication",
      "properties": {}
    },
    {
      "name": "cardiomyocytes",
      "type": "recipient_characteristic",
      "properties": {}
    },
    {
      "name": "hypoxia/reoxygenation injury",
      "type": "complication",
      "properties": {}
    },
    {
      "name": "AMPK mediated endoplasmic reticulum stress",
      "type": "risk_factor",
      "properties": {}
    }
  ],
  "relations": [
    {
      "head": "Irisin",
      "relation": "alleviates",
      "tail": "hypoxia/reoxygenation injury",
      "properties": {}
    },
    {
      "head": "AMPK mediated endoplasmic reticulum stress",
      "relation": "causes",
      "tail": "hypoxia/reoxygenation injury",
      "properties": {}
    },
    {
      "head": "Irisin",
      "relation": "alleviates",
      "tail": "AMPK mediated endoplasmic reticulum stress",
      "properties": {}
    }
  ]
}