{
  "entities": [
    {
      "name": "orthotopic heart transplant",
      "type": "surgical_procedure",
      "properties": {}
    },
    {
      "name": "acute cellular rejection",
      "type": "complication",
      "properties": {}
    },
    {
      "name": "Chagas disease",
      "type": "risk_factor",
      "properties": {}
    },
    {
      "name": "myocardial strain imaging",
      "type": "monitoring_indicator",
      "properties": {}
    },
    {
      "name": "echocardiography",
      "type": "medical_device",
      "properties": {}
    },
    {
      "name": "heart failure",
      "type": "complication",
      "properties": {}
    }
  ],
  "relations": [
    {
      "head": "Chagas disease",
      "relation": "causes",
      "tail": "heart failure",
      "properties": {
        "evidence_strength": "prospective study"
      }
    },
    {
      "head": "myocardial strain imaging",
      "relation": "monitors",
      "tail": "acute cellular rejection",
      "properties": {
        "evidence_strength": "prospective study"
      }
    },
    {
      "head": "echocardiography",
      "relation": "monitors",
      "tail": "acute cellular rejection",
      "properties": {
        "evidence_strength": "prospective study"
      }
    },
    {
      "head": "acute cellular rejection",
      "relation": "part_of",
      "tail": "orthotopic heart transplant",
      "properties": {
        "statistical_data": "prevalence 60% in first 6 months"
      }
    }
  ]
}