{
  "entities": [
    {
      "name": "naringin",
      "type": "medication",
      "properties": {}
    },
    {
      "name": "Citrus wilsonii Tanaka",
      "type": "medication",
      "properties": {}
    },
    {
      "name": "myocardial ischemia/reperfusion injury",
      "type": "complication",
      "properties": {}
    },
    {
      "name": "anti-apoptotic approaches",
      "type": "treatment_regimen",
      "properties": {}
    },
    {
      "name": "anti-inflammatory approaches",
      "type": "treatment_regimen",
      "properties": {}
    },
    {
      "name": "anti-oxidative approaches",
      "type": "treatment_regimen",
      "properties": {}
    },
    {
      "name": "inflammation-related diseases",
      "type": "complication",
      "properties": {}
    },
    {
      "name": "Xiang Yuan",
      "type": "medication",
      "properties": {}
    },
    {
      "name": "traditional Chinese medicine",
      "type": "treatment_regimen",
      "properties": {}
    },
    {
      "name": "cardioprotective effect",
      "type": "treatment_regimen",
      "properties": {}
    }
  ],
  "relations": [
    {
      "head": "naringin",
      "relation": "part_of",
      "tail": "Citrus wilsonii Tanaka",
      "properties": {}
    },
    {
      "head": "anti-apoptotic approaches",
      "relation": "alleviates",
      "tail": "myocardial ischemia/reperfusion injury",
      "properties": {}
    },
    {
      "head": "anti-inflammatory approaches",
      "relation": "alleviates",
      "tail": "myocardial ischemia/reperfusion injury",
      "properties": {}
    },
    {
      "head": "anti-oxidative approaches",
      "relation": "alleviates",
      "tail": "myocardial ischemia/reperfusion injury",
      "properties": {}
    },
    {
      "head": "naringin",
      "relation": "treats",
      "tail": "inflammation-related diseases",
      "properties": {}
    },
    {
      "head": "Citrus wilsonii Tanaka",
      "relation": "part_of",
      "tail": "Xiang Yuan",
      "properties": {}
    },
    {
      "head": "Xiang Yuan",
      "relation": "treats",
      "tail": "inflammation-related symptoms",
      "properties": {}
    },
    {
      "head": "traditional Chinese medicine",
      "relation": "treats",
      "tail": "inflammation-related symptoms",
      "properties": {}
    },
    {
      "head": "naringin",
      "relation": "monitors",
      "tail": "cardioprotective effect",
      "properties": {}
    }
  ]
}