{
  "entities": [
    {
      "name": "heart transplantation",
      "type": "surgical_procedure",
      "properties": {}
    },
    {
      "name": "adolescent-onset dilated cardiomyopathy",
      "type": "recipient_characteristic",
      "properties": {}
    },
    {
      "name": "propionic acidaemia",
      "type": "recipient_characteristic",
      "properties": {}
    },
    {
      "name": "late-onset PA",
      "type": "recipient_characteristic",
      "properties": {}
    },
    {
      "name": "advanced heart failure",
      "type": "complication",
      "properties": {}
    },
    {
      "name": "dilated cardiomyopathy",
      "type": "complication",
      "properties": {}
    },
    {
      "name": "left ventricular assist device implantation",
      "type": "surgical_procedure",
      "properties": {}
    },
    {
      "name": "LVAD implantation",
      "type": "surgical_procedure",
      "properties": {}
    },
    {
      "name": "refractory HF",
      "type": "complication",
      "properties": {}
    },
    {
      "name": "sepsis",
      "type": "complication",
      "properties": {}
    },
    {
      "name": "worsening of LVAD drive",
      "type": "complication",
      "properties": {}
    },
    {
      "name": "mitochondrial cardiomyopathy",
      "type": "recipient_characteristic",
      "properties": {}
    },
    {
      "name": "left ventricular assist device",
      "type": "medical_device",
      "properties": {}
    },
    {
      "name": "LVAD",
      "type": "medical_device",
      "properties": {}
    }
  ],
  "relations": [
    {
      "head": "propionic acidaemia",
      "relation": "causes",
      "tail": "adolescent-onset dilated cardiomyopathy",
      "properties": {}
    },
    {
      "head": "propionic acidaemia",
      "relation": "causes",
      "tail": "dilated cardiomyopathy",
      "properties": {}
    },
    {
      "head": "dilated cardiomyopathy",
      "relation": "causes",
      "tail": "advanced heart failure",
      "properties": {}
    },
    {
      "head": "refractory HF",
      "relation": "prerequisite_of",
      "tail": "LVAD implantation",
      "properties": {}
    },
    {
      "head": "LVAD implantation",
      "relation": "precedes",
      "tail": "heart transplantation",
      "properties": {}
    },
    {
      "head": "worsening of LVAD drive",
      "relation": "causes",
      "tail": "sepsis",
      "properties": {}
    },
    {
      "head": "left ventricular assist device",
      "relation": "part_of",
      "tail": "LVAD implantation",
      "properties": {}
    }
  ]
}