{
  "entities": [
    {
      "name": "surgical unroofing",
      "type": "surgical_procedure",
      "properties": {}
    },
    {
      "name": "59-year-old man",
      "type": "recipient_characteristic",
      "properties": {}
    },
    {
      "name": "angina",
      "type": "complication",
      "properties": {}
    },
    {
      "name": "abnormal perfusion scan",
      "type": "monitoring_indicator",
      "properties": {}
    },
    {
      "name": "2 left main coronary arteries",
      "type": "recipient_characteristic",
      "properties": {}
    },
    {
      "name": "anomalous artery",
      "type": "recipient_characteristic",
      "properties": {}
    },
    {
      "name": "right coronary cusp",
      "type": "recipient_characteristic",
      "properties": {}
    },
    {
      "name": "aberrant interventricular septal course",
      "type": "recipient_characteristic",
      "properties": {}
    },
    {
      "name": "atretic artery",
      "type": "recipient_characteristic",
      "properties": {}
    }
  ],
  "relations": [
    {
      "head": "surgical unroofing",
      "relation": "alleviates",
      "tail": "angina",
      "properties": {}
    },
    {
      "head": "abnormal perfusion scan",
      "relation": "diagnostic_basis_for",
      "tail": "2 left main coronary arteries",
      "properties": {}
    },
    {
      "head": "anomalous artery",
      "relation": "part_of",
      "tail": "2 left main coronary arteries",
      "properties": {}
    },
    {
      "head": "anomalous artery",
      "relation": "part_of",
      "tail": "aberrant interventricular septal course",
      "properties": {}
    },
    {
      "head": "atretic artery",
      "relation": "part_of",
      "tail": "2 left main coronary arteries",
      "properties": {}
    }
  ]
}