{
  "entities": [
    {
      "name": "Heart failure",
      "type": "complication",
      "properties": {}
    },
    {
      "name": "myocardial infarction",
      "type": "complication",
      "properties": {}
    },
    {
      "name": "ischemia",
      "type": "complication",
      "properties": {}
    },
    {
      "name": "inflammation",
      "type": "complication",
      "properties": {}
    },
    {
      "name": "fibrosis",
      "type": "complication",
      "properties": {}
    },
    {
      "name": "left ventricular dysfunction",
      "type": "complication",
      "properties": {}
    },
    {
      "name": "surgical approaches",
      "type": "surgical_procedure",
      "properties": {}
    },
    {
      "name": "Tissue engineering",
      "type": "treatment_regimen",
      "properties": {}
    },
    {
      "name": "regenerative medicine",
      "type": "treatment_regimen",
      "properties": {}
    },
    {
      "name": "biomaterial scaffolds",
      "type": "medical_device",
      "properties": {}
    },
    {
      "name": "stem cells",
      "type": "treatment_regimen",
      "properties": {}
    },
    {
      "name": "growth factors",
      "type": "medication",
      "properties": {}
    },
    {
      "name": "cytokines",
      "type": "medication",
      "properties": {}
    },
    {
      "name": "oligonucleotides",
      "type": "medication",
      "properties": {}
    },
    {
      "name": "exosomes",
      "type": "medication",
      "properties": {}
    }
  ],
  "relations": [
    {
      "head": "myocardial infarction",
      "relation": "causes",
      "tail": "Heart failure",
      "properties": {}
    },
    {
      "head": "myocardial infarction",
      "relation": "causes",
      "tail": "ischemia",
      "properties": {}
    },
    {
      "head": "myocardial infarction",
      "relation": "causes",
      "tail": "inflammation",
      "properties": {}
    },
    {
      "head": "myocardial infarction",
      "relation": "causes",
      "tail": "fibrosis",
      "properties": {}
    },
    {
      "head": "myocardial infarction",
      "relation": "causes",
      "tail": "left ventricular dysfunction",
      "properties": {}
    },
    {
      "head": "surgical approaches",
      "relation": "treats",
      "tail": "myocardial perfusion",
      "properties": {}
    },
    {
      "head": "Tissue engineering",
      "relation": "treats",
      "tail": "injured cardiomyocytes",
      "properties": {}
    },
    {
      "head": "regenerative medicine",
      "relation": "treats",
      "tail": "injured cardiomyocytes",
      "properties": {}
    },
    {
      "head": "biomaterial scaffolds",
      "relation": "part_of",
      "tail": "cardiac regeneration",
      "properties": {}
    },
    {
      "head": "stem cells",
      "relation": "part_of",
      "tail": "cardiac regeneration",
      "properties": {}
    }
  ]
}