{
  "entities": [
    {
      "name": "Resveratrol",
      "type": "medication",
      "properties": {}
    },
    {
      "name": "myocardial ischemia/reperfusion injury",
      "type": "complication",
      "properties": {}
    },
    {
      "name": "Sirt1/Sirt3-Mfn2-Parkin-PGC-1alpha pathway",
      "type": "monitoring_indicator",
      "properties": {}
    },
    {
      "name": "mitochondrial quality control",
      "type": "monitoring_indicator",
      "properties": {}
    },
    {
      "name": "Sirtuin proteins",
      "type": "monitoring_indicator",
      "properties": {}
    },
    {
      "name": "cellular energy metabolism",
      "type": "monitoring_indicator",
      "properties": {}
    },
    {
      "name": "Sirtuin-dependent pathway",
      "type": "monitoring_indicator",
      "properties": {}
    },
    {
      "name": "hypoxia/reoxygenation",
      "type": "risk_factor",
      "properties": {}
    },
    {
      "name": "neonatal rat cardiomyocytes",
      "type": "recipient_characteristic",
      "properties": {}
    },
    {
      "name": "Sirt1/Sirt3-FoxO pathway",
      "type": "monitoring_indicator",
      "properties": {}
    },
    {
      "name": "myocardial mitochondria",
      "type": "monitoring_indicator",
      "properties": {}
    },
    {
      "name": "H/R cardiomyocytes",
      "type": "recipient_characteristic",
      "properties": {}
    },
    {
      "name": "fission-fusion balance",
      "type": "monitoring_indicator",
      "properties": {}
    },
    {
      "name": "autophagic flux",
      "type": "monitoring_indicator",
      "properties": {}
    },
    {
      "name": "mitochondrial biosynthesis",
      "type": "monitoring_indicator",
      "properties": {}
    },
    {
      "name": "functional mitochondrial number",
      "type": "monitoring_indicator",
      "properties": {}
    },
    {
      "name": "mitochondrial bioenergetics",
      "type": "monitoring_indicator",
      "properties": {}
    }
  ],
  "relations": [
    {
      "head": "Resveratrol",
      "relation": "treats",
      "tail": "myocardial ischemia/reperfusion injury",
      "properties": {}
    },
    {
      "head": "Resveratrol",
      "relation": "monitors",
      "tail": "mitochondrial quality control",
      "properties": {}
    },
    {
      "head": "Resveratrol",
      "relation": "activates",
      "tail": "Sirtuin proteins",
      "properties": {}
    },
    {
      "head": "Resveratrol",
      "relation": "participates",
      "tail": "cellular energy metabolism",
      "properties": {}
    },
    {
      "head": "Resveratrol",
      "relation": "protects",
      "tail": "myocardial ischemia/reperfusion injury",
      "properties": {}
    },
    {
      "head": "hypoxia/reoxygenation",
      "relation": "causes",
      "tail": "neonatal rat cardiomyocytes",
      "properties": {}
    },
    {
      "head": "Resveratrol",
      "relation": "activates",
      "tail": "Sirt1/Sirt3-FoxO pathway",
      "properties": {}
    },
    {
      "head": "Resveratrol",
      "relation": "repairs",
      "tail": "fission-fusion balance",
      "properties": {}
    },
    {
      "head": "Resveratrol",
      "relation": "repairs",
      "tail": "autophagic flux",
      "properties": {}
    },
    {
      "head": "Resveratrol",
      "relation": "repairs",
      "tail": "mitochondrial biosynthesis",
      "properties": {}
    },
    {
      "head": "Resveratrol",
      "relation": "increases",
      "tail": "functional mitochondrial number",
      "properties": {}
    },
    {
      "head": "Resveratrol",
      "relation": "increases",
      "tail": "mitochondrial bioenergetics",
      "properties": {}
    }
  ]
}