{
  "entities": [
    {
      "name": "C1q/tumor necrosis factor-related protein-6 (CTRP6) overexpression",
      "type": "treatment_regimen",
      "properties": {}
    },
    {
      "name": "myocardial ischemia-reperfusion (I/R) injury",
      "type": "complication",
      "properties": {}
    },
    {
      "name": "hypoxia/reoxygenation (H/R)-treated cardiomyocytes",
      "type": "complication",
      "properties": {}
    },
    {
      "name": "apoptosis",
      "type": "complication",
      "properties": {}
    },
    {
      "name": "oxidative stress",
      "type": "complication",
      "properties": {}
    },
    {
      "name": "inflammation",
      "type": "complication",
      "properties": {}
    },
    {
      "name": "myocardial injury",
      "type": "complication",
      "properties": {}
    },
    {
      "name": "infarction area",
      "type": "complication",
      "properties": {}
    },
    {
      "name": "cardiac apoptosis",
      "type": "complication",
      "properties": {}
    },
    {
      "name": "Nrf2 activation",
      "type": "monitoring_indicator",
      "properties": {}
    },
    {
      "name": "phosphorylated level of Akt",
      "type": "monitoring_indicator",
      "properties": {}
    },
    {
      "name": "phosphorylated level of GSK-3beta",
      "type": "monitoring_indicator",
      "properties": {}
    }
  ],
  "relations": [
    {
      "head": "C1q/tumor necrosis factor-related protein-6 (CTRP6) overexpression",
      "relation": "alleviates",
      "tail": "apoptosis",
      "properties": {}
    },
    {
      "head": "C1q/tumor necrosis factor-related protein-6 (CTRP6) overexpression",
      "relation": "alleviates",
      "tail": "oxidative stress",
      "properties": {}
    },
    {
      "head": "C1q/tumor necrosis factor-related protein-6 (CTRP6) overexpression",
      "relation": "alleviates",
      "tail": "inflammation",
      "properties": {}
    },
    {
      "head": "C1q/tumor necrosis factor-related protein-6 (CTRP6) overexpression",
      "relation": "alleviates",
      "tail": "myocardial injury",
      "properties": {}
    },
    {
      "head": "C1q/tumor necrosis factor-related protein-6 (CTRP6) overexpression",
      "relation": "alleviates",
      "tail": "infarction area",
      "properties": {}
    },
    {
      "head": "C1q/tumor necrosis factor-related protein-6 (CTRP6) overexpression",
      "relation": "alleviates",
      "tail": "cardiac apoptosis",
      "properties": {}
    },
    {
      "head": "C1q/tumor necrosis factor-related protein-6 (CTRP6) overexpression",
      "relation": "alleviates",
      "tail": "myocardial ischemia-reperfusion (I/R) injury",
      "properties": {}
    },
    {
      "head": "C1q/tumor necrosis factor-related protein-6 (CTRP6) overexpression",
      "relation": "alleviates",
      "tail": "hypoxia/reoxygenation (H/R)-treated cardiomyocytes",
      "properties": {}
    },
    {
      "head": "C1q/tumor necrosis factor-related protein-6 (CTRP6) overexpression",
      "relation": "monitors",
      "tail": "Nrf2 activation",
      "properties": {}
    },
    {
      "head": "C1q/tumor necrosis factor-related protein-6 (CTRP6) overexpression",
      "relation": "monitors",
      "tail": "phosphorylated level of Akt",
      "properties": {}
    },
    {
      "head": "C1q/tumor necrosis factor-related protein-6 (CTRP6) overexpression",
      "relation": "monitors",
      "tail": "phosphorylated level of GSK-3beta",
      "properties": {}
    }
  ]
}