{
  "entities": [
    {
      "name": "Oxygen-generating microparticles",
      "type": "medical_device",
      "properties": {}
    },
    {
      "name": "HIF-1alpha expression",
      "type": "monitoring_indicator",
      "properties": {}
    },
    {
      "name": "cardiac contractility",
      "type": "monitoring_indicator",
      "properties": {}
    },
    {
      "name": "ischemic injury",
      "type": "complication",
      "properties": {}
    }
  ],
  "relations": [
    {
      "head": "Oxygen-generating microparticles",
      "relation": "alleviates",
      "tail": "ischemic injury",
      "properties": {}
    },
    {
      "head": "Oxygen-generating microparticles",
      "relation": "monitors",
      "tail": "HIF-1alpha expression",
      "properties": {}
    },
    {
      "head": "Oxygen-generating microparticles",
      "relation": "monitors",
      "tail": "cardiac contractility",
      "properties": {}
    }
  ]
}