{
  "entities": [
    {
      "name": "temporary ventricular assist device support",
      "type": "treatment_regimen",
      "properties": {}
    },
    {
      "name": "catheter-based axial pump",
      "type": "medical_device",
      "properties": {}
    },
    {
      "name": "pediatric heart center",
      "type": "recipient_characteristic",
      "properties": {}
    },
    {
      "name": "Impella",
      "type": "medical_device",
      "properties": {
        "manufacturer": "Abiomed Inc"
      }
    }
  ],
  "relations": [
    {
      "head": "catheter-based axial pump",
      "relation": "part_of",
      "tail": "temporary ventricular assist device support",
      "properties": {}
    },
    {
      "head": "Impella",
      "relation": "part_of",
      "tail": "catheter-based axial pump",
      "properties": {}
    }
  ]
}