{
  "entities": [
    {
      "name": "hirudotherapy",
      "type": "treatment_regimen",
      "properties": {}
    },
    {
      "name": "limb ischemia",
      "type": "complication",
      "properties": {}
    },
    {
      "name": "pediatric intensive care unit",
      "type": "monitoring_indicator",
      "properties": {}
    },
    {
      "name": "microvascular malperfusion",
      "type": "risk_factor",
      "properties": {}
    },
    {
      "name": "medicinal leech therapy",
      "type": "treatment_regimen",
      "properties": {}
    },
    {
      "name": "plastic and reconstructive surgery",
      "type": "surgical_procedure",
      "properties": {}
    },
    {
      "name": "venous congestion",
      "type": "complication",
      "properties": {}
    },
    {
      "name": "ischemic flaps",
      "type": "complication",
      "properties": {}
    },
    {
      "name": "arterial malperfusion",
      "type": "risk_factor",
      "properties": {}
    },
    {
      "name": "refractory limb ischemia",
      "type": "complication",
      "properties": {}
    },
    {
      "name": "pediatric critical care unit",
      "type": "monitoring_indicator",
      "properties": {}
    },
    {
      "name": "coagulative status",
      "type": "monitoring_indicator",
      "properties": {}
    },
    {
      "name": "vascular access",
      "type": "monitoring_indicator",
      "properties": {}
    },
    {
      "name": "vasoactive medication",
      "type": "medication",
      "properties": {}
    },
    {
      "name": "bleeding",
      "type": "complication",
      "properties": {}
    },
    {
      "name": "limb outcomes",
      "type": "monitoring_indicator",
      "properties": {}
    },
    {
      "name": "mortality outcomes",
      "type": "monitoring_indicator",
      "properties": {}
    }
  ],
  "relations": [
    {
      "head": "microvascular malperfusion",
      "relation": "causes",
      "tail": "limb ischemia",
      "properties": {}
    },
    {
      "head": "arterial malperfusion",
      "relation": "causes",
      "tail": "ischemia",
      "properties": {}
    },
    {
      "head": "medicinal leech therapy",
      "relation": "treats",
      "tail": "venous congestion",
      "properties": {}
    },
    {
      "head": "hirudotherapy",
      "relation": "treats",
      "tail": "refractory limb ischemia",
      "properties": {}
    },
    {
      "head": "coagulative status",
      "relation": "monitors",
      "tail": "hirudotherapy",
      "properties": {}
    },
    {
      "head": "vascular access",
      "relation": "monitors",
      "tail": "hirudotherapy",
      "properties": {}
    },
    {
      "head": "vasoactive medication",
      "relation": "monitors",
      "tail": "hirudotherapy",
      "properties": {}
    },
    {
      "head": "bleeding",
      "relation": "monitors",
      "tail": "hirudotherapy",
      "properties": {}
    },
    {
      "head": "limb outcomes",
      "relation": "monitors",
      "tail": "hirudotherapy",
      "properties": {}
    },
    {
      "head": "mortality outcomes",
      "relation": "monitors",
      "tail": "hirudotherapy",
      "properties": {}
    },
    {
      "head": "retrospective observational cohort",
      "relation": "diagnostic_basis_for",
      "tail": "hirudotherapy use and outcomes",
      "properties": {
        "evidence_strength": "cohort study"
      }
    }
  ]
}