{
  "entities": [
    {
      "name": "cardiac resynchronization therapy",
      "type": "treatment_regimen",
      "properties": {}
    },
    {
      "name": "implantable cardioverter defibrillator",
      "type": "medical_device",
      "properties": {}
    },
    {
      "name": "CRT implantation",
      "type": "surgical_procedure",
      "properties": {}
    },
    {
      "name": "non-ischemic heart failure",
      "type": "recipient_characteristic",
      "properties": {}
    },
    {
      "name": "sudden cardiac death",
      "type": "complication",
      "properties": {}
    },
    {
      "name": "Goldenberg SCD risk score",
      "type": "monitoring_indicator",
      "properties": {}
    },
    {
      "name": "atrial fibrillation",
      "type": "risk_factor",
      "properties": {}
    },
    {
      "name": "New York Heart Association (NYHA) class > 2",
      "type": "risk_factor",
      "properties": {}
    },
    {
      "name": "age > 70 years",
      "type": "risk_factor",
      "properties": {}
    },
    {
      "name": "primary prevention",
      "type": "treatment_regimen",
      "properties": {}
    },
    {
      "name": "individual risk assessment",
      "type": "monitoring_indicator",
      "properties": {}
    }
  ],
  "relations": [
    {
      "head": "non-ischemic heart failure",
      "relation": "prerequisite_of",
      "tail": "CRT implantation",
      "properties": {}
    },
    {
      "head": "CRT implantation",
      "relation": "precedes",
      "tail": "cardiac resynchronization therapy",
      "properties": {}
    },
    {
      "head": "implantable cardioverter defibrillator",
      "relation": "part_of",
      "tail": "cardiac resynchronization therapy",
      "properties": {}
    },
    {
      "head": "cardiac resynchronization therapy",
      "relation": "treats",
      "tail": "non-ischemic heart failure",
      "properties": {}
    },
    {
      "head": "cardiac resynchronization therapy",
      "relation": "alleviates",
      "tail": "sudden cardiac death",
      "properties": {}
    },
    {
      "head": "atrial fibrillation",
      "relation": "increases_risk",
      "tail": "sudden cardiac death",
      "properties": {}
    },
    {
      "head": "New York Heart Association (NYHA) class > 2",
      "relation": "increases_risk",
      "tail": "sudden cardiac death",
      "properties": {}
    },
    {
      "head": "age > 70 years",
      "relation": "increases_risk",
      "tail": "sudden cardiac death",
      "properties": {}
    },
    {
      "head": "Goldenberg SCD risk score",
      "relation": "monitors",
      "tail": "sudden cardiac death",
      "properties": {}
    },
    {
      "head": "Goldenberg SCD risk score",
      "relation": "diagnostic_basis_for",
      "tail": "individual risk assessment",
      "properties": {}
    },
    {
      "head": "individual risk assessment",
      "relation": "prerequisite_of",
      "tail": "primary prevention",
      "properties": {}
    },
    {
      "head": "primary prevention",
      "relation": "treats",
      "tail": "sudden cardiac death",
      "properties": {}
    }
  ]
}