{
  "entities": [
    {
      "name": "orthotopic heart transplant",
      "type": "surgical_procedure",
      "properties": {}
    },
    {
      "name": "SARS-CoV-2 infection",
      "type": "complication",
      "properties": {}
    },
    {
      "name": "Pfizer-BioNtech COVID-19 vaccine",
      "type": "medication",
      "properties": {}
    },
    {
      "name": "refractory hypoxemia",
      "type": "complication",
      "properties": {}
    },
    {
      "name": "veno-venous extracorporeal membrane oxygenation",
      "type": "medical_device",
      "properties": {}
    },
    {
      "name": "VV ECLS",
      "type": "medical_device",
      "properties": {}
    },
    {
      "name": "immunocompromised populations",
      "type": "recipient_characteristic",
      "properties": {}
    }
  ],
  "relations": [
    {
      "head": "orthotopic heart transplant",
      "relation": "increases_risk",
      "tail": "SARS-CoV-2 infection",
      "properties": {}
    },
    {
      "head": "Pfizer-BioNtech COVID-19 vaccine",
      "relation": "alleviates",
      "tail": "SARS-CoV-2 infection",
      "properties": {}
    },
    {
      "head": "veno-venous extracorporeal membrane oxygenation",
      "relation": "treats",
      "tail": "refractory hypoxemia",
      "properties": {}
    },
    {
      "head": "VV ECLS",
      "relation": "part_of",
      "tail": "veno-venous extracorporeal membrane oxygenation",
      "properties": {}
    },
    {
      "head": "immunocompromised populations",
      "relation": "increases_risk",
      "tail": "SARS-CoV-2 infection",
      "properties": {}
    }
  ]
}