{
  "entities": [
    {
      "name": "Total artificial heart (TAH) implantation",
      "type": "surgical_procedure",
      "properties": {}
    },
    {
      "name": "left ventricular assist device (VAD) implantation",
      "type": "surgical_procedure",
      "properties": {}
    },
    {
      "name": "severe biventricular heart failure",
      "type": "recipient_characteristic",
      "properties": {}
    },
    {
      "name": "two VADs in a TAH configuration",
      "type": "medical_device",
      "properties": {}
    },
    {
      "name": "HeartMate 3",
      "type": "medical_device",
      "properties": {}
    },
    {
      "name": "cardiac replacement with artificial hearts",
      "type": "treatment_regimen",
      "properties": {}
    },
    {
      "name": "cardiectomy",
      "type": "surgical_procedure",
      "properties": {}
    }
  ],
  "relations": [
    {
      "head": "Total artificial heart (TAH) implantation",
      "relation": "part_of",
      "tail": "cardiac replacement with artificial hearts",
      "properties": {}
    },
    {
      "head": "left ventricular assist device (VAD) implantation",
      "relation": "part_of",
      "tail": "cardiac replacement with artificial hearts",
      "properties": {}
    },
    {
      "head": "severe biventricular heart failure",
      "relation": "prerequisite_of",
      "tail": "cardiac replacement with artificial hearts",
      "properties": {}
    },
    {
      "head": "two VADs in a TAH configuration",
      "relation": "part_of",
      "tail": "cardiac replacement with artificial hearts",
      "properties": {}
    },
    {
      "head": "HeartMate 3",
      "relation": "part_of",
      "tail": "two VADs in a TAH configuration",
      "properties": {}
    },
    {
      "head": "cardiectomy",
      "relation": "precedes",
      "tail": "placement of two HeartMate 3 devices",
      "properties": {}
    }
  ]
}