{
  "entities": [
    {
      "name": "Endothelial phosphoinositide 3-kinase-beta inactivation",
      "type": "treatment_regimen",
      "properties": {}
    },
    {
      "name": "immune-mediated vascular injury",
      "type": "complication",
      "properties": {}
    }
  ],
  "relations": [
    {
      "head": "Endothelial phosphoinositide 3-kinase-beta inactivation",
      "relation": "alleviates",
      "tail": "immune-mediated vascular injury",
      "properties": {}
    }
  ]
}