{
  "entities": [
    {
      "name": "cardiac transplantation",
      "type": "surgical_procedure",
      "properties": {}
    },
    {
      "name": "ischemic heart disease",
      "type": "recipient_characteristic",
      "properties": {}
    },
    {
      "name": "direct cardiac reprogramming",
      "type": "treatment_regimen",
      "properties": {}
    },
    {
      "name": "cardiac fibroblasts (CFs)",
      "type": "recipient_characteristic",
      "properties": {}
    },
    {
      "name": "induced cardiomyocyte-like cells (iCMs)",
      "type": "recipient_characteristic",
      "properties": {}
    },
    {
      "name": "in vivo reprogramming",
      "type": "treatment_regimen",
      "properties": {}
    },
    {
      "name": "cardiac contractile function",
      "type": "monitoring_indicator",
      "properties": {}
    },
    {
      "name": "scar area",
      "type": "complication",
      "properties": {}
    },
    {
      "name": "acute myocardial infarction (MI)",
      "type": "risk_factor",
      "properties": {}
    },
    {
      "name": "myocardium",
      "type": "recipient_characteristic",
      "properties": {}
    },
    {
      "name": "fibrosis",
      "type": "complication",
      "properties": {}
    },
    {
      "name": "pro-fibrotic fibroblasts",
      "type": "recipient_characteristic",
      "properties": {}
    },
    {
      "name": "heart failure",
      "type": "complication",
      "properties": {}
    },
    {
      "name": "chronic MI",
      "type": "risk_factor",
      "properties": {}
    }
  ],
  "relations": [
    {
      "head": "direct cardiac reprogramming",
      "relation": "treats",
      "tail": "ischemic heart disease",
      "properties": {}
    },
    {
      "head": "direct cardiac reprogramming",
      "relation": "part_of",
      "tail": "cardiac regenerative therapy",
      "properties": {}
    },
    {
      "head": "direct cardiac reprogramming",
      "relation": "precedes",
      "tail": "induced cardiomyocyte-like cells (iCMs)",
      "properties": {}
    },
    {
      "head": "in vivo reprogramming",
      "relation": "alleviates",
      "tail": "cardiac transplantation",
      "properties": {}
    },
    {
      "head": "in vivo cardiac reprogramming",
      "relation": "treats",
      "tail": "acute myocardial infarction (MI)",
      "properties": {}
    },
    {
      "head": "in vivo cardiac reprogramming",
      "relation": "alleviates",
      "tail": "scar area",
      "properties": {}
    },
    {
      "head": "in vivo cardiac reprogramming",
      "relation": "monitors",
      "tail": "cardiac contractile function",
      "properties": {}
    },
    {
      "head": "in vivo cardiac reprogramming",
      "relation": "treats",
      "tail": "chronic MI",
      "properties": {}
    },
    {
      "head": "in vivo cardiac reprogramming",
      "relation": "alleviates",
      "tail": "heart failure",
      "properties": {}
    },
    {
      "head": "in vivo cardiac reprogramming",
      "relation": "alleviates",
      "tail": "fibrosis",
      "properties": {}
    }
  ]
}