{
  "entities": [
    {
      "name": "refractory out-of-hospital cardiac arrest",
      "type": "recipient_characteristic",
      "properties": {}
    },
    {
      "name": "extracorporeal cardiopulmonary resuscitation",
      "type": "surgical_procedure",
      "properties": {}
    },
    {
      "name": "conventional cardiopulmonary resuscitation",
      "type": "surgical_procedure",
      "properties": {}
    },
    {
      "name": "return of spontaneous circulation",
      "type": "monitoring_indicator",
      "properties": {}
    },
    {
      "name": "survival",
      "type": "monitoring_indicator",
      "properties": {}
    },
    {
      "name": "neurological outcome",
      "type": "monitoring_indicator",
      "properties": {}
    },
    {
      "name": "randomized controlled trials",
      "type": "diagnostic_criteria",
      "properties": {
        "evidence_strength": "RCT"
      }
    }
  ],
  "relations": [
    {
      "head": "extracorporeal cardiopulmonary resuscitation",
      "relation": "precedes",
      "tail": "return of spontaneous circulation",
      "properties": {}
    },
    {
      "head": "extracorporeal cardiopulmonary resuscitation",
      "relation": "monitors",
      "tail": "survival",
      "properties": {}
    },
    {
      "head": "extracorporeal cardiopulmonary resuscitation",
      "relation": "monitors",
      "tail": "neurological outcome",
      "properties": {}
    },
    {
      "head": "refractory out-of-hospital cardiac arrest",
      "relation": "prerequisite_of",
      "tail": "extracorporeal cardiopulmonary resuscitation",
      "properties": {}
    },
    {
      "head": "conventional cardiopulmonary resuscitation",
      "relation": "precedes",
      "tail": "extracorporeal cardiopulmonary resuscitation",
      "properties": {}
    }
  ]
}