{
  "entities": [
    {
      "name": "Heart failure",
      "type": "recipient_characteristic",
      "properties": {}
    },
    {
      "name": "pediatric patients",
      "type": "recipient_characteristic",
      "properties": {}
    },
    {
      "name": "feeding problems",
      "type": "recipient_characteristic",
      "properties": {}
    },
    {
      "name": "poor weight gain",
      "type": "recipient_characteristic",
      "properties": {}
    },
    {
      "name": "exercise intolerance",
      "type": "recipient_characteristic",
      "properties": {}
    },
    {
      "name": "dyspnea",
      "type": "recipient_characteristic",
      "properties": {}
    },
    {
      "name": "endocrine disorders",
      "type": "complication",
      "properties": {}
    },
    {
      "name": "congenital heart defects",
      "type": "risk_factor",
      "properties": {}
    },
    {
      "name": "cardiomyopathies",
      "type": "risk_factor",
      "properties": {}
    },
    {
      "name": "arrhythmias",
      "type": "risk_factor",
      "properties": {}
    },
    {
      "name": "myocarditis",
      "type": "risk_factor",
      "properties": {}
    },
    {
      "name": "heart failure secondary to oncological treatment",
      "type": "risk_factor",
      "properties": {}
    },
    {
      "name": "Heart transplantation",
      "type": "surgical_procedure",
      "properties": {}
    },
    {
      "name": "end-stage HF",
      "type": "recipient_characteristic",
      "properties": {}
    }
  ],
  "relations": [
    {
      "head": "congenital heart defects",
      "relation": "causes",
      "tail": "Heart failure",
      "properties": {}
    },
    {
      "head": "cardiomyopathies",
      "relation": "causes",
      "tail": "Heart failure",
      "properties": {}
    },
    {
      "head": "arrhythmias",
      "relation": "causes",
      "tail": "Heart failure",
      "properties": {}
    },
    {
      "head": "myocarditis",
      "relation": "causes",
      "tail": "Heart failure",
      "properties": {}
    },
    {
      "head": "heart failure secondary to oncological treatment",
      "relation": "causes",
      "tail": "Heart failure",
      "properties": {}
    },
    {
      "head": "Heart transplantation",
      "relation": "treats",
      "tail": "end-stage HF",
      "properties": {}
    },
    {
      "head": "feeding problems",
      "relation": "part_of",
      "tail": "Heart failure",
      "properties": {}
    },
    {
      "head": "poor weight gain",
      "relation": "part_of",
      "tail": "Heart failure",
      "properties": {}
    },
    {
      "head": "exercise intolerance",
      "relation": "part_of",
      "tail": "Heart failure",
      "properties": {}
    },
    {
      "head": "dyspnea",
      "relation": "part_of",
      "tail": "Heart failure",
      "properties": {}
    },
    {
      "head": "endocrine disorders",
      "relation": "part_of",
      "tail": "Heart failure",
      "properties": {}
    }
  ]
}