{
  "entities": [
    {
      "name": "Left ventricular assist device",
      "type": "medical_device",
      "properties": {}
    },
    {
      "name": "Co-pulse left ventricular unloading",
      "type": "surgical_procedure",
      "properties": {}
    },
    {
      "name": "ex vivo heart perfusion",
      "type": "surgical_procedure",
      "properties": {}
    }
  ],
  "relations": [
    {
      "head": "Left ventricular assist device",
      "relation": "part_of",
      "tail": "Co-pulse left ventricular unloading",
      "properties": {}
    },
    {
      "head": "Co-pulse left ventricular unloading",
      "relation": "precedes",
      "tail": "ex vivo heart perfusion",
      "properties": {}
    }
  ]
}