{
  "entities": [
    {
      "name": "heart transplant",
      "type": "surgical_procedure",
      "properties": {}
    },
    {
      "name": "donor left ventricular ejection fraction",
      "type": "donor_characteristic",
      "properties": {}
    },
    {
      "name": "LVEF",
      "type": "donor_characteristic",
      "properties": {
        "abbreviation": "left ventricular ejection fraction"
      }
    },
    {
      "name": "dLVEF",
      "type": "donor_characteristic",
      "properties": {
        "abbreviation": "donor left ventricular ejection fraction"
      }
    },
    {
      "name": "ischemic time",
      "type": "donor_characteristic",
      "properties": {}
    },
    {
      "name": "donor age",
      "type": "donor_characteristic",
      "properties": {}
    },
    {
      "name": "ventricular dysfunction",
      "type": "donor_characteristic",
      "properties": {}
    },
    {
      "name": "long-term survival",
      "type": "recipient_characteristic",
      "properties": {}
    },
    {
      "name": "overall mortality",
      "type": "risk_factor",
      "properties": {}
    },
    {
      "name": "retrospective analysis",
      "type": "monitoring_indicator",
      "properties": {
        "evidence_strength": "retrospective cohort study"
      }
    }
  ],
  "relations": [
    {
      "head": "donor ejection fractions <50%",
      "relation": "increases_risk",
      "tail": "overall mortality",
      "properties": {
        "HR": "1.16",
        "p_value": ".013"
      }
    },
    {
      "head": "ischemic time >3.0 h",
      "relation": "increases_risk",
      "tail": "overall mortality",
      "properties": {
        "subgroup": "donor ejection fractions <50%",
        "3.1-4.0h_HR": "1.23",
        "3.1-4.0h_p_value": ".024",
        ">4.0h_HR": "1.52",
        ">4.0h_p_value": "< .001"
      }
    },
    {
      "head": "retrospective analysis",
      "relation": "monitors",
      "tail": "long-term survival",
      "properties": {
        "study_period": "1996-2021",
        "sample_size": "46,936"
      }
    }
  ]
}