{
  "entities": [
    {
      "name": "Metformin",
      "type": "medication",
      "properties": {}
    },
    {
      "name": "cardiac ischemia and reperfusion",
      "type": "complication",
      "properties": {}
    },
    {
      "name": "ferroptosis",
      "type": "complication",
      "properties": {}
    },
    {
      "name": "NOX4",
      "type": "monitoring_indicator",
      "properties": {}
    },
    {
      "name": "AMPKalpha",
      "type": "monitoring_indicator",
      "properties": {}
    },
    {
      "name": "oxygen-glucose deprivation/reoxygenation",
      "type": "complication",
      "properties": {}
    },
    {
      "name": "adenosine monophosphate-activated protein kinase alpha siRNA",
      "type": "treatment_regimen",
      "properties": {}
    },
    {
      "name": "cell counting kit-8 assay",
      "type": "diagnostic_criteria",
      "properties": {}
    },
    {
      "name": "dichloro-dihydro-fluorescein diacetate staining",
      "type": "diagnostic_criteria",
      "properties": {}
    },
    {
      "name": "JC-1 staining",
      "type": "diagnostic_criteria",
      "properties": {}
    },
    {
      "name": "haematoxylin-eosin staining",
      "type": "diagnostic_criteria",
      "properties": {}
    },
    {
      "name": "Prussian blue staining",
      "type": "diagnostic_criteria",
      "properties": {}
    },
    {
      "name": "immunohistochemistry",
      "type": "diagnostic_criteria",
      "properties": {}
    },
    {
      "name": "transmission electron microscope",
      "type": "medical_device",
      "properties": {}
    }
  ],
  "relations": [
    {
      "head": "Metformin",
      "relation": "alleviates",
      "tail": "ferroptosis",
      "properties": {
        "context": "in cardiac ischemia and reperfusion"
      }
    },
    {
      "head": "Metformin",
      "relation": "alleviates",
      "tail": "cardiac ischemia and reperfusion injury",
      "properties": {}
    },
    {
      "head": "Metformin",
      "relation": "monitors",
      "tail": "NOX4",
      "properties": {
        "mechanism": "reduces expression"
      }
    },
    {
      "head": "Metformin",
      "relation": "monitors",
      "tail": "AMPKalpha",
      "properties": {
        "mechanism": "promotes"
      }
    },
    {
      "head": "AMPKalpha",
      "relation": "precedes",
      "tail": "NOX4",
      "properties": {
        "interaction": "expression reduction"
      }
    }
  ]
}