{
  "entities": [
    {
      "name": "Ventricular assist devices",
      "type": "medical_device",
      "properties": {}
    },
    {
      "name": "inotropes",
      "type": "medication",
      "properties": {}
    },
    {
      "name": "heart transplant",
      "type": "surgical_procedure",
      "properties": {}
    },
    {
      "name": "outpatient settings",
      "type": "treatment_regimen",
      "properties": {}
    },
    {
      "name": "children",
      "type": "recipient_characteristic",
      "properties": {}
    },
    {
      "name": "clinical status at HT",
      "type": "monitoring_indicator",
      "properties": {}
    },
    {
      "name": "posttransplant survival",
      "type": "monitoring_indicator",
      "properties": {}
    },
    {
      "name": "United Network for Organ Sharing",
      "type": "diagnostic_criteria",
      "properties": {}
    },
    {
      "name": "patients aged 18 years or younger",
      "type": "recipient_characteristic",
      "properties": {}
    },
    {
      "name": "weighing >25 kg",
      "type": "recipient_characteristic",
      "properties": {}
    }
  ],
  "relations": [
    {
      "head": "Ventricular assist devices",
      "relation": "part_of",
      "tail": "outpatient settings",
      "properties": {}
    },
    {
      "head": "inotropes",
      "relation": "part_of",
      "tail": "outpatient settings",
      "properties": {}
    },
    {
      "head": "Ventricular assist devices",
      "relation": "precedes",
      "tail": "heart transplant",
      "properties": {}
    },
    {
      "head": "inotropes",
      "relation": "precedes",
      "tail": "heart transplant",
      "properties": {}
    },
    {
      "head": "children",
      "relation": "recipient_characteristic",
      "tail": "heart transplant",
      "properties": {}
    },
    {
      "head": "clinical status at HT",
      "relation": "monitors",
      "tail": "heart transplant",
      "properties": {}
    },
    {
      "head": "posttransplant survival",
      "relation": "monitors",
      "tail": "heart transplant",
      "properties": {}
    },
    {
      "head": "United Network for Organ Sharing",
      "relation": "diagnostic_basis_for",
      "tail": "patients aged 18 years or younger",
      "properties": {}
    },
    {
      "head": "United Network for Organ Sharing",
      "relation": "diagnostic_basis_for",
      "tail": "weighing >25 kg",
      "properties": {}
    }
  ]
}