{
  "entities": [
    {
      "name": "T1 Mapping",
      "type": "monitoring_indicator",
      "properties": {}
    },
    {
      "name": "Extracellular Volume",
      "type": "monitoring_indicator",
      "properties": {}
    },
    {
      "name": "Chagas Cardiomyopathy",
      "type": "recipient_characteristic",
      "properties": {}
    },
    {
      "name": "Diffuse Myocardial Fibrosis",
      "type": "complication",
      "properties": {}
    },
    {
      "name": "Inflammation",
      "type": "complication",
      "properties": {}
    }
  ],
  "relations": [
    {
      "head": "T1 Mapping",
      "relation": "monitors",
      "tail": "Diffuse Myocardial Fibrosis",
      "properties": {}
    },
    {
      "head": "Extracellular Volume",
      "relation": "monitors",
      "tail": "Diffuse Myocardial Fibrosis",
      "properties": {}
    },
    {
      "head": "T1 Mapping",
      "relation": "monitors",
      "tail": "Inflammation",
      "properties": {}
    },
    {
      "head": "Extracellular Volume",
      "relation": "monitors",
      "tail": "Inflammation",
      "properties": {}
    },
    {
      "head": "T1 Mapping",
      "relation": "diagnostic_basis_for",
      "tail": "Chagas Cardiomyopathy",
      "properties": {}
    },
    {
      "head": "Extracellular Volume",
      "relation": "diagnostic_basis_for",
      "tail": "Chagas Cardiomyopathy",
      "properties": {}
    }
  ]
}