{
  "entities": [
    {
      "name": "Open-chest epicardial ablation",
      "type": "surgical_procedure",
      "properties": {}
    },
    {
      "name": "ventricular tachycardia",
      "type": "complication",
      "properties": {}
    },
    {
      "name": "left ventricular assist device implantation",
      "type": "surgical_procedure",
      "properties": {}
    },
    {
      "name": "Ventricular arrhythmias",
      "type": "complication",
      "properties": {}
    },
    {
      "name": "left ventricular assist device",
      "type": "medical_device",
      "properties": {}
    },
    {
      "name": "ventricular tachycardias",
      "type": "complication",
      "properties": {}
    },
    {
      "name": "preexisting cardiomyopathy substrate",
      "type": "risk_factor",
      "properties": {}
    },
    {
      "name": "Intraoperative ablation",
      "type": "surgical_procedure",
      "properties": {}
    },
    {
      "name": "recurrent preoperative VTs",
      "type": "risk_factor",
      "properties": {}
    },
    {
      "name": "advanced heart failure",
      "type": "recipient_characteristic",
      "properties": {}
    },
    {
      "name": "non-ischaemic cardiomyopathy",
      "type": "recipient_characteristic",
      "properties": {}
    },
    {
      "name": "LV ejection fraction = 24%",
      "type": "recipient_characteristic",
      "properties": {}
    },
    {
      "name": "recurrent VTs",
      "type": "recipient_characteristic",
      "properties": {}
    },
    {
      "name": "LVAD implantation",
      "type": "surgical_procedure",
      "properties": {}
    },
    {
      "name": "heart transplant",
      "type": "surgical_procedure",
      "properties": {}
    },
    {
      "name": "INTERMACS Profile-5A",
      "type": "recipient_characteristic",
      "properties": {}
    },
    {
      "name": "endocardial ablation",
      "type": "surgical_procedure",
      "properties": {}
    },
    {
      "name": "epicardial arrhythmogenic substrate",
      "type": "risk_factor",
      "properties": {}
    },
    {
      "name": "open-chest epicardial mapping",
      "type": "monitoring_indicator",
      "properties": {}
    },
    {
      "name": "arrhythmogenic substrate",
      "type": "risk_factor",
      "properties": {}
    }
  ],
  "relations": [
    {
      "head": "left ventricular assist device implantation",
      "relation": "causes",
      "tail": "Ventricular arrhythmias",
      "properties": {}
    },
    {
      "head": "preexisting cardiomyopathy substrate",
      "relation": "causes",
      "tail": "ventricular tachycardias",
      "properties": {}
    },
    {
      "head": "Intraoperative ablation",
      "relation": "alleviates",
      "tail": "post-LVAD VTs",
      "properties": {}
    },
    {
      "head": "recurrent preoperative VTs",
      "relation": "increases_risk",
      "tail": "post-LVAD VTs",
      "properties": {}
    },
    {
      "head": "LVAD implantation",
      "relation": "precedes",
      "tail": "heart transplant",
      "properties": {}
    },
    {
      "head": "epicardial arrhythmogenic substrate",
      "relation": "causes",
      "tail": "endocardial ablation failure",
      "properties": {}
    },
    {
      "head": "open-chest epicardial mapping",
      "relation": "monitors",
      "tail": "arrhythmogenic substrate",
      "properties": {}
    }
  ]
}