{
  "entities": [
    {
      "name": "Prinzmetal angina",
      "type": "complication",
      "properties": {}
    },
    {
      "name": "actin alpha cardiac muscle 1 (ACTC1) gene mutation",
      "type": "recipient_characteristic",
      "properties": {}
    },
    {
      "name": "left ventricular non-compaction",
      "type": "complication",
      "properties": {}
    },
    {
      "name": "decreased systolic function",
      "type": "complication",
      "properties": {}
    },
    {
      "name": "oral heart failure medications",
      "type": "medication",
      "properties": {}
    },
    {
      "name": "calcium channel blocker",
      "type": "medication",
      "properties": {}
    },
    {
      "name": "nitroglycerine",
      "type": "medication",
      "properties": {}
    },
    {
      "name": "cardiac transplant",
      "type": "surgical_procedure",
      "properties": {}
    },
    {
      "name": "sudden death",
      "type": "risk_factor",
      "properties": {}
    },
    {
      "name": "lactic acidosis",
      "type": "monitoring_indicator",
      "properties": {}
    },
    {
      "name": "low mixed venous oxygen saturations",
      "type": "monitoring_indicator",
      "properties": {}
    }
  ],
  "relations": [
    {
      "head": "actin alpha cardiac muscle 1 (ACTC1) gene mutation",
      "relation": "causes",
      "tail": "left ventricular non-compaction",
      "properties": {}
    },
    {
      "head": "actin alpha cardiac muscle 1 (ACTC1) gene mutation",
      "relation": "causes",
      "tail": "decreased systolic function",
      "properties": {}
    },
    {
      "head": "oral heart failure medications",
      "relation": "treats",
      "tail": "heart failure",
      "properties": {}
    },
    {
      "head": "calcium channel blocker",
      "relation": "treats",
      "tail": "Prinzmetal angina",
      "properties": {}
    },
    {
      "head": "nitroglycerine",
      "relation": "alleviates",
      "tail": "Prinzmetal angina episodes",
      "properties": {}
    },
    {
      "head": "sudden death",
      "relation": "increases_risk",
      "tail": "cardiac transplant",
      "properties": {}
    },
    {
      "head": "lactic acidosis",
      "relation": "monitors",
      "tail": "low cardiac output",
      "properties": {}
    },
    {
      "head": "low mixed venous oxygen saturations",
      "relation": "monitors",
      "tail": "low cardiac output",
      "properties": {}
    }
  ]
}