{
  "entities": [
    {
      "name": "Pediatric heart transplantation",
      "type": "surgical_procedure",
      "properties": {}
    },
    {
      "name": "donation after circulatory death",
      "type": "donor_characteristic",
      "properties": {}
    },
    {
      "name": "normothermic regional perfusion",
      "type": "surgical_procedure",
      "properties": {}
    },
    {
      "name": "cold storage",
      "type": "treatment_regimen",
      "properties": {}
    },
    {
      "name": "distant donor",
      "type": "donor_characteristic",
      "properties": {}
    }
  ],
  "relations": [
    {
      "head": "normothermic regional perfusion",
      "relation": "part_of",
      "tail": "Pediatric heart transplantation",
      "properties": {}
    },
    {
      "head": "cold storage",
      "relation": "part_of",
      "tail": "Pediatric heart transplantation",
      "properties": {}
    },
    {
      "head": "donation after circulatory death",
      "relation": "prerequisite_of",
      "tail": "Pediatric heart transplantation",
      "properties": {}
    },
    {
      "head": "distant donor",
      "relation": "prerequisite_of",
      "tail": "Pediatric heart transplantation",
      "properties": {}
    }
  ]
}