{
  "entities": [
    {
      "name": "Controlled Release of Hydrogen-Carrying Perfluorocarbons",
      "type": "treatment_regimen",
      "properties": {}
    },
    {
      "name": "Ischemia Myocardium",
      "type": "risk_factor",
      "properties": {}
    },
    {
      "name": "19F MRI",
      "type": "monitoring_indicator",
      "properties": {}
    },
    {
      "name": "Reperfusion Injury",
      "type": "complication",
      "properties": {}
    }
  ],
  "relations": [
    {
      "head": "Controlled Release of Hydrogen-Carrying Perfluorocarbons",
      "relation": "treats",
      "tail": "Reperfusion Injury",
      "properties": {}
    },
    {
      "head": "19F MRI",
      "relation": "monitors",
      "tail": "Ischemia Myocardium",
      "properties": {}
    }
  ]
}