{
  "entities": [
    {
      "name": "Rat Model of Normothermic Ex-Situ Perfused Heterotopic Heart Transplantation",
      "type": "surgical_procedure",
      "properties": {}
    },
    {
      "name": "heparin",
      "type": "medication",
      "properties": {
        "dose": "200 IU",
        "route": "subcutaneously"
      }
    },
    {
      "name": "cefazolin",
      "type": "medication",
      "properties": {
        "dose": "10 mg/kg",
        "route": "subcutaneously or intramuscularly"
      }
    },
    {
      "name": "diclofenac",
      "type": "medication",
      "properties": {
        "dose": "20 mg/kg",
        "route": "subcutaneously"
      }
    },
    {
      "name": "mid-line laparotomy",
      "type": "surgical_procedure",
      "properties": {}
    },
    {
      "name": "surgical microscope",
      "type": "medical_device",
      "properties": {
        "magnification": "10x"
      }
    },
    {
      "name": "anastomosis",
      "type": "surgical_procedure",
      "properties": {}
    },
    {
      "name": "implantation",
      "type": "surgical_procedure",
      "properties": {}
    },
    {
      "name": "body temperature",
      "type": "monitoring_indicator",
      "properties": {
        "target_value": "37 degrees C"
      }
    },
    {
      "name": "warm saline",
      "type": "medication",
      "properties": {
        "dose": "2 mL",
        "route": "subcutaneously"
      }
    }
  ],
  "relations": [
    {
      "head": "heparin",
      "relation": "part_of",
      "tail": "Rat Model of Normothermic Ex-Situ Perfused Heterotopic Heart Transplantation",
      "properties": {}
    },
    {
      "head": "cefazolin",
      "relation": "part_of",
      "tail": "Rat Model of Normothermic Ex-Situ Perfused Heterotopic Heart Transplantation",
      "properties": {}
    },
    {
      "head": "diclofenac",
      "relation": "part_of",
      "tail": "Rat Model of Normothermic Ex-Situ Perfused Heterotopic Heart Transplantation",
      "properties": {}
    },
    {
      "head": "mid-line laparotomy",
      "relation": "precedes",
      "tail": "implantation",
      "properties": {}
    },
    {
      "head": "surgical microscope",
      "relation": "monitors",
      "tail": "anastomosis",
      "properties": {}
    },
    {
      "head": "anastomosis",
      "relation": "part_of",
      "tail": "implantation",
      "properties": {}
    },
    {
      "head": "implantation",
      "relation": "part_of",
      "tail": "Rat Model of Normothermic Ex-Situ Perfused Heterotopic Heart Transplantation",
      "properties": {}
    },
    {
      "head": "temperature probe",
      "relation": "monitors",
      "tail": "body temperature",
      "properties": {}
    },
    {
      "head": "warm saline",
      "relation": "treats",
      "tail": "fluid lost during the surgery",
      "properties": {}
    }
  ]
}