{
  "entities": [
    {
      "name": "heterotopic heart transplantation",
      "type": "surgical_procedure",
      "properties": {}
    },
    {
      "name": "neonatal rat donor hearts",
      "type": "donor_characteristic",
      "properties": {}
    },
    {
      "name": "adolescent rat",
      "type": "recipient_characteristic",
      "properties": {}
    },
    {
      "name": "flow stagnation",
      "type": "risk_factor",
      "properties": {}
    },
    {
      "name": "Endocardial fibroelastosis (EFE)",
      "type": "complication",
      "properties": {}
    },
    {
      "name": "subendocardial tissue accumulation",
      "type": "diagnostic_criteria",
      "properties": {}
    },
    {
      "name": "congenital critical aortic stenosis",
      "type": "contraindication",
      "properties": {}
    },
    {
      "name": "hypoplastic left heart syndrome (HLHS)",
      "type": "contraindication",
      "properties": {}
    },
    {
      "name": "surgical resection",
      "type": "treatment_regimen",
      "properties": {}
    },
    {
      "name": "infrarenal aorta",
      "type": "medical_device",
      "properties": {}
    },
    {
      "name": "inferior vena cava",
      "type": "medical_device",
      "properties": {}
    }
  ],
  "relations": [
    {
      "head": "flow stagnation",
      "relation": "causes",
      "tail": "EFE growth",
      "properties": {}
    },
    {
      "head": "heterotopic heart transplantation",
      "relation": "precedes",
      "tail": "EFE growth",
      "properties": {}
    },
    {
      "head": "subendocardial tissue accumulation",
      "relation": "diagnostic_basis_for",
      "tail": "Endocardial fibroelastosis (EFE)",
      "properties": {}
    },
    {
      "head": "congenital critical aortic stenosis",
      "relation": "part_of",
      "tail": "contraindication for biventricular surgical repair",
      "properties": {}
    },
    {
      "head": "hypoplastic left heart syndrome (HLHS)",
      "relation": "part_of",
      "tail": "contraindication for biventricular surgical repair",
      "properties": {}
    },
    {
      "head": "surgical resection",
      "relation": "treats",
      "tail": "Endocardial fibroelastosis (EFE)",
      "properties": {}
    }
  ]
}