{
  "entities": [
    {
      "name": "Impella 5.5",
      "type": "medical_device",
      "properties": {
        "manufacturer": "Abiomed, Danvers, MA, USA",
        "function": "microaxial flow pump"
      }
    },
    {
      "name": "left ventricular unloading",
      "type": "surgical_procedure",
      "properties": {}
    },
    {
      "name": "end-organ perfusion",
      "type": "monitoring_indicator",
      "properties": {}
    },
    {
      "name": "durable left ventricular assist device (LVAD) implantation",
      "type": "surgical_procedure",
      "properties": {}
    },
    {
      "name": "thrombus formation",
      "type": "complication",
      "properties": {}
    },
    {
      "name": "aortic cross-clamping",
      "type": "surgical_procedure",
      "properties": {}
    },
    {
      "name": "embolize",
      "type": "complication",
      "properties": {}
    },
    {
      "name": "catastrophic events",
      "type": "complication",
      "properties": {}
    }
  ],
  "relations": [
    {
      "head": "Impella 5.5",
      "relation": "part_of",
      "tail": "left ventricular unloading",
      "properties": {}
    },
    {
      "head": "Impella 5.5",
      "relation": "part_of",
      "tail": "end-organ perfusion",
      "properties": {}
    },
    {
      "head": "Impella 5.5",
      "relation": "precedes",
      "tail": "durable left ventricular assist device (LVAD) implantation",
      "properties": {}
    },
    {
      "head": "thrombus formation",
      "relation": "increases_risk",
      "tail": "device explantation",
      "properties": {}
    },
    {
      "head": "thrombus formation",
      "relation": "causes",
      "tail": "embolize",
      "properties": {}
    },
    {
      "head": "embolize",
      "relation": "causes",
      "tail": "catastrophic events",
      "properties": {}
    },
    {
      "head": "aortic cross-clamping",
      "relation": "contraindicated_in",
      "tail": "durable left ventricular assist device (LVAD) implantation",
      "properties": {}
    }
  ]
}