{
  "entities": [
    {
      "name": "heart transplant",
      "type": "surgical_procedure",
      "properties": {}
    },
    {
      "name": "human leukocyte antigens (HLA)",
      "type": "donor_characteristic",
      "properties": {}
    },
    {
      "name": "highly sensitized HT candidates",
      "type": "recipient_characteristic",
      "properties": {}
    },
    {
      "name": "Sensitization to human leukocyte antigens (HLA)",
      "type": "risk_factor",
      "properties": {}
    },
    {
      "name": "immunoglobulin G (IgG) anti-HLA antibodies",
      "type": "monitoring_indicator",
      "properties": {}
    },
    {
      "name": "immunoglobulin M (IgM) anti-HLA antibodies",
      "type": "monitoring_indicator",
      "properties": {}
    },
    {
      "name": "Luminex single antigen bead assays",
      "type": "medical_device",
      "properties": {}
    }
  ],
  "relations": [
    {
      "head": "Sensitization to human leukocyte antigens (HLA)",
      "relation": "increases_risk",
      "tail": "heart transplant",
      "properties": {}
    },
    {
      "head": "Luminex single antigen bead assays",
      "relation": "monitors",
      "tail": "immunoglobulin G (IgG) anti-HLA antibodies",
      "properties": {}
    },
    {
      "head": "Luminex single antigen bead assays",
      "relation": "monitors",
      "tail": "immunoglobulin M (IgM) anti-HLA antibodies",
      "properties": {}
    }
  ]
}