{
  "entities": [
    {
      "name": "Hypothermic oxygenated perfusion (HOPE)",
      "type": "surgical_procedure",
      "properties": {}
    },
    {
      "name": "donor heart preservation times",
      "type": "monitoring_indicator",
      "properties": {}
    },
    {
      "name": "Australian and New Zealand trial",
      "type": "diagnostic_criteria",
      "properties": {
        "evidence_strength": "trial"
      }
    }
  ],
  "relations": [
    {
      "head": "Hypothermic oxygenated perfusion (HOPE)",
      "relation": "monitors",
      "tail": "donor heart preservation times",
      "properties": {}
    },
    {
      "head": "Australian and New Zealand trial",
      "relation": "diagnostic_basis_for",
      "tail": "Hypothermic oxygenated perfusion (HOPE) safely and effectively extends acceptable donor heart preservation times",
      "properties": {}
    }
  ]
}