{
  "entities": [
    {
      "name": "Deferasirox",
      "type": "medication",
      "properties": {}
    },
    {
      "name": "Cyclosporine A",
      "type": "medication",
      "properties": {}
    },
    {
      "name": "Myocardial Ischemia Reperfusion Injury",
      "type": "complication",
      "properties": {}
    },
    {
      "name": "Ferroptosis",
      "type": "risk_factor",
      "properties": {}
    }
  ],
  "relations": [
    {
      "head": "Deferasirox",
      "relation": "treats",
      "tail": "Myocardial Ischemia Reperfusion Injury",
      "properties": {}
    },
    {
      "head": "Cyclosporine A",
      "relation": "treats",
      "tail": "Myocardial Ischemia Reperfusion Injury",
      "properties": {}
    },
    {
      "head": "Deferasirox",
      "relation": "alleviates",
      "tail": "Ferroptosis",
      "properties": {}
    }
  ]
}