{
  "entities": [
    {
      "name": "Donor Electrocardiogram",
      "type": "diagnostic_criteria",
      "properties": {}
    },
    {
      "name": "Cardiac Dysfunction",
      "type": "complication",
      "properties": {}
    },
    {
      "name": "Heart Transplant",
      "type": "surgical_procedure",
      "properties": {}
    },
    {
      "name": "Survival",
      "type": "monitoring_indicator",
      "properties": {}
    },
    {
      "name": "The Donor Heart Study",
      "type": "diagnostic_criteria",
      "properties": {}
    }
  ],
  "relations": [
    {
      "head": "Donor Electrocardiogram",
      "relation": "diagnostic_basis_for",
      "tail": "Cardiac Dysfunction",
      "properties": {
        "study_type": "cohort study"
      }
    },
    {
      "head": "Donor Electrocardiogram",
      "relation": "diagnostic_basis_for",
      "tail": "Heart Transplant",
      "properties": {
        "study_type": "cohort study"
      }
    },
    {
      "head": "Donor Electrocardiogram",
      "relation": "diagnostic_basis_for",
      "tail": "Survival",
      "properties": {
        "study_type": "cohort study"
      }
    }
  ]
}