{
  "entities": [
    {
      "name": "Myocardial ischemia-reperfusion injury",
      "type": "complication",
      "properties": {}
    },
    {
      "name": "ischemic heart disease",
      "type": "risk_factor",
      "properties": {}
    },
    {
      "name": "Adiponectin",
      "type": "medication",
      "properties": {}
    },
    {
      "name": "preclinical animal studies",
      "type": "diagnostic_criteria",
      "properties": {
        "evidence_strength": "systematic review and meta-analysis"
      }
    }
  ],
  "relations": [
    {
      "head": "ischemic heart disease",
      "relation": "causes",
      "tail": "Myocardial ischemia-reperfusion injury",
      "properties": {}
    },
    {
      "head": "Adiponectin",
      "relation": "alleviates",
      "tail": "Myocardial ischemia-reperfusion injury",
      "properties": {}
    }
  ]
}