{
  "entities": [
    {
      "name": "Cardiogenic shock",
      "type": "complication",
      "properties": {
        "description": "A heterogeneous syndrome characterized by an imbalance between tissue oxygen demands and the cardiovascular system's capacity to meet these demands due to acute cardiac dysfunction.",
        "mortality": "high",
        "incidence": "growing"
      }
    },
    {
      "name": "acute coronary syndromes",
      "type": "risk_factor",
      "properties": {
        "description": "Historically the primary cause of cardiogenic shock."
      }
    },
    {
      "name": "non-ischemic cases",
      "type": "risk_factor",
      "properties": {
        "description": "Cases of cardiogenic shock not caused by ischemia, which have seen a rise in incidence."
      }
    },
    {
      "name": "ischemic damage of the myocardium",
      "type": "risk_factor",
      "properties": {
        "description": "Part of the pathophysiology leading to cardiogenic shock."
      }
    },
    {
      "name": "sympathetic, renin-angiotensin-aldosterone system and inflammatory response",
      "type": "risk_factor",
      "properties": {
        "description": "Responses that perpetuate tissue hypoperfusion and lead to multiorgan dysfunction in cardiogenic shock."
      }
    },
    {
      "name": "tissue hypoperfusion",
      "type": "complication",
      "properties": {
        "description": "A condition resulting from the imbalance in cardiogenic shock."
      }
    },
    {
      "name": "multiorgan dysfunction",
      "type": "complication",
      "properties": {
        "description": "A severe outcome of cardiogenic shock."
      }
    },
    {
      "name": "triaxial assessment",
      "type": "diagnostic_criteria",
      "properties": {
        "description": "A method used to characterize cardiogenic shock patients."
      }
    },
    {
      "name": "Society for Cardiovascular Angiography and Interventions (SCAI) scale",
      "type": "diagnostic_criteria",
      "properties": {
        "description": "A scale used for severity stratification of cardiogenic shock."
      }
    },
    {
      "name": "early detection",
      "type": "monitoring_indicator",
      "properties": {
        "description": "A factor that could contribute to improving the prognosis of cardiogenic shock patients."
      }
    },
    {
      "name": "hub and spoke approach",
      "type": "treatment_regimen",
      "properties": {
        "description": "A strategic approach that could contribute to improving the prognosis of cardiogenic shock patients."
      }
    }
  ],
  "relations": [
    {
      "head": "acute coronary syndromes",
      "relation": "causes",
      "tail": "Cardiogenic shock",
      "properties": {
        "evidence": "historical data"
      }
    },
    {
      "head": "non-ischemic cases",
      "relation": "increases_risk",
      "tail": "Cardiogenic shock",
      "properties": {
        "evidence": "rising incidence"
      }
    },
    {
      "head": "ischemic damage of the myocardium",
      "relation": "part_of",
      "tail": "Cardiogenic shock pathophysiology",
      "properties": {}
    },
    {
      "head": "sympathetic, renin-angiotensin-aldosterone system and inflammatory response",
      "relation": "causes",
      "tail": "tissue hypoperfusion",
      "properties": {}
    },
    {
      "head": "tissue hypoperfusion",
      "relation": "causes",
      "tail": "multiorgan dysfunction",
      "properties": {}
    },
    {
      "head": "triaxial assessment",
      "relation": "diagnostic_basis_for",
      "tail": "Cardiogenic shock",
      "properties": {}
    },
    {
      "head": "Society for Cardiovascular Angiography and Interventions (SCAI) scale",
      "relation": "diagnostic_basis_for",
      "tail": "Cardiogenic shock",
      "properties": {}
    },
    {
      "head": "early detection",
      "relation": "alleviates",
      "tail": "Cardiogenic shock",
      "properties": {}
    },
    {
      "head": "hub and spoke approach",
      "relation": "alleviates",
      "tail": "Cardiogenic shock",
      "properties": {}
    }
  ]
}