{
  "entities": [
    {
      "name": "Extracorporeal membrane oxygenation",
      "type": "medical_device",
      "properties": {}
    },
    {
      "name": "ECMO",
      "type": "medical_device",
      "properties": {}
    },
    {
      "name": "oxygenator-induced hypocapnia",
      "type": "complication",
      "properties": {}
    },
    {
      "name": "blood lactate",
      "type": "monitoring_indicator",
      "properties": {}
    }
  ],
  "relations": [
    {
      "head": "oxygenator-induced hypocapnia",
      "relation": "causes",
      "tail": "blood lactate",
      "properties": {}
    },
    {
      "head": "ECMO",
      "relation": "monitors",
      "tail": "blood lactate",
      "properties": {}
    }
  ]
}