{
  "entities": [
    {
      "name": "partial heart transplant",
      "type": "surgical_procedure",
      "properties": {}
    },
    {
      "name": "infant heart transplantation",
      "type": "surgical_procedure",
      "properties": {}
    },
    {
      "name": "heart transplant",
      "type": "surgical_procedure",
      "properties": {}
    },
    {
      "name": "defective heart valves",
      "type": "recipient_characteristic",
      "properties": {}
    },
    {
      "name": "matched donor hearts",
      "type": "donor_characteristic",
      "properties": {}
    },
    {
      "name": "semilunar heart valves",
      "type": "monitoring_indicator",
      "properties": {}
    },
    {
      "name": "echocardiograms",
      "type": "monitoring_indicator",
      "properties": {}
    },
    {
      "name": "semilunar valve annulus diameters",
      "type": "monitoring_indicator",
      "properties": {}
    },
    {
      "name": "Z-scores",
      "type": "monitoring_indicator",
      "properties": {}
    },
    {
      "name": "peak valve gradients",
      "type": "monitoring_indicator",
      "properties": {}
    },
    {
      "name": "valve regurgitation",
      "type": "monitoring_indicator",
      "properties": {}
    },
    {
      "name": "short-term outcomes",
      "type": "monitoring_indicator",
      "properties": {}
    },
    {
      "name": "long-term outcomes",
      "type": "monitoring_indicator",
      "properties": {}
    },
    {
      "name": "growth",
      "type": "monitoring_indicator",
      "properties": {}
    },
    {
      "name": "function",
      "type": "monitoring_indicator",
      "properties": {}
    }
  ],
  "relations": [
    {
      "head": "partial heart transplant",
      "relation": "part_of",
      "tail": "pediatric transplant",
      "properties": {}
    },
    {
      "head": "partial heart transplant",
      "relation": "treats",
      "tail": "defective heart valves",
      "properties": {}
    },
    {
      "head": "matched donor hearts",
      "relation": "prerequisite_of",
      "tail": "partial heart transplant",
      "properties": {}
    },
    {
      "head": "echocardiograms",
      "relation": "monitors",
      "tail": "semilunar valve annulus diameters",
      "properties": {}
    },
    {
      "head": "echocardiograms",
      "relation": "monitors",
      "tail": "Z-scores",
      "properties": {}
    },
    {
      "head": "echocardiograms",
      "relation": "monitors",
      "tail": "peak valve gradients",
      "properties": {}
    },
    {
      "head": "echocardiograms",
      "relation": "monitors",
      "tail": "valve regurgitation",
      "properties": {}
    },
    {
      "head": "semilunar heart valves",
      "relation": "part_of",
      "tail": "heart transplant",
      "properties": {}
    },
    {
      "head": "infant heart transplantation",
      "relation": "precedes",
      "tail": "long-term growth and function evaluation",
      "properties": {}
    },
    {
      "head": "study design",
      "relation": "diagnostic_basis_for",
      "tail": "long-term outcomes prediction",
      "properties": {
        "evidence_strength": "cohort study"
      }
    }
  ]
}