{
  "entities": [
    {
      "name": "durable left ventricular assist device explantation",
      "type": "surgical_procedure",
      "properties": {}
    },
    {
      "name": "myocardial recovery",
      "type": "recipient_characteristic",
      "properties": {}
    },
    {
      "name": "children",
      "type": "recipient_characteristic",
      "properties": {}
    },
    {
      "name": "durable left ventricular assist device",
      "type": "medical_device",
      "properties": {}
    },
    {
      "name": "cardiac transplant",
      "type": "surgical_procedure",
      "properties": {}
    },
    {
      "name": "immunosuppressant therapy",
      "type": "medication",
      "properties": {}
    },
    {
      "name": "complications",
      "type": "complication",
      "properties": {}
    },
    {
      "name": "patients < 19 years old",
      "type": "recipient_characteristic",
      "properties": {}
    }
  ],
  "relations": [
    {
      "head": "myocardial recovery",
      "relation": "precedes",
      "tail": "durable left ventricular assist device explantation",
      "properties": {}
    },
    {
      "head": "myocardial recovery",
      "relation": "alleviates",
      "tail": "need for cardiac transplant",
      "properties": {}
    },
    {
      "head": "myocardial recovery",
      "relation": "alleviates",
      "tail": "need for immunosuppressant therapy",
      "properties": {}
    },
    {
      "head": "myocardial recovery",
      "relation": "alleviates",
      "tail": "risk of complications",
      "properties": {}
    },
    {
      "head": "durable left ventricular assist device",
      "relation": "monitors",
      "tail": "myocardial recovery",
      "properties": {}
    },
    {
      "head": "children",
      "relation": "part_of",
      "tail": "patients < 19 years old",
      "properties": {}
    }
  ]
}