{
  "entities": [
    {
      "name": "Open arch surgery",
      "type": "surgical_procedure",
      "properties": {}
    },
    {
      "name": "hypothermic circulatory arrest",
      "type": "surgical_procedure",
      "properties": {}
    },
    {
      "name": "chronic renal failure",
      "type": "recipient_characteristic",
      "properties": {}
    },
    {
      "name": "multiple splanchnic artery disease",
      "type": "recipient_characteristic",
      "properties": {}
    },
    {
      "name": "rupturing pseudoaneurysm of the aortic arch",
      "type": "complication",
      "properties": {}
    }
  ],
  "relations": [
    {
      "head": "Open arch surgery",
      "relation": "precedes",
      "tail": "hypothermic circulatory arrest",
      "properties": {}
    },
    {
      "head": "chronic renal failure",
      "relation": "increases_risk",
      "tail": "rupturing pseudoaneurysm of the aortic arch",
      "properties": {}
    },
    {
      "head": "multiple splanchnic artery disease",
      "relation": "increases_risk",
      "tail": "rupturing pseudoaneurysm of the aortic arch",
      "properties": {}
    }
  ]
}