{
  "entities": [
    {
      "name": "ascending aorta replacement",
      "type": "surgical_procedure",
      "properties": {}
    },
    {
      "name": "open distal anastomosis",
      "type": "surgical_procedure",
      "properties": {}
    },
    {
      "name": "hemiarch position",
      "type": "surgical_procedure",
      "properties": {}
    },
    {
      "name": "frozen elephant trunk",
      "type": "surgical_procedure",
      "properties": {}
    },
    {
      "name": "descending thoracic aorta",
      "type": "surgical_procedure",
      "properties": {}
    },
    {
      "name": "malperfusion syndrome",
      "type": "complication",
      "properties": {}
    },
    {
      "name": "aortic remodelling",
      "type": "monitoring_indicator",
      "properties": {}
    },
    {
      "name": "reintervention on the downstream aorta",
      "type": "surgical_procedure",
      "properties": {}
    },
    {
      "name": "false lumen thrombosis",
      "type": "monitoring_indicator",
      "properties": {}
    },
    {
      "name": "type A acute aortic dissection",
      "type": "diagnostic_criteria",
      "properties": {}
    },
    {
      "name": "type B aortic dissection",
      "type": "diagnostic_criteria",
      "properties": {}
    },
    {
      "name": "chronic aortic dissection",
      "type": "diagnostic_criteria",
      "properties": {}
    }
  ],
  "relations": [
    {
      "head": "frozen elephant trunk",
      "relation": "part_of",
      "tail": "descending thoracic aorta",
      "properties": {}
    },
    {
      "head": "frozen elephant trunk",
      "relation": "alleviates",
      "tail": "malperfusion syndrome",
      "properties": {}
    },
    {
      "head": "frozen elephant trunk",
      "relation": "monitors",
      "tail": "aortic remodelling",
      "properties": {}
    },
    {
      "head": "frozen elephant trunk",
      "relation": "alleviates",
      "tail": "reintervention on the downstream aorta",
      "properties": {}
    },
    {
      "head": "frozen elephant trunk",
      "relation": "monitors",
      "tail": "false lumen thrombosis",
      "properties": {}
    },
    {
      "head": "type A acute aortic dissection",
      "relation": "diagnostic_basis_for",
      "tail": "frozen elephant trunk",
      "properties": {}
    }
  ]
}