{
  "entities": [
    {
      "name": "Coronary occlusion",
      "type": "surgical_procedure",
      "properties": {}
    },
    {
      "name": "reperfusion",
      "type": "surgical_procedure",
      "properties": {}
    },
    {
      "name": "total ischemia",
      "type": "surgical_procedure",
      "properties": {}
    },
    {
      "name": "male Wistar rats",
      "type": "recipient_characteristic",
      "properties": {}
    },
    {
      "name": "isolated rat heart",
      "type": "recipient_characteristic",
      "properties": {}
    },
    {
      "name": "delta(2)-opioid receptor agonist deltorphin II",
      "type": "medication",
      "properties": {}
    },
    {
      "name": "peripheral opioid receptor antagonist naloxone methiodide",
      "type": "medication",
      "properties": {}
    },
    {
      "name": "delta(2)-opioid receptor antagonist naltriben",
      "type": "medication",
      "properties": {}
    },
    {
      "name": "infarct-limiting effect",
      "type": "treatment_regimen",
      "properties": {}
    },
    {
      "name": "recovery of the contractility of the isolated heart",
      "type": "monitoring_indicator",
      "properties": {}
    }
  ],
  "relations": [
    {
      "head": "delta(2)-opioid receptor agonist deltorphin II",
      "relation": "alleviates",
      "tail": "infarct-limiting effect",
      "properties": {}
    },
    {
      "head": "activation of delta(2)-opioid receptors",
      "relation": "prerequisite_of",
      "tail": "infarct-limiting effect of deltorphin II",
      "properties": {}
    },
    {
      "head": "delta(2)-opioid receptor agonist deltorphin II",
      "relation": "treats",
      "tail": "recovery of the contractility of the isolated heart",
      "properties": {}
    }
  ]
}