{
  "entities": [
    {
      "name": "Ventricular septal rupture",
      "type": "complication",
      "properties": {}
    },
    {
      "name": "Acute myocardial infarction",
      "type": "risk_factor",
      "properties": {}
    },
    {
      "name": "Refractory cardiogenic shock",
      "type": "complication",
      "properties": {}
    },
    {
      "name": "Death",
      "type": "complication",
      "properties": {}
    },
    {
      "name": "Corrective surgery",
      "type": "surgical_procedure",
      "properties": {}
    },
    {
      "name": "Medical therapy",
      "type": "treatment_regimen",
      "properties": {}
    }
  ],
  "relations": [
    {
      "head": "Acute myocardial infarction",
      "relation": "causes",
      "tail": "Ventricular septal rupture",
      "properties": {}
    },
    {
      "head": "Ventricular septal rupture",
      "relation": "increases_risk",
      "tail": "Refractory cardiogenic shock",
      "properties": {}
    },
    {
      "head": "Ventricular septal rupture",
      "relation": "increases_risk",
      "tail": "Death",
      "properties": {}
    },
    {
      "head": "Corrective surgery",
      "relation": "alleviates",
      "tail": "Ventricular septal rupture",
      "properties": {}
    },
    {
      "head": "Corrective surgery",
      "relation": "precedes",
      "tail": "Medical therapy",
      "properties": {}
    }
  ]
}