{
  "entities": [
    {
      "name": "frozen elephant trunk (FET) procedure",
      "type": "surgical_procedure",
      "properties": {}
    },
    {
      "name": "aortic dissection",
      "type": "complication",
      "properties": {}
    },
    {
      "name": "acute Type A aortic dissection",
      "type": "complication",
      "properties": {}
    },
    {
      "name": "FET prosthesis",
      "type": "medical_device",
      "properties": {}
    },
    {
      "name": "Zone 0",
      "type": "surgical_procedure",
      "properties": {}
    },
    {
      "name": "Zone 2",
      "type": "surgical_procedure",
      "properties": {}
    },
    {
      "name": "aortic remodeling",
      "type": "monitoring_indicator",
      "properties": {}
    },
    {
      "name": "3D segmentation software",
      "type": "monitoring_indicator",
      "properties": {}
    },
    {
      "name": "volumetric changes",
      "type": "monitoring_indicator",
      "properties": {}
    },
    {
      "name": "FET stent graft deployment",
      "type": "surgical_procedure",
      "properties": {}
    }
  ],
  "relations": [
    {
      "head": "frozen elephant trunk (FET) procedure",
      "relation": "treats",
      "tail": "complex aortic pathologies",
      "properties": {}
    },
    {
      "head": "FET prosthesis",
      "relation": "part_of",
      "tail": "frozen elephant trunk (FET) procedure",
      "properties": {}
    },
    {
      "head": "Zone 0",
      "relation": "precedes",
      "tail": "aortic remodeling",
      "properties": {}
    },
    {
      "head": "Zone 2",
      "relation": "precedes",
      "tail": "aortic remodeling",
      "properties": {}
    },
    {
      "head": "3D segmentation software",
      "relation": "monitors",
      "tail": "volumetric changes",
      "properties": {}
    },
    {
      "head": "volumetric changes",
      "relation": "part_of",
      "tail": "aortic remodeling",
      "properties": {}
    },
    {
      "head": "FET stent graft deployment",
      "relation": "precedes",
      "tail": "aortic remodeling",
      "properties": {}
    }
  ]
}