{
  "entities": [
    {
      "name": "Myocardial ischemia-reperfusion injury (I/RI)",
      "type": "complication",
      "properties": {}
    },
    {
      "name": "perioperative cardiac-related adverse events",
      "type": "complication",
      "properties": {}
    },
    {
      "name": "death",
      "type": "complication",
      "properties": {}
    },
    {
      "name": "sevoflurane postconditioning (SpostC)",
      "type": "treatment_regimen",
      "properties": {}
    },
    {
      "name": "HIF-1alpha",
      "type": "monitoring_indicator",
      "properties": {}
    },
    {
      "name": "PI3K/AKT pathway",
      "type": "monitoring_indicator",
      "properties": {}
    },
    {
      "name": "mitochondrial dynamic balance",
      "type": "monitoring_indicator",
      "properties": {}
    },
    {
      "name": "hypoxia-reoxygenation (H/R) model",
      "type": "diagnostic_criteria",
      "properties": {}
    },
    {
      "name": "H9C2 cardiomyocytes",
      "type": "monitoring_indicator",
      "properties": {}
    }
  ],
  "relations": [
    {
      "head": "Myocardial ischemia-reperfusion injury (I/RI)",
      "relation": "causes",
      "tail": "perioperative cardiac-related adverse events",
      "properties": {}
    },
    {
      "head": "Myocardial ischemia-reperfusion injury (I/RI)",
      "relation": "causes",
      "tail": "death",
      "properties": {}
    },
    {
      "head": "sevoflurane postconditioning (SpostC)",
      "relation": "alleviates",
      "tail": "I/R injury",
      "properties": {}
    },
    {
      "head": "sevoflurane postconditioning (SpostC)",
      "relation": "treats",
      "tail": "cardiomyocytes hypoxia/reoxygenation injury",
      "properties": {}
    },
    {
      "head": "sevoflurane postconditioning (SpostC)",
      "relation": "monitors",
      "tail": "mitochondrial dynamic balance",
      "properties": {}
    },
    {
      "head": "PI3K/AKT pathway",
      "relation": "monitors",
      "tail": "mitochondrial dynamic balance",
      "properties": {}
    },
    {
      "head": "HIF-1alpha",
      "relation": "monitors",
      "tail": "mitochondrial dynamic balance",
      "properties": {}
    },
    {
      "head": "hypoxia-reoxygenation (H/R) model",
      "relation": "diagnostic_basis_for",
      "tail": "cardiomyocytes hypoxia/reoxygenation injury",
      "properties": {}
    }
  ]
}