{
  "entities": [
    {
      "name": "Left ventricular assist devices (LVAD)",
      "type": "medical_device",
      "properties": {}
    },
    {
      "name": "end-stage heart failure",
      "type": "recipient_characteristic",
      "properties": {}
    },
    {
      "name": "donor hearts",
      "type": "donor_characteristic",
      "properties": {}
    },
    {
      "name": "HeartMate 3 LVAD",
      "type": "medical_device",
      "properties": {}
    },
    {
      "name": "non-physiological continuous flow (CF)",
      "type": "risk_factor",
      "properties": {}
    },
    {
      "name": "aortic aneurysm formation",
      "type": "complication",
      "properties": {}
    },
    {
      "name": "dissection formation",
      "type": "complication",
      "properties": {}
    },
    {
      "name": "high-risk re-operative surgery",
      "type": "surgical_procedure",
      "properties": {}
    }
  ],
  "relations": [
    {
      "head": "Left ventricular assist devices (LVAD)",
      "relation": "treats",
      "tail": "end-stage heart failure",
      "properties": {}
    },
    {
      "head": "non-physiological continuous flow (CF)",
      "relation": "increases_risk",
      "tail": "aortic aneurysm formation",
      "properties": {}
    },
    {
      "head": "aortic aneurysm formation",
      "relation": "causes",
      "tail": "dissection formation",
      "properties": {}
    },
    {
      "head": "dissection formation",
      "relation": "precedes",
      "tail": "high-risk re-operative surgery",
      "properties": {}
    }
  ]
}