{
  "entities": [
    {
      "name": "chronic heart failure",
      "type": "recipient_characteristic",
      "properties": {}
    },
    {
      "name": "anxiety",
      "type": "risk_factor",
      "properties": {
        "evidence_strength": "prospective observational study"
      }
    },
    {
      "name": "depression",
      "type": "risk_factor",
      "properties": {
        "evidence_strength": "prospective observational study"
      }
    }
  ],
  "relations": [
    {
      "head": "anxiety",
      "relation": "increases_risk",
      "tail": "adverse outcomes",
      "properties": {
        "evidence_strength": "associated"
      }
    },
    {
      "head": "depression",
      "relation": "increases_risk",
      "tail": "adverse outcomes",
      "properties": {
        "evidence_strength": "associated"
      }
    }
  ]
}