{
  "entities": [
    {
      "name": "Heart transplantation (HT)",
      "type": "surgical_procedure",
      "properties": {}
    },
    {
      "name": "end-stage heart disease",
      "type": "recipient_characteristic",
      "properties": {}
    },
    {
      "name": "shortage of donor sources",
      "type": "donor_characteristic",
      "properties": {}
    },
    {
      "name": "poor durability of grafts",
      "type": "complication",
      "properties": {}
    },
    {
      "name": "nanomedicine technologies",
      "type": "treatment_regimen",
      "properties": {}
    },
    {
      "name": "donor management",
      "type": "treatment_regimen",
      "properties": {}
    },
    {
      "name": "prevention and diagnosis of post-transplantation complications",
      "type": "treatment_regimen",
      "properties": {}
    },
    {
      "name": "cardiac tissue engineering",
      "type": "treatment_regimen",
      "properties": {}
    },
    {
      "name": "gene-editing xeno-donor grafts",
      "type": "treatment_regimen",
      "properties": {}
    },
    {
      "name": "Nano-drug delivery system (NDDS)",
      "type": "medical_device",
      "properties": {}
    },
    {
      "name": "nano-systems integrating therapeutic and diagnostic functions",
      "type": "medical_device",
      "properties": {}
    },
    {
      "name": "cardiovascular diseases (CVDs)",
      "type": "recipient_characteristic",
      "properties": {}
    },
    {
      "name": "drug delivery",
      "type": "treatment_regimen",
      "properties": {}
    },
    {
      "name": "tissue engineering",
      "type": "treatment_regimen",
      "properties": {}
    },
    {
      "name": "gene editing",
      "type": "treatment_regimen",
      "properties": {}
    },
    {
      "name": "imaging",
      "type": "monitoring_indicator",
      "properties": {}
    },
    {
      "name": "biomarker editing",
      "type": "treatment_regimen",
      "properties": {}
    },
    {
      "name": "preservation",
      "type": "treatment_regimen",
      "properties": {}
    }
  ],
  "relations": [
    {
      "head": "Heart transplantation (HT)",
      "relation": "treats",
      "tail": "end-stage heart disease",
      "properties": {}
    },
    {
      "head": "nanomedicine technologies",
      "relation": "part_of",
      "tail": "donor management",
      "properties": {}
    },
    {
      "head": "nanomedicine technologies",
      "relation": "part_of",
      "tail": "prevention and diagnosis of post-transplantation complications",
      "properties": {}
    },
    {
      "head": "nanomaterials",
      "relation": "part_of",
      "tail": "cardiac tissue engineering",
      "properties": {}
    },
    {
      "head": "nanomaterials",
      "relation": "part_of",
      "tail": "gene-editing xeno-donor grafts",
      "properties": {}
    },
    {
      "head": "nano-systems integrating therapeutic and diagnostic functions",
      "relation": "treats",
      "tail": "cardiovascular diseases (CVDs)",
      "properties": {}
    },
    {
      "head": "nano-systems integrating therapeutic and diagnostic functions",
      "relation": "part_of",
      "tail": "drug delivery",
      "properties": {}
    },
    {
      "head": "nano-systems integrating therapeutic and diagnostic functions",
      "relation": "part_of",
      "tail": "tissue engineering",
      "properties": {}
    },
    {
      "head": "nano-systems integrating therapeutic and diagnostic functions",
      "relation": "part_of",
      "tail": "gene editing",
      "properties": {}
    },
    {
      "head": "nano-systems integrating therapeutic and diagnostic functions",
      "relation": "monitors",
      "tail": "imaging",
      "properties": {}
    },
    {
      "head": "nano-systems integrating therapeutic and diagnostic functions",
      "relation": "part_of",
      "tail": "biomarker editing",
      "properties": {}
    }
  ]
}