{
  "entities": [
    {
      "name": "mitochondrial transplantation",
      "type": "surgical_procedure",
      "properties": {}
    },
    {
      "name": "cardiac arrest",
      "type": "risk_factor",
      "properties": {}
    },
    {
      "name": "global ischemia/reperfusion injury",
      "type": "complication",
      "properties": {}
    },
    {
      "name": "autologous mitochondria",
      "type": "donor_characteristic",
      "properties": {}
    },
    {
      "name": "hippocampal cells",
      "type": "recipient_characteristic",
      "properties": {}
    },
    {
      "name": "neurological impairment",
      "type": "complication",
      "properties": {}
    },
    {
      "name": "rat cardiac arrest-global cerebral ischemia injury model (CA-GCII)",
      "type": "diagnostic_criteria",
      "properties": {
        "evidence_strength": "animal model study"
      }
    },
    {
      "name": "behavior test",
      "type": "monitoring_indicator",
      "properties": {}
    },
    {
      "name": "neurological deficit",
      "type": "complication",
      "properties": {}
    },
    {
      "name": "apoptosis",
      "type": "complication",
      "properties": {}
    },
    {
      "name": "mitochondria permeability transition pore opening",
      "type": "complication",
      "properties": {}
    },
    {
      "name": "immunoblotting",
      "type": "monitoring_indicator",
      "properties": {}
    },
    {
      "name": "swelling assay",
      "type": "monitoring_indicator",
      "properties": {}
    },
    {
      "name": "oxidative stress",
      "type": "complication",
      "properties": {}
    },
    {
      "name": "improved neurological outcome",
      "type": "monitoring_indicator",
      "properties": {}
    }
  ],
  "relations": [
    {
      "head": "cardiac arrest",
      "relation": "causes",
      "tail": "global ischemia/reperfusion injury",
      "properties": {}
    },
    {
      "head": "mitochondrial transplantation",
      "relation": "treats",
      "tail": "global ischemia/reperfusion injury",
      "properties": {}
    },
    {
      "head": "mitochondrial transplantation",
      "relation": "alleviates",
      "tail": "neurological impairment",
      "properties": {}
    },
    {
      "head": "behavior test",
      "relation": "monitors",
      "tail": "neurological deficit",
      "properties": {}
    },
    {
      "head": "immunoblotting",
      "relation": "monitors",
      "tail": "apoptosis",
      "properties": {}
    },
    {
      "head": "swelling assay",
      "relation": "monitors",
      "tail": "mitochondria permeability transition pore opening",
      "properties": {}
    },
    {
      "head": "mitochondrial transplantation",
      "relation": "alleviates",
      "tail": "oxidative stress",
      "properties": {}
    },
    {
      "head": "mitochondrial transplantation",
      "relation": "precedes",
      "tail": "improved neurological outcome",
      "properties": {}
    }
  ]
}