{
  "entities": [
    {
      "name": "heart transplant",
      "type": "surgical_procedure",
      "properties": {}
    },
    {
      "name": "pediatric heart transplant patients",
      "type": "recipient_characteristic",
      "properties": {}
    },
    {
      "name": "normal ejection fraction",
      "type": "recipient_characteristic",
      "properties": {}
    },
    {
      "name": "non-invasive pulse arrival time",
      "type": "monitoring_indicator",
      "properties": {}
    },
    {
      "name": "cardiac index",
      "type": "monitoring_indicator",
      "properties": {}
    }
  ],
  "relations": [
    {
      "head": "non-invasive pulse arrival time",
      "relation": "monitors",
      "tail": "cardiac index",
      "properties": {
        "evidence_strength": "cohort study"
      }
    },
    {
      "head": "pediatric heart transplant patients",
      "relation": "part_of",
      "tail": "heart transplant",
      "properties": {}
    },
    {
      "head": "normal ejection fraction",
      "relation": "part_of",
      "tail": "recipient_characteristic",
      "properties": {}
    }
  ]
}