{
  "entities": [
    {
      "name": "Cirbp",
      "type": "monitoring_indicator",
      "properties": {}
    },
    {
      "name": "hypothermic cardioprotection",
      "type": "treatment_regimen",
      "properties": {}
    },
    {
      "name": "aged donor hearts",
      "type": "donor_characteristic",
      "properties": {}
    },
    {
      "name": "heart transplantation",
      "type": "surgical_procedure",
      "properties": {}
    }
  ],
  "relations": [
    {
      "head": "Cirbp",
      "relation": "monitors",
      "tail": "hypothermic cardioprotection",
      "properties": {}
    },
    {
      "head": "hypothermic cardioprotection",
      "relation": "treats",
      "tail": "aged donor hearts",
      "properties": {}
    },
    {
      "head": "aged donor hearts",
      "relation": "part_of",
      "tail": "heart transplantation",
      "properties": {}
    }
  ]
}