{
  "entities": [
    {
      "name": "Endomyocardial biopsy",
      "type": "surgical_procedure",
      "properties": {}
    },
    {
      "name": "heart transplant rejection",
      "type": "complication",
      "properties": {}
    },
    {
      "name": "non-ischemic cardiomyopathies",
      "type": "diagnostic_criteria",
      "properties": {}
    },
    {
      "name": "venous access",
      "type": "surgical_procedure",
      "properties": {}
    },
    {
      "name": "right ventricle",
      "type": "medical_device",
      "properties": {}
    },
    {
      "name": "pathology analysis",
      "type": "monitoring_indicator",
      "properties": {}
    },
    {
      "name": "complications risk",
      "type": "risk_factor",
      "properties": {
        "statistical_data": "close to 1%"
      }
    },
    {
      "name": "high-volume interventional centers",
      "type": "recipient_characteristic",
      "properties": {}
    },
    {
      "name": "accurate diagnosis",
      "type": "diagnostic_criteria",
      "properties": {}
    },
    {
      "name": "prognosis",
      "type": "monitoring_indicator",
      "properties": {}
    }
  ],
  "relations": [
    {
      "head": "Endomyocardial biopsy",
      "relation": "monitors",
      "tail": "heart transplant rejection",
      "properties": {}
    },
    {
      "head": "Endomyocardial biopsy",
      "relation": "diagnostic_basis_for",
      "tail": "non-ischemic cardiomyopathies",
      "properties": {}
    },
    {
      "head": "Endomyocardial biopsy",
      "relation": "part_of",
      "tail": "venous access",
      "properties": {}
    },
    {
      "head": "venous access",
      "relation": "precedes",
      "tail": "right ventricle",
      "properties": {}
    },
    {
      "head": "pathology analysis",
      "relation": "alleviates",
      "tail": "diagnostic performance",
      "properties": {}
    },
    {
      "head": "complications risk",
      "relation": "increases_risk",
      "tail": "Endomyocardial biopsy",
      "properties": {
        "statistical_data": "close to 1%"
      }
    },
    {
      "head": "high-volume interventional centers",
      "relation": "alleviates",
      "tail": "complications risk",
      "properties": {}
    },
    {
      "head": "accurate diagnosis",
      "relation": "alleviates",
      "tail": "complications risk",
      "properties": {}
    },
    {
      "head": "prognosis",
      "relation": "alleviates",
      "tail": "complications risk",
      "properties": {}
    }
  ]
}