{
  "entities": [
    {
      "name": "dexmedetomidine",
      "type": "medication",
      "properties": {}
    },
    {
      "name": "myocardial ischemia/reperfusion injury",
      "type": "complication",
      "properties": {}
    },
    {
      "name": "FGF21",
      "type": "monitoring_indicator",
      "properties": {}
    },
    {
      "name": "brown adipose tissue",
      "type": "donor_characteristic",
      "properties": {}
    }
  ],
  "relations": [
    {
      "head": "dexmedetomidine",
      "relation": "alleviates",
      "tail": "myocardial ischemia/reperfusion injury",
      "properties": {}
    },
    {
      "head": "FGF21",
      "relation": "mediates",
      "tail": "cardioprotection of dexmedetomidine",
      "properties": {}
    },
    {
      "head": "brown adipose tissue",
      "relation": "part_of",
      "tail": "FGF21 derivation",
      "properties": {}
    }
  ]
}