{
  "entities": [
    {
      "name": "Biomimetic nanoplatform",
      "type": "treatment_regimen",
      "properties": {}
    },
    {
      "name": "myocardial ischemia/reperfusion injury",
      "type": "complication",
      "properties": {}
    },
    {
      "name": "promoting angiogenesis",
      "type": "treatment_regimen",
      "properties": {}
    },
    {
      "name": "inhibiting inflammation",
      "type": "treatment_regimen",
      "properties": {}
    }
  ],
  "relations": [
    {
      "head": "Biomimetic nanoplatform",
      "relation": "treats",
      "tail": "myocardial ischemia/reperfusion injury",
      "properties": {}
    },
    {
      "head": "Biomimetic nanoplatform",
      "relation": "part_of",
      "tail": "promoting angiogenesis",
      "properties": {}
    },
    {
      "head": "Biomimetic nanoplatform",
      "relation": "part_of",
      "tail": "inhibiting inflammation",
      "properties": {}
    }
  ]
}