{
  "entities": [
    {
      "name": "Kirenol",
      "type": "medication",
      "properties": {}
    },
    {
      "name": "inflammation",
      "type": "complication",
      "properties": {}
    },
    {
      "name": "oxidative stress",
      "type": "complication",
      "properties": {}
    },
    {
      "name": "myocardial ischemia/reperfusion injury",
      "type": "complication",
      "properties": {}
    },
    {
      "name": "cardiac function",
      "type": "monitoring_indicator",
      "properties": {}
    },
    {
      "name": "ischemia reperfusion",
      "type": "surgical_procedure",
      "properties": {}
    },
    {
      "name": "cell apoptosis",
      "type": "complication",
      "properties": {}
    },
    {
      "name": "NF-kappaB pathway",
      "type": "monitoring_indicator",
      "properties": {}
    }
  ],
  "relations": [
    {
      "head": "Kirenol",
      "relation": "alleviates",
      "tail": "inflammation",
      "properties": {
        "dose": "5 or 10 mg/kg"
      }
    },
    {
      "head": "Kirenol",
      "relation": "alleviates",
      "tail": "oxidative stress",
      "properties": {}
    },
    {
      "head": "Kirenol",
      "relation": "alleviates",
      "tail": "myocardial ischemia/reperfusion injury",
      "properties": {}
    },
    {
      "head": "Kirenol",
      "relation": "alleviates",
      "tail": "cell apoptosis",
      "properties": {}
    },
    {
      "head": "ischemia reperfusion",
      "relation": "causes",
      "tail": "inflammation",
      "properties": {}
    },
    {
      "head": "ischemia reperfusion",
      "relation": "increases_risk",
      "tail": "oxidative stress",
      "properties": {}
    },
    {
      "head": "ischemia reperfusion",
      "relation": "increases_risk",
      "tail": "cell apoptosis",
      "properties": {}
    },
    {
      "head": "Kirenol",
      "relation": "monitors",
      "tail": "cardiac function",
      "properties": {}
    },
    {
      "head": "Kirenol",
      "relation": "treats",
      "tail": "myocardial ischemia/reperfusion injury",
      "properties": {}
    },
    {
      "head": "Kirenol",
      "relation": "monitors",
      "tail": "NF-kappaB pathway",
      "properties": {}
    },
    {
      "head": "Kirenol",
      "relation": "alleviates",
      "tail": "inflammation",
      "properties": {
        "mechanism": "through modulating the NF-kappaB pathway"
      }
    },
    {
      "head": "Kirenol",
      "relation": "alleviates",
      "tail": "oxidative stress",
      "properties": {
        "mechanism": "through modulating the NF-kappaB pathway"
      }
    }
  ]
}