{
  "entities": [
    {
      "name": "Fucoxanthin",
      "type": "medication",
      "properties": {
        "biological_functions": [
          "antioxidant",
          "anti-inflammatory",
          "cardiac-protective"
        ]
      }
    },
    {
      "name": "myocardial ischemia/reperfusion",
      "type": "complication",
      "properties": {}
    },
    {
      "name": "hypoxia/reoxygenation",
      "type": "complication",
      "properties": {}
    },
    {
      "name": "inflammatory response",
      "type": "complication",
      "properties": {}
    },
    {
      "name": "oxidative stress",
      "type": "complication",
      "properties": {}
    },
    {
      "name": "apoptosis",
      "type": "complication",
      "properties": {}
    },
    {
      "name": "AMPK",
      "type": "monitoring_indicator",
      "properties": {}
    },
    {
      "name": "AKT",
      "type": "monitoring_indicator",
      "properties": {}
    },
    {
      "name": "GSK-3beta",
      "type": "monitoring_indicator",
      "properties": {}
    },
    {
      "name": "Nrf2",
      "type": "monitoring_indicator",
      "properties": {}
    },
    {
      "name": "Compound C",
      "type": "medication",
      "properties": {
        "function": "AMPK inhibitor"
      }
    }
  ],
  "relations": [
    {
      "head": "Fucoxanthin",
      "relation": "alleviates",
      "tail": "inflammatory response",
      "properties": {}
    },
    {
      "head": "Fucoxanthin",
      "relation": "alleviates",
      "tail": "oxidative stress",
      "properties": {}
    },
    {
      "head": "Fucoxanthin",
      "relation": "alleviates",
      "tail": "apoptosis",
      "properties": {}
    },
    {
      "head": "Fucoxanthin",
      "relation": "increases_risk",
      "tail": "phosphorylation of AMPK",
      "properties": {}
    },
    {
      "head": "Fucoxanthin",
      "relation": "increases_risk",
      "tail": "phosphorylation of AKT",
      "properties": {}
    },
    {
      "head": "Fucoxanthin",
      "relation": "increases_risk",
      "tail": "phosphorylation of GSK-3beta",
      "properties": {}
    },
    {
      "head": "Fucoxanthin",
      "relation": "increases_risk",
      "tail": "activation of Nrf2",
      "properties": {}
    },
    {
      "head": "Compound C",
      "relation": "alleviates",
      "tail": "beneficial effects of Fucoxanthin",
      "properties": {}
    }
  ]
}