{
  "entities": [
    {
      "name": "Ulinastatin",
      "type": "medication",
      "properties": {
        "anti_inflammatory_properties": true
      }
    },
    {
      "name": "coronary artery bypass grafting (CABG) surgery",
      "type": "surgical_procedure",
      "properties": {}
    },
    {
      "name": "cardiac ischaemia/reperfusion injury",
      "type": "complication",
      "properties": {}
    },
    {
      "name": "tissue kallikrein-kinin system",
      "type": "monitoring_indicator",
      "properties": {}
    }
  ],
  "relations": [
    {
      "head": "Ulinastatin",
      "relation": "alleviates",
      "tail": "cardiac ischaemia/reperfusion injury",
      "properties": {}
    },
    {
      "head": "Ulinastatin",
      "relation": "treats",
      "tail": "cardiac ischaemia/reperfusion injury",
      "properties": {}
    },
    {
      "head": "Ulinastatin",
      "relation": "suppresses activation",
      "tail": "tissue kallikrein-kinin system",
      "properties": {}
    },
    {
      "head": "Ulinastatin",
      "relation": "has beneficial effects",
      "tail": "coronary artery bypass grafting (CABG) surgery",
      "properties": {}
    }
  ]
}