{
  "entities": [
    {
      "name": "pharmacological inducers",
      "type": "medication",
      "properties": {}
    },
    {
      "name": "reversible hypometabolic state",
      "type": "treatment_regimen",
      "properties": {}
    },
    {
      "name": "whole organ preservation",
      "type": "treatment_regimen",
      "properties": {}
    }
  ],
  "relations": [
    {
      "head": "pharmacological inducers",
      "relation": "treats",
      "tail": "whole organ preservation",
      "properties": {}
    },
    {
      "head": "reversible hypometabolic state",
      "relation": "part_of",
      "tail": "whole organ preservation",
      "properties": {}
    }
  ]
}