{
  "entities": [
    {
      "name": "heart transplant",
      "type": "surgical_procedure",
      "properties": {}
    },
    {
      "name": "post-heart transplant patients",
      "type": "recipient_characteristic",
      "properties": {}
    },
    {
      "name": "heart transplant recipients",
      "type": "recipient_characteristic",
      "properties": {}
    },
    {
      "name": "sickness",
      "type": "complication",
      "properties": {}
    },
    {
      "name": "psychological changes",
      "type": "complication",
      "properties": {}
    },
    {
      "name": "waiting for the heart",
      "type": "recipient_characteristic",
      "properties": {}
    },
    {
      "name": "doubting survival",
      "type": "recipient_characteristic",
      "properties": {}
    },
    {
      "name": "interconnectedness between recipient and donor",
      "type": "recipient_characteristic",
      "properties": {}
    },
    {
      "name": "living with vigilance",
      "type": "recipient_characteristic",
      "properties": {}
    },
    {
      "name": "living with a transplanted heart",
      "type": "recipient_characteristic",
      "properties": {}
    },
    {
      "name": "God's significant role",
      "type": "recipient_characteristic",
      "properties": {}
    },
    {
      "name": "strict adherence to the medical regime",
      "type": "treatment_regimen",
      "properties": {}
    },
    {
      "name": "programmed follow-up care",
      "type": "treatment_regimen",
      "properties": {}
    },
    {
      "name": "dietary restrictions",
      "type": "treatment_regimen",
      "properties": {}
    },
    {
      "name": "physical limitations",
      "type": "treatment_regimen",
      "properties": {}
    },
    {
      "name": "family support",
      "type": "treatment_regimen",
      "properties": {}
    },
    {
      "name": "uncertainty and unpredictability about the future",
      "type": "recipient_characteristic",
      "properties": {}
    }
  ],
  "relations": [
    {
      "head": "heart transplant",
      "relation": "precedes",
      "tail": "post-heart transplant patients",
      "properties": {}
    },
    {
      "head": "heart transplant",
      "relation": "precedes",
      "tail": "heart transplant recipients",
      "properties": {}
    },
    {
      "head": "strict adherence to the medical regime",
      "relation": "part_of",
      "tail": "life after a transplant",
      "properties": {}
    },
    {
      "head": "programmed follow-up care",
      "relation": "part_of",
      "tail": "life after a transplant",
      "properties": {}
    },
    {
      "head": "dietary restrictions",
      "relation": "part_of",
      "tail": "life after a transplant",
      "properties": {}
    },
    {
      "head": "physical limitations",
      "relation": "part_of",
      "tail": "life after a transplant",
      "properties": {}
    },
    {
      "head": "family support",
      "relation": "part_of",
      "tail": "life after a transplant",
      "properties": {}
    }
  ]
}