{
  "entities": [
    {
      "name": "Myocardial ischemia-reperfusion injury",
      "type": "complication",
      "properties": {}
    },
    {
      "name": "Paeoniflorin",
      "type": "medication",
      "properties": {}
    },
    {
      "name": "reperfusion injury",
      "type": "complication",
      "properties": {}
    },
    {
      "name": "mitochondrial autophagy",
      "type": "monitoring_indicator",
      "properties": {}
    },
    {
      "name": "SIRT1-PINK1/parkin-mediated mitochondrial autophagy",
      "type": "monitoring_indicator",
      "properties": {}
    },
    {
      "name": "H9C2 cells",
      "type": "monitoring_indicator",
      "properties": {}
    }
  ],
  "relations": [
    {
      "head": "Paeoniflorin",
      "relation": "alleviates",
      "tail": "reperfusion injury",
      "properties": {}
    },
    {
      "head": "Paeoniflorin",
      "relation": "alleviates",
      "tail": "Myocardial ischemia-reperfusion injury",
      "properties": {}
    },
    {
      "head": "SIRT1-PINK1/parkin-mediated mitochondrial autophagy",
      "relation": "monitors",
      "tail": "reperfusion injury",
      "properties": {}
    },
    {
      "head": "mitochondrial autophagy",
      "relation": "monitors",
      "tail": "Myocardial ischemia-reperfusion injury",
      "properties": {}
    }
  ]
}