{
  "entities": [
    {
      "name": "pulmonary hypertension",
      "type": "risk_factor",
      "properties": {}
    },
    {
      "name": "pulmonary vascular resistance",
      "type": "monitoring_indicator",
      "properties": {}
    },
    {
      "name": "pulmonary artery compliance",
      "type": "monitoring_indicator",
      "properties": {}
    },
    {
      "name": "left heart disease",
      "type": "recipient_characteristic",
      "properties": {}
    },
    {
      "name": "echocardiographic right ventricular afterload score",
      "type": "diagnostic_criteria",
      "properties": {}
    },
    {
      "name": "mortality",
      "type": "complication",
      "properties": {}
    },
    {
      "name": "implantation of a left ventricular assist device",
      "type": "surgical_procedure",
      "properties": {}
    },
    {
      "name": "left ventricular ejection fraction < 50%",
      "type": "recipient_characteristic",
      "properties": {}
    },
    {
      "name": "heart transplant",
      "type": "surgical_procedure",
      "properties": {}
    },
    {
      "name": "heart failure workup",
      "type": "diagnostic_criteria",
      "properties": {}
    },
    {
      "name": "echocardiography",
      "type": "monitoring_indicator",
      "properties": {}
    },
    {
      "name": "right heart catheterization",
      "type": "monitoring_indicator",
      "properties": {}
    },
    {
      "name": "cohort study",
      "type": "evidence_strength",
      "properties": {
        "n": 220
      }
    }
  ],
  "relations": [
    {
      "head": "pulmonary vascular resistance",
      "relation": "part_of",
      "tail": "hemodynamic definitions of pulmonary hypertension",
      "properties": {}
    },
    {
      "head": "pulmonary artery compliance",
      "relation": "part_of",
      "tail": "hemodynamic definitions of pulmonary hypertension",
      "properties": {}
    },
    {
      "head": "echocardiographic right ventricular afterload score",
      "relation": "diagnostic_basis_for",
      "tail": "risk of mortality or implantation of a left ventricular assist device",
      "properties": {}
    },
    {
      "head": "left ventricular ejection fraction < 50%",
      "relation": "prerequisite_of",
      "tail": "heart transplant or heart failure workup",
      "properties": {}
    },
    {
      "head": "echocardiography",
      "relation": "monitors",
      "tail": "right ventricular afterload",
      "properties": {}
    },
    {
      "head": "right heart catheterization",
      "relation": "monitors",
      "tail": "right ventricular afterload",
      "properties": {}
    }
  ]
}