{
  "entities": [
    {
      "name": "Normothermic Crystalloid Polarizing Cardioplegia",
      "type": "surgical_procedure",
      "properties": {}
    },
    {
      "name": "Cardiopulmonary Bypass",
      "type": "surgical_procedure",
      "properties": {}
    },
    {
      "name": "Porcine Model",
      "type": "recipient_characteristic",
      "properties": {}
    },
    {
      "name": "Systolic Function",
      "type": "monitoring_indicator",
      "properties": {}
    },
    {
      "name": "Diastolic Function",
      "type": "monitoring_indicator",
      "properties": {}
    }
  ],
  "relations": [
    {
      "head": "Normothermic Crystalloid Polarizing Cardioplegia",
      "relation": "monitors",
      "tail": "Systolic Function",
      "properties": {
        "evidence_strength": "Porcine Model Study"
      }
    },
    {
      "head": "Normothermic Crystalloid Polarizing Cardioplegia",
      "relation": "monitors",
      "tail": "Diastolic Function",
      "properties": {
        "evidence_strength": "Porcine Model Study"
      }
    },
    {
      "head": "Normothermic Crystalloid Polarizing Cardioplegia",
      "relation": "precedes",
      "tail": "Cardiopulmonary Bypass",
      "properties": {
        "evidence_strength": "Porcine Model Study"
      }
    }
  ]
}