{
  "entities": [
    {
      "name": "beta2-adrenergic receptor agonist clenbuterol",
      "type": "medication",
      "properties": {}
    },
    {
      "name": "acute ischemia/reperfusion-induced arrhythmia",
      "type": "complication",
      "properties": {}
    },
    {
      "name": "Akt/eNOS/NO/Cx43 signaling pathway",
      "type": "monitoring_indicator",
      "properties": {}
    },
    {
      "name": "ventricular arrhythmias",
      "type": "complication",
      "properties": {}
    },
    {
      "name": "ischemia/reperfusion injury",
      "type": "risk_factor",
      "properties": {}
    },
    {
      "name": "early reperfusion therapy",
      "type": "treatment_regimen",
      "properties": {}
    },
    {
      "name": "acute myocardial infarction",
      "type": "risk_factor",
      "properties": {}
    },
    {
      "name": "left coronary artery occlusion",
      "type": "surgical_procedure",
      "properties": {}
    },
    {
      "name": "reperfusion",
      "type": "surgical_procedure",
      "properties": {}
    },
    {
      "name": "Langendorff-perfused mice hearts",
      "type": "medical_device",
      "properties": {}
    }
  ],
  "relations": [
    {
      "head": "ischemia/reperfusion injury",
      "relation": "causes",
      "tail": "ventricular arrhythmias",
      "properties": {}
    },
    {
      "head": "ventricular arrhythmias",
      "relation": "increases_risk",
      "tail": "acute myocardial infarction",
      "properties": {}
    },
    {
      "head": "beta2-adrenergic receptor agonist clenbuterol",
      "relation": "alleviates",
      "tail": "acute ischemia/reperfusion-induced arrhythmia",
      "properties": {}
    },
    {
      "head": "beta2-adrenergic receptor agonist clenbuterol",
      "relation": "monitors",
      "tail": "Akt/eNOS/NO/Cx43 signaling pathway",
      "properties": {}
    },
    {
      "head": "left coronary artery occlusion",
      "relation": "precedes",
      "tail": "reperfusion",
      "properties": {}
    }
  ]
}