{
  "entities": [
    {
      "name": "Myocardial perfusion imaging",
      "type": "monitoring_indicator",
      "properties": {}
    },
    {
      "name": "obstructive coronary artery disease",
      "type": "risk_factor",
      "properties": {}
    },
    {
      "name": "ischemia",
      "type": "complication",
      "properties": {}
    }
  ],
  "relations": [
    {
      "head": "Myocardial perfusion imaging",
      "relation": "monitors",
      "tail": "ischemia",
      "properties": {}
    },
    {
      "head": "ischemia",
      "relation": "part_of",
      "tail": "obstructive coronary artery disease",
      "properties": {}
    }
  ]
}