{
  "entities": [
    {
      "name": "Heart transplantation",
      "type": "surgical_procedure",
      "properties": {}
    },
    {
      "name": "donors after circulatory death",
      "type": "donor_characteristic",
      "properties": {}
    },
    {
      "name": "donation after brain death",
      "type": "donor_characteristic",
      "properties": {}
    },
    {
      "name": "Kaplan-Meier curves",
      "type": "monitoring_indicator",
      "properties": {}
    },
    {
      "name": "survival analysis",
      "type": "monitoring_indicator",
      "properties": {}
    },
    {
      "name": "MEDLINE",
      "type": "diagnostic_criteria",
      "properties": {
        "evidence_strength": "database"
      }
    },
    {
      "name": "Embase",
      "type": "diagnostic_criteria",
      "properties": {
        "evidence_strength": "database"
      }
    },
    {
      "name": "Scopus",
      "type": "diagnostic_criteria",
      "properties": {
        "evidence_strength": "database"
      }
    },
    {
      "name": "R",
      "type": "medical_device",
      "properties": {
        "usage": "statistical_analysis"
      }
    }
  ],
  "relations": [
    {
      "head": "donors after circulatory death",
      "relation": "part_of",
      "tail": "Heart transplantation",
      "properties": {}
    },
    {
      "head": "donation after brain death",
      "relation": "part_of",
      "tail": "Heart transplantation",
      "properties": {}
    },
    {
      "head": "Kaplan-Meier curves",
      "relation": "monitors",
      "tail": "survival",
      "properties": {}
    },
    {
      "head": "survival analysis",
      "relation": "monitors",
      "tail": "Heart transplantation",
      "properties": {}
    },
    {
      "head": "MEDLINE",
      "relation": "diagnostic_basis_for",
      "tail": "study comparison",
      "properties": {}
    },
    {
      "head": "Embase",
      "relation": "diagnostic_basis_for",
      "tail": "study comparison",
      "properties": {}
    },
    {
      "head": "Scopus",
      "relation": "diagnostic_basis_for",
      "tail": "study comparison",
      "properties": {}
    },
    {
      "head": "R",
      "relation": "precedes",
      "tail": "survival analysis",
      "properties": {}
    }
  ]
}