{
  "entities": [
    {
      "name": "Heart transplantation",
      "type": "surgical_procedure",
      "properties": {}
    },
    {
      "name": "end-stage heart failure",
      "type": "recipient_characteristic",
      "properties": {}
    },
    {
      "name": "shortage of donor hearts",
      "type": "donor_characteristic",
      "properties": {}
    },
    {
      "name": "survival within 1-year after heart transplantation",
      "type": "monitoring_indicator",
      "properties": {}
    },
    {
      "name": "single-center retrospective cohort study",
      "type": "diagnostic_criteria",
      "properties": {
        "evidence_strength": "cohort study"
      }
    },
    {
      "name": "299 adult patients",
      "type": "recipient_characteristic",
      "properties": {
        "statistical_data": "n=299"
      }
    }
  ],
  "relations": [
    {
      "head": "Heart transplantation",
      "relation": "treats",
      "tail": "end-stage heart failure",
      "properties": {}
    },
    {
      "head": "shortage of donor hearts",
      "relation": "increases_risk",
      "tail": "Heart transplantation",
      "properties": {}
    },
    {
      "head": "single-center retrospective cohort study",
      "relation": "diagnostic_basis_for",
      "tail": "survival within 1-year after heart transplantation",
      "properties": {
        "evidence_strength": "cohort study"
      }
    }
  ]
}