{
  "entities": [
    {
      "name": "temporary mechanical circulatory support",
      "type": "medical_device",
      "properties": {}
    },
    {
      "name": "peripartum cardiomyopathy",
      "type": "risk_factor",
      "properties": {}
    },
    {
      "name": "bridge to transplant",
      "type": "treatment_regimen",
      "properties": {}
    },
    {
      "name": "durable mechanical circulatory support",
      "type": "medical_device",
      "properties": {}
    },
    {
      "name": "no mechanical circulatory support",
      "type": "treatment_regimen",
      "properties": {}
    },
    {
      "name": "heart transplant",
      "type": "surgical_procedure",
      "properties": {}
    },
    {
      "name": "female patients",
      "type": "recipient_characteristic",
      "properties": {
        "age": ">/=14 years"
      }
    },
    {
      "name": "United Network for Organ Sharing database",
      "type": "monitoring_indicator",
      "properties": {}
    },
    {
      "name": "PPCM patients",
      "type": "recipient_characteristic",
      "properties": {
        "count": "1,043"
      }
    }
  ],
  "relations": [
    {
      "head": "temporary mechanical circulatory support",
      "relation": "treats",
      "tail": "peripartum cardiomyopathy",
      "properties": {
        "evidence_strength": "cohort study"
      }
    },
    {
      "head": "temporary mechanical circulatory support",
      "relation": "part_of",
      "tail": "bridge to transplant",
      "properties": {}
    },
    {
      "head": "durable mechanical circulatory support",
      "relation": "part_of",
      "tail": "bridge to transplant",
      "properties": {}
    },
    {
      "head": "no mechanical circulatory support",
      "relation": "part_of",
      "tail": "bridge to transplant",
      "properties": {}
    },
    {
      "head": "bridge to transplant",
      "relation": "precedes",
      "tail": "heart transplant",
      "properties": {}
    },
    {
      "head": "United Network for Organ Sharing database",
      "relation": "monitors",
      "tail": "PPCM patients",
      "properties": {}
    }
  ]
}