{
  "entities": [
    {
      "name": "MMP9(High) Neutrophils",
      "type": "risk_factor",
      "properties": {}
    },
    {
      "name": "Neutrophil Extracellular Traps Formation",
      "type": "complication",
      "properties": {}
    },
    {
      "name": "Myocardial Ischemia/Reperfusion Injury",
      "type": "complication",
      "properties": {}
    }
  ],
  "relations": [
    {
      "head": "MMP9(High) Neutrophils",
      "relation": "causes",
      "tail": "Neutrophil Extracellular Traps Formation",
      "properties": {}
    },
    {
      "head": "MMP9(High) Neutrophils",
      "relation": "causes",
      "tail": "Myocardial Ischemia/Reperfusion Injury",
      "properties": {}
    }
  ]
}