{
  "entities": [
    {
      "name": "myocardial infarction",
      "type": "diagnostic_criteria",
      "properties": {}
    },
    {
      "name": "myocardial ischemia-reperfusion injury",
      "type": "diagnostic_criteria",
      "properties": {}
    },
    {
      "name": "squeeze technique",
      "type": "surgical_procedure",
      "properties": {}
    },
    {
      "name": "isoflurane-induced anesthesia",
      "type": "treatment_regimen",
      "properties": {}
    },
    {
      "name": "left anterior descending artery (LAD) ligation",
      "type": "surgical_procedure",
      "properties": {}
    },
    {
      "name": "real-time monitoring",
      "type": "monitoring_indicator",
      "properties": {}
    },
    {
      "name": "histological analysis",
      "type": "diagnostic_criteria",
      "properties": {}
    }
  ],
  "relations": [
    {
      "head": "squeeze technique",
      "relation": "precedes",
      "tail": "myocardial infarction",
      "properties": {}
    },
    {
      "head": "squeeze technique",
      "relation": "precedes",
      "tail": "myocardial ischemia-reperfusion injury",
      "properties": {}
    },
    {
      "head": "isoflurane-induced anesthesia",
      "relation": "part_of",
      "tail": "squeeze technique",
      "properties": {}
    },
    {
      "head": "left anterior descending artery (LAD) ligation",
      "relation": "part_of",
      "tail": "squeeze technique",
      "properties": {}
    },
    {
      "head": "real-time monitoring",
      "relation": "monitors",
      "tail": "squeeze technique",
      "properties": {}
    },
    {
      "head": "histological analysis",
      "relation": "diagnostic_basis_for",
      "tail": "myocardial infarction",
      "properties": {}
    },
    {
      "head": "histological analysis",
      "relation": "diagnostic_basis_for",
      "tail": "myocardial ischemia-reperfusion injury",
      "properties": {}
    }
  ]
}