{
  "entities": [
    {
      "name": "PERK",
      "type": "medication",
      "properties": {}
    },
    {
      "name": "myocardial ischemia-reperfusion injury",
      "type": "complication",
      "properties": {}
    },
    {
      "name": "ER-mitochondria contacts",
      "type": "monitoring_indicator",
      "properties": {}
    },
    {
      "name": "phosphatidic acid transport",
      "type": "monitoring_indicator",
      "properties": {}
    },
    {
      "name": "mitochondria-associated membrane (MAM)",
      "type": "monitoring_indicator",
      "properties": {}
    },
    {
      "name": "mitochondrial energy metabolism",
      "type": "monitoring_indicator",
      "properties": {}
    },
    {
      "name": "structural morphology",
      "type": "monitoring_indicator",
      "properties": {}
    },
    {
      "name": "ZY341",
      "type": "medication",
      "properties": {}
    },
    {
      "name": "PERK activation",
      "type": "treatment_regimen",
      "properties": {}
    }
  ],
  "relations": [
    {
      "head": "PERK",
      "relation": "monitors",
      "tail": "mitochondria-associated membrane (MAM) homeostasis",
      "properties": {}
    },
    {
      "head": "PERK",
      "relation": "monitors",
      "tail": "mitochondrial energy metabolism",
      "properties": {}
    },
    {
      "head": "PERK",
      "relation": "monitors",
      "tail": "structural morphology",
      "properties": {}
    },
    {
      "head": "PERK activation",
      "relation": "treats",
      "tail": "myocardial ischemia-reperfusion injury",
      "properties": {}
    },
    {
      "head": "ZY341",
      "relation": "part_of",
      "tail": "PERK agonist",
      "properties": {}
    },
    {
      "head": "ZY341",
      "relation": "alleviates",
      "tail": "myocardial ischemia-reperfusion injury",
      "properties": {}
    },
    {
      "head": "ZY341",
      "relation": "monitors",
      "tail": "ER-mitochondria contacts",
      "properties": {}
    },
    {
      "head": "ZY341",
      "relation": "monitors",
      "tail": "phosphatidic acid transport",
      "properties": {}
    }
  ]
}