{
  "entities": [
    {
      "name": "isoprenaline",
      "type": "medication",
      "properties": {}
    },
    {
      "name": "adenosine",
      "type": "medication",
      "properties": {}
    },
    {
      "name": "cardiac surgery",
      "type": "surgical_procedure",
      "properties": {}
    },
    {
      "name": "acute myocardial infarction",
      "type": "risk_factor",
      "properties": {}
    },
    {
      "name": "ischaemia-reperfusion injury",
      "type": "complication",
      "properties": {}
    },
    {
      "name": "cardiac magnetic resonance imaging",
      "type": "monitoring_indicator",
      "properties": {}
    },
    {
      "name": "myocardial infarction",
      "type": "risk_factor",
      "properties": {}
    },
    {
      "name": "randomized trial",
      "type": "diagnostic_criteria",
      "properties": {
        "evidence_strength": "RCT"
      }
    },
    {
      "name": "pilot study",
      "type": "diagnostic_criteria",
      "properties": {
        "evidence_strength": "pilot study"
      }
    }
  ],
  "relations": [
    {
      "head": "isoprenaline",
      "relation": "part_of",
      "tail": "preoperative consecutive treatment",
      "properties": {}
    },
    {
      "head": "adenosine",
      "relation": "part_of",
      "tail": "preoperative consecutive treatment",
      "properties": {}
    },
    {
      "head": "preoperative consecutive treatment",
      "relation": "treats",
      "tail": "ischaemia-reperfusion injury",
      "properties": {}
    },
    {
      "head": "preoperative consecutive treatment",
      "relation": "alleviates",
      "tail": "ischaemia-reperfusion injury",
      "properties": {}
    },
    {
      "head": "cardiac magnetic resonance imaging",
      "relation": "monitors",
      "tail": "myocardial infarction",
      "properties": {}
    },
    {
      "head": "acute myocardial infarction",
      "relation": "increases_risk",
      "tail": "ischaemia-reperfusion injury",
      "properties": {}
    },
    {
      "head": "randomized trial",
      "relation": "diagnostic_basis_for",
      "tail": "safety and efficacy",
      "properties": {}
    },
    {
      "head": "pilot study",
      "relation": "precedes",
      "tail": "randomized trial",
      "properties": {}
    }
  ]
}