{
  "entities": [
    {
      "name": "microaxial flow devices",
      "type": "medical_device",
      "properties": {}
    },
    {
      "name": "mechanical circulatory support",
      "type": "surgical_procedure",
      "properties": {}
    },
    {
      "name": "cardiogenic shock",
      "type": "complication",
      "properties": {}
    },
    {
      "name": "acute myocardial infarction",
      "type": "risk_factor",
      "properties": {}
    },
    {
      "name": "colchicine",
      "type": "medication",
      "properties": {}
    },
    {
      "name": "atrial fibrillation",
      "type": "complication",
      "properties": {}
    },
    {
      "name": "intravenous amino acids",
      "type": "medication",
      "properties": {}
    },
    {
      "name": "cardiopulmonary bypass",
      "type": "surgical_procedure",
      "properties": {}
    },
    {
      "name": "implantable wireless pacing-defibrillator devices",
      "type": "medical_device",
      "properties": {}
    },
    {
      "name": "pulmonary artery pressure monitoring",
      "type": "monitoring_indicator",
      "properties": {}
    },
    {
      "name": "heart failure",
      "type": "risk_factor",
      "properties": {}
    },
    {
      "name": "extracorporeal blood purification",
      "type": "treatment_regimen",
      "properties": {}
    },
    {
      "name": "acute kidney injury",
      "type": "complication",
      "properties": {}
    },
    {
      "name": "hypothermic oxygenated perfusion",
      "type": "surgical_procedure",
      "properties": {}
    },
    {
      "name": "donor heart",
      "type": "donor_characteristic",
      "properties": {}
    },
    {
      "name": "heart transplantation",
      "type": "surgical_procedure",
      "properties": {}
    },
    {
      "name": "transcatheter interventions",
      "type": "surgical_procedure",
      "properties": {}
    },
    {
      "name": "mitral valve",
      "type": "medical_device",
      "properties": {}
    },
    {
      "name": "aortic valve",
      "type": "medical_device",
      "properties": {}
    }
  ],
  "relations": [
    {
      "head": "microaxial flow devices",
      "relation": "treats",
      "tail": "cardiogenic shock",
      "properties": {
        "evidence_strength": "robust clinical outcome data"
      }
    },
    {
      "head": "acute myocardial infarction",
      "relation": "causes",
      "tail": "cardiogenic shock",
      "properties": {}
    },
    {
      "head": "mechanical circulatory support",
      "relation": "treats",
      "tail": "cardiogenic shock",
      "properties": {}
    },
    {
      "head": "colchicine",
      "relation": "alleviates",
      "tail": "atrial fibrillation",
      "properties": {}
    },
    {
      "head": "intravenous amino acids",
      "relation": "alleviates",
      "tail": "acute kidney injury",
      "properties": {}
    },
    {
      "head": "cardiopulmonary bypass",
      "relation": "precedes",
      "tail": "acute kidney injury",
      "properties": {}
    },
    {
      "head": "pulmonary artery pressure monitoring",
      "relation": "monitors",
      "tail": "heart failure",
      "properties": {}
    },
    {
      "head": "extracorporeal blood purification",
      "relation": "alleviates",
      "tail": "acute kidney injury",
      "properties": {}
    },
    {
      "head": "hypothermic oxygenated perfusion",
      "relation": "part_of",
      "tail": "heart transplantation",
      "properties": {}
    },
    {
      "head": "donor heart",
      "relation": "part_of",
      "tail": "heart transplantation",
      "properties": {}
    }
  ]
}