{
  "entities": [
    {
      "name": "del Nido blood cardioplegia",
      "type": "surgical_procedure",
      "properties": {}
    },
    {
      "name": "St. Thomas' blood cardioplegia",
      "type": "surgical_procedure",
      "properties": {}
    },
    {
      "name": "children undergoing cardiac surgery",
      "type": "recipient_characteristic",
      "properties": {}
    },
    {
      "name": "DESTINY trial",
      "type": "diagnostic_criteria",
      "properties": {
        "study_type": "multicentre randomised controlled trial"
      }
    }
  ],
  "relations": [
    {
      "head": "del Nido blood cardioplegia",
      "relation": "precedes",
      "tail": "cardiac surgery",
      "properties": {}
    },
    {
      "head": "St. Thomas' blood cardioplegia",
      "relation": "precedes",
      "tail": "cardiac surgery",
      "properties": {}
    },
    {
      "head": "DESTINY trial",
      "relation": "diagnostic_basis_for",
      "tail": "children undergoing cardiac surgery",
      "properties": {
        "study_type": "multicentre randomised controlled trial"
      }
    }
  ]
}