{
  "entities": [
    {
      "name": "heart transplantation",
      "type": "surgical_procedure",
      "properties": {}
    },
    {
      "name": "post-transplant diabetes mellitus",
      "type": "complication",
      "properties": {
        "incidence": "new-onset"
      }
    },
    {
      "name": "sex",
      "type": "recipient_characteristic",
      "properties": {}
    }
  ],
  "relations": [
    {
      "head": "sex",
      "relation": "increases_risk",
      "tail": "post-transplant diabetes mellitus",
      "properties": {
        "evidence": "cohort study"
      }
    },
    {
      "head": "heart transplantation",
      "relation": "precedes",
      "tail": "post-transplant diabetes mellitus",
      "properties": {}
    }
  ]
}