{
  "entities": [
    {
      "name": "heterotopic heart transplantation",
      "type": "surgical_procedure",
      "properties": {}
    },
    {
      "name": "donor heart",
      "type": "donor_characteristic",
      "properties": {}
    },
    {
      "name": "recipient heart",
      "type": "recipient_characteristic",
      "properties": {}
    },
    {
      "name": "heart failure symptoms",
      "type": "risk_factor",
      "properties": {}
    },
    {
      "name": "complex anatomy",
      "type": "risk_factor",
      "properties": {}
    },
    {
      "name": "rejection",
      "type": "complication",
      "properties": {}
    },
    {
      "name": "cardiac computed tomography imaging reconstruction",
      "type": "diagnostic_criteria",
      "properties": {}
    },
    {
      "name": "myocardial biopsy",
      "type": "diagnostic_criteria",
      "properties": {}
    },
    {
      "name": "fluoroscopy",
      "type": "medical_device",
      "properties": {}
    }
  ],
  "relations": [
    {
      "head": "heterotopic heart transplantation",
      "relation": "part_of",
      "tail": "donor heart",
      "properties": {}
    },
    {
      "head": "heterotopic heart transplantation",
      "relation": "part_of",
      "tail": "recipient heart",
      "properties": {}
    },
    {
      "head": "heart failure symptoms",
      "relation": "increases_risk",
      "tail": "rejection",
      "properties": {}
    },
    {
      "head": "complex anatomy",
      "relation": "increases_risk",
      "tail": "myocardial biopsy",
      "properties": {}
    },
    {
      "head": "cardiac computed tomography imaging reconstruction",
      "relation": "diagnostic_basis_for",
      "tail": "myocardial biopsy",
      "properties": {}
    },
    {
      "head": "fluoroscopy",
      "relation": "monitors",
      "tail": "myocardial biopsy",
      "properties": {}
    }
  ]
}