{
  "entities": [
    {
      "name": "cardiac arrest",
      "type": "risk_factor",
      "properties": {}
    },
    {
      "name": "cerebral ischemia and reperfusion injury",
      "type": "complication",
      "properties": {}
    },
    {
      "name": "sirtuins",
      "type": "medication",
      "properties": {}
    },
    {
      "name": "PGC 1-alpha",
      "type": "monitoring_indicator",
      "properties": {}
    },
    {
      "name": "Nrf 2",
      "type": "monitoring_indicator",
      "properties": {}
    },
    {
      "name": "NLRP 3",
      "type": "monitoring_indicator",
      "properties": {}
    },
    {
      "name": "FoxOs",
      "type": "monitoring_indicator",
      "properties": {}
    },
    {
      "name": "PINK 1",
      "type": "monitoring_indicator",
      "properties": {}
    },
    {
      "name": "inflammatory response",
      "type": "complication",
      "properties": {}
    },
    {
      "name": "oxidative stress",
      "type": "complication",
      "properties": {}
    },
    {
      "name": "mitochondrial dysfunction",
      "type": "complication",
      "properties": {}
    },
    {
      "name": "apoptosis",
      "type": "complication",
      "properties": {}
    },
    {
      "name": "natural active ingredients",
      "type": "medication",
      "properties": {}
    },
    {
      "name": "nanoparticles",
      "type": "medical_device",
      "properties": {}
    },
    {
      "name": "micromilk",
      "type": "medical_device",
      "properties": {}
    },
    {
      "name": "exosomes",
      "type": "medical_device",
      "properties": {}
    }
  ],
  "relations": [
    {
      "head": "cardiac arrest",
      "relation": "increases_risk",
      "tail": "cerebral ischemia and reperfusion injury",
      "properties": {}
    },
    {
      "head": "cerebral ischemia and reperfusion injury",
      "relation": "increases_risk",
      "tail": "adverse neurological outcomes",
      "properties": {}
    },
    {
      "head": "cerebral ischemia and reperfusion injury",
      "relation": "increases_risk",
      "tail": "increased mortality",
      "properties": {}
    },
    {
      "head": "sirtuins",
      "relation": "treats",
      "tail": "cerebral ischemia and reperfusion injury",
      "properties": {}
    },
    {
      "head": "sirtuins",
      "relation": "monitors",
      "tail": "PGC 1-alpha",
      "properties": {}
    },
    {
      "head": "sirtuins",
      "relation": "monitors",
      "tail": "Nrf 2",
      "properties": {}
    },
    {
      "head": "sirtuins",
      "relation": "monitors",
      "tail": "NLRP 3",
      "properties": {}
    },
    {
      "head": "sirtuins",
      "relation": "monitors",
      "tail": "FoxOs",
      "properties": {}
    },
    {
      "head": "sirtuins",
      "relation": "monitors",
      "tail": "PINK 1",
      "properties": {}
    },
    {
      "head": "sirtuins",
      "relation": "alleviates",
      "tail": "inflammatory response",
      "properties": {}
    },
    {
      "head": "sirtuins",
      "relation": "alleviates",
      "tail": "oxidative stress",
      "properties": {}
    },
    {
      "head": "sirtuins",
      "relation": "alleviates",
      "tail": "mitochondrial dysfunction",
      "properties": {}
    },
    {
      "head": "sirtuins",
      "relation": "alleviates",
      "tail": "apoptosis",
      "properties": {}
    },
    {
      "head": "natural active ingredients",
      "relation": "treats",
      "tail": "sirtuins",
      "properties": {}
    },
    {
      "head": "nanoparticles",
      "relation": "treats",
      "tail": "natural active ingredients",
      "properties": {}
    },
    {
      "head": "micromilk",
      "relation": "treats",
      "tail": "natural active ingredients",
      "properties": {}
    },
    {
      "head": "exosomes",
      "relation": "treats",
      "tail": "natural active ingredients",
      "properties": {}
    }
  ]
}