{
  "entities": [
    {
      "name": "Pediatric heart transplantation",
      "type": "surgical_procedure",
      "properties": {}
    },
    {
      "name": "donor organ availability",
      "type": "donor_characteristic",
      "properties": {}
    },
    {
      "name": "prolonged waitlist times",
      "type": "recipient_characteristic",
      "properties": {}
    },
    {
      "name": "late acute rejection (LAR)",
      "type": "complication",
      "properties": {}
    },
    {
      "name": "hospitalization",
      "type": "complication",
      "properties": {}
    },
    {
      "name": "post-transplant outcomes",
      "type": "monitoring_indicator",
      "properties": {}
    },
    {
      "name": "registry data",
      "type": "monitoring_indicator",
      "properties": {}
    },
    {
      "name": "dynamic clinical factors",
      "type": "monitoring_indicator",
      "properties": {}
    },
    {
      "name": "social factors",
      "type": "monitoring_indicator",
      "properties": {}
    },
    {
      "name": "electronic health records (EHR)",
      "type": "monitoring_indicator",
      "properties": {}
    },
    {
      "name": "social determinants of health (SDoH)",
      "type": "monitoring_indicator",
      "properties": {}
    },
    {
      "name": "United Network for Organ Sharing (UNOS) data",
      "type": "monitoring_indicator",
      "properties": {}
    },
    {
      "name": "organ rejection",
      "type": "complication",
      "properties": {}
    },
    {
      "name": "pre-transplant health",
      "type": "recipient_characteristic",
      "properties": {}
    },
    {
      "name": "post-transplant health",
      "type": "monitoring_indicator",
      "properties": {}
    },
    {
      "name": "medical records",
      "type": "monitoring_indicator",
      "properties": {}
    },
    {
      "name": "procedures",
      "type": "surgical_procedure",
      "properties": {}
    },
    {
      "name": "clinical evaluations",
      "type": "diagnostic_criteria",
      "properties": {}
    },
    {
      "name": "post-transplant follow-up",
      "type": "monitoring_indicator",
      "properties": {}
    },
    {
      "name": "comorbidities",
      "type": "risk_factor",
      "properties": {}
    },
    {
      "name": "medication adherence",
      "type": "treatment_regimen",
      "properties": {}
    },
    {
      "name": "laboratory results",
      "type": "monitoring_indicator",
      "properties": {}
    },
    {
      "name": "socioeconomic status",
      "type": "risk_factor",
      "properties": {}
    },
    {
      "name": "living conditions",
      "type": "risk_factor",
      "properties": {}
    },
    {
      "name": "healthcare access",
      "type": "risk_factor",
      "properties": {}
    }
  ],
  "relations": [
    {
      "head": "Pediatric heart transplantation",
      "relation": "increases_risk",
      "tail": "late acute rejection (LAR)",
      "properties": {}
    },
    {
      "head": "Pediatric heart transplantation",
      "relation": "increases_risk",
      "tail": "hospitalization",
      "properties": {}
    },
    {
      "head": "limited donor organ availability",
      "relation": "precedes",
      "tail": "Pediatric heart transplantation",
      "properties": {}
    },
    {
      "head": "prolonged waitlist times",
      "relation": "precedes",
      "tail": "Pediatric heart transplantation",
      "properties": {}
    },
    {
      "head": "registry data",
      "relation": "diagnostic_basis_for",
      "tail": "post-transplant outcomes",
      "properties": {}
    },
    {
      "head": "electronic health records (EHR)",
      "relation": "monitors",
      "tail": "evolving clinical parameters",
      "properties": {}
    },
    {
      "head": "United Network for Organ Sharing (UNOS) data",
      "relation": "monitors",
      "tail": "pre- and post-transplant health",
      "properties": {}
    },
    {
      "head": "United Network for Organ Sharing (UNOS) data",
      "relation": "monitors",
      "tail": "medical records",
      "properties": {}
    },
    {
      "head": "United Network for Organ Sharing (UNOS) data",
      "relation": "monitors",
      "tail": "procedures",
      "properties": {}
    },
    {
      "head": "United Network for Organ Sharing (UNOS) data",
      "relation": "monitors",
      "tail": "clinical evaluations",
      "properties": {}
    },
    {
      "head": "United Network for Organ Sharing (UNOS) data",
      "relation": "monitors",
      "tail": "post-transplant follow-up",
      "properties": {}
    },
    {
      "head": "electronic health records (EHR)",
      "relation": "monitors",
      "tail": "comorbidities",
      "properties": {}
    },
    {
      "head": "electronic health records (EHR)",
      "relation": "monitors",
      "tail": "medication adherence",
      "properties": {}
    },
    {
      "head": "electronic health records (EHR)",
      "relation": "monitors",
      "tail": "laboratory results",
      "properties": {}
    },
    {
      "head": "social determinants of health (SDoH)",
      "relation": "monitors",
      "tail": "socioeconomic status",
      "properties": {}
    },
    {
      "head": "social determinants of health (SDoH)",
      "relation": "monitors",
      "tail": "living conditions",
      "properties": {}
    },
    {
      "head": "social determinants of health (SDoH)",
      "relation": "monitors",
      "tail": "healthcare access",
      "properties": {}
    }
  ]
}