{
  "entities": [
    {
      "name": "mechanical support",
      "type": "medical_device",
      "properties": {}
    },
    {
      "name": "children",
      "type": "recipient_characteristic",
      "properties": {}
    },
    {
      "name": "small adolescents",
      "type": "recipient_characteristic",
      "properties": {}
    },
    {
      "name": "low cardiac output syndrome",
      "type": "risk_factor",
      "properties": {}
    },
    {
      "name": "cardiogenic shock",
      "type": "risk_factor",
      "properties": {}
    },
    {
      "name": "veno arterial extracorporeal life support",
      "type": "medical_device",
      "properties": {}
    },
    {
      "name": "left or biventricular assist device implantation",
      "type": "surgical_procedure",
      "properties": {}
    },
    {
      "name": "microaxial flow pump devices",
      "type": "medical_device",
      "properties": {}
    },
    {
      "name": "adult",
      "type": "recipient_characteristic",
      "properties": {}
    },
    {
      "name": "paediatric population",
      "type": "recipient_characteristic",
      "properties": {}
    },
    {
      "name": "patient selection criteria",
      "type": "diagnostic_criteria",
      "properties": {}
    },
    {
      "name": "support duration",
      "type": "monitoring_indicator",
      "properties": {}
    },
    {
      "name": "bridging modalities",
      "type": "treatment_regimen",
      "properties": {}
    },
    {
      "name": "paediatric Impella registry",
      "type": "monitoring_indicator",
      "properties": {}
    },
    {
      "name": "single-centre retrospective observational study",
      "type": "monitoring_indicator",
      "properties": {
        "evidence_strength": "cohort study"
      }
    },
    {
      "name": "patient <18 years",
      "type": "recipient_characteristic",
      "properties": {}
    },
    {
      "name": "Impella device",
      "type": "medical_device",
      "properties": {}
    },
    {
      "name": "study cohort",
      "type": "recipient_characteristic",
      "properties": {}
    },
    {
      "name": "6 patients",
      "type": "recipient_characteristic",
      "properties": {
        "statistical_data": "n=6"
      }
    },
    {
      "name": "median age of 12 (3-17 years)",
      "type": "recipient_characteristic",
      "properties": {
        "statistical_data": "median=12, range=3-17"
      }
    },
    {
      "name": "median weight of 35.6 kg (12-115 kg)",
      "type": "recipient_characteristic",
      "properties": {
        "statistical_data": "median=35.6, range=12-115"
      }
    }
  ],
  "relations": [
    {
      "head": "mechanical support",
      "relation": "treats",
      "tail": "low cardiac output syndrome",
      "properties": {}
    },
    {
      "head": "mechanical support",
      "relation": "treats",
      "tail": "cardiogenic shock",
      "properties": {}
    },
    {
      "head": "veno arterial extracorporeal life support",
      "relation": "precedes",
      "tail": "left or biventricular assist device implantation",
      "properties": {}
    },
    {
      "head": "microaxial flow pump devices",
      "relation": "part_of",
      "tail": "mechanical support",
      "properties": {}
    },
    {
      "head": "single-centre retrospective observational study",
      "relation": "monitors",
      "tail": "paediatric Impella registry",
      "properties": {
        "evidence_strength": "cohort study"
      }
    }
  ]
}