{
  "entities": [
    {
      "name": "hindlimb ischemia-reperfusion",
      "type": "risk_factor",
      "properties": {}
    },
    {
      "name": "ASIC3 upregulation",
      "type": "monitoring_indicator",
      "properties": {}
    },
    {
      "name": "exercise pressor reflex",
      "type": "complication",
      "properties": {}
    },
    {
      "name": "APETx2",
      "type": "medication",
      "properties": {
        "description": "ASIC3 antagonist"
      }
    },
    {
      "name": "static muscle contraction",
      "type": "surgical_procedure",
      "properties": {}
    },
    {
      "name": "mean arterial pressure",
      "type": "monitoring_indicator",
      "properties": {}
    },
    {
      "name": "heart rate",
      "type": "monitoring_indicator",
      "properties": {}
    },
    {
      "name": "lactic acid",
      "type": "medication",
      "properties": {}
    },
    {
      "name": "Western blot",
      "type": "diagnostic_criteria",
      "properties": {}
    },
    {
      "name": "immunofluorescence",
      "type": "diagnostic_criteria",
      "properties": {}
    },
    {
      "name": "L4-6 dorsal root ganglion",
      "type": "medical_device",
      "properties": {}
    },
    {
      "name": "Calcium imaging",
      "type": "monitoring_indicator",
      "properties": {}
    },
    {
      "name": "pH6.7-induced Ca(2+) entry",
      "type": "monitoring_indicator",
      "properties": {}
    }
  ],
  "relations": [
    {
      "head": "hindlimb ischemia-reperfusion",
      "relation": "increases_risk",
      "tail": "exercise pressor reflex",
      "properties": {
        "p_value": "p = 0.031"
      }
    },
    {
      "head": "APETx2",
      "relation": "alleviates",
      "tail": "exercise pressor reflex",
      "properties": {
        "p_value": "p < 0.001"
      }
    },
    {
      "head": "hindlimb ischemia-reperfusion",
      "relation": "increases_risk",
      "tail": "mean arterial pressure response to lactic acid",
      "properties": {
        "p_value": "p < 0.05 (1 mumol/kg), p < 0.01 (2 and 4 mumol/kg)"
      }
    },
    {
      "head": "APETx2",
      "relation": "alleviates",
      "tail": "mean arterial pressure response to lactic acid",
      "properties": {
        "p_value": "p = 0.013"
      }
    },
    {
      "head": "hindlimb ischemia-reperfusion",
      "relation": "causes",
      "tail": "ASIC3 protein expression increase",
      "properties": {
        "p_value": "p = 0.012"
      }
    },
    {
      "head": "APETx2",
      "relation": "alleviates",
      "tail": "pH 6.7-induced Ca(2+) entry",
      "properties": {
        "p_value": "p = 0.003"
      }
    },
    {
      "head": "ASIC3 upregulation",
      "relation": "causes",
      "tail": "exercise pressor reflex exacerbation",
      "properties": {}
    },
    {
      "head": "static muscle contraction",
      "relation": "precedes",
      "tail": "mean arterial pressure measurement",
      "properties": {}
    },
    {
      "head": "lactic acid injection",
      "relation": "precedes",
      "tail": "mean arterial pressure measurement",
      "properties": {}
    },
    {
      "head": "Western blot",
      "relation": "monitors",
      "tail": "ASIC3 expression",
      "properties": {}
    },
    {
      "head": "immunofluorescence",
      "relation": "monitors",
      "tail": "ASIC3 location",
      "properties": {}
    },
    {
      "head": "Calcium imaging",
      "relation": "monitors",
      "tail": "pH6.7-induced Ca(2+) entry",
      "properties": {}
    }
  ]
}