{
  "entities": [
    {
      "name": "Myocardial ischemia/reperfusion (MI/R) injury",
      "type": "complication",
      "properties": {}
    },
    {
      "name": "acute myocardial infarction",
      "type": "complication",
      "properties": {}
    },
    {
      "name": "Ferroptosis",
      "type": "complication",
      "properties": {}
    },
    {
      "name": "long non-coding RNAs (lncRNAs)",
      "type": "monitoring_indicator",
      "properties": {}
    },
    {
      "name": "OIP5 antisense RNA 1 (Oip5-as1)",
      "type": "monitoring_indicator",
      "properties": {}
    },
    {
      "name": "cardiomyocyte-specific knockout",
      "type": "surgical_procedure",
      "properties": {}
    }
  ],
  "relations": [
    {
      "head": "Myocardial ischemia/reperfusion (MI/R) injury",
      "relation": "causes",
      "tail": "adverse outcomes",
      "properties": {}
    },
    {
      "head": "Myocardial ischemia/reperfusion (MI/R) injury",
      "relation": "part_of",
      "tail": "acute myocardial infarction",
      "properties": {}
    },
    {
      "head": "Ferroptosis",
      "relation": "part_of",
      "tail": "Myocardial ischemia/reperfusion (MI/R) injury",
      "properties": {}
    },
    {
      "head": "cardiomyocyte-specific knockout",
      "relation": "increases_risk",
      "tail": "Ferroptosis",
      "properties": {}
    },
    {
      "head": "OIP5 antisense RNA 1 (Oip5-as1)",
      "relation": "monitors",
      "tail": "Ferroptosis",
      "properties": {}
    }
  ]
}