{
  "entities": [
    {
      "name": "mitral transcatheter edge-to-edge repair",
      "type": "surgical_procedure",
      "properties": {}
    },
    {
      "name": "percutaneous mitral annuloplasty",
      "type": "surgical_procedure",
      "properties": {}
    },
    {
      "name": "temporary mechanical circulatory support",
      "type": "medical_device",
      "properties": {}
    },
    {
      "name": "durable left ventricular assist device",
      "type": "medical_device",
      "properties": {}
    },
    {
      "name": "cardiac transplantation",
      "type": "surgical_procedure",
      "properties": {}
    },
    {
      "name": "heart failure with reduced ejection fraction (HFrEF)",
      "type": "recipient_characteristic",
      "properties": {}
    },
    {
      "name": "severe mitral regurgitation",
      "type": "recipient_characteristic",
      "properties": {}
    },
    {
      "name": "advanced heart failure",
      "type": "recipient_characteristic",
      "properties": {}
    },
    {
      "name": "Carillon device",
      "type": "medical_device",
      "properties": {}
    },
    {
      "name": "functional mitral regurgitation",
      "type": "recipient_characteristic",
      "properties": {}
    }
  ],
  "relations": [
    {
      "head": "heart failure with reduced ejection fraction (HFrEF)",
      "relation": "part_of",
      "tail": "advanced heart failure",
      "properties": {}
    },
    {
      "head": "severe mitral regurgitation",
      "relation": "part_of",
      "tail": "functional mitral regurgitation",
      "properties": {}
    },
    {
      "head": "temporary mechanical circulatory support",
      "relation": "precedes",
      "tail": "durable left ventricular assist device",
      "properties": {}
    },
    {
      "head": "durable left ventricular assist device",
      "relation": "precedes",
      "tail": "cardiac transplantation",
      "properties": {}
    },
    {
      "head": "advanced heart failure",
      "relation": "prerequisite_of",
      "tail": "temporary mechanical circulatory support",
      "properties": {}
    },
    {
      "head": "advanced heart failure",
      "relation": "prerequisite_of",
      "tail": "durable left ventricular assist device",
      "properties": {}
    },
    {
      "head": "advanced heart failure",
      "relation": "prerequisite_of",
      "tail": "cardiac transplantation",
      "properties": {}
    },
    {
      "head": "mitral transcatheter edge-to-edge repair",
      "relation": "treats",
      "tail": "severe mitral regurgitation",
      "properties": {}
    },
    {
      "head": "percutaneous mitral annuloplasty",
      "relation": "treats",
      "tail": "severe mitral regurgitation",
      "properties": {}
    },
    {
      "head": "Carillon device",
      "relation": "part_of",
      "tail": "percutaneous mitral annuloplasty",
      "properties": {}
    }
  ]
}