{
  "entities": [
    {
      "name": "ischemia preconditioning (IPC)",
      "type": "treatment_regimen",
      "properties": {}
    },
    {
      "name": "postconditioning (POC)",
      "type": "treatment_regimen",
      "properties": {}
    },
    {
      "name": "ischemia-reperfusion (IR) injury",
      "type": "complication",
      "properties": {}
    },
    {
      "name": "Particulate matter (PM(2.5)) exposure",
      "type": "risk_factor",
      "properties": {}
    },
    {
      "name": "PM(2.5) modified hearts",
      "type": "recipient_characteristic",
      "properties": {}
    },
    {
      "name": "cardiac injury",
      "type": "complication",
      "properties": {}
    },
    {
      "name": "infarct size",
      "type": "monitoring_indicator",
      "properties": {}
    },
    {
      "name": "apoptosis",
      "type": "monitoring_indicator",
      "properties": {}
    },
    {
      "name": "inflammation",
      "type": "monitoring_indicator",
      "properties": {}
    },
    {
      "name": "cardiac function",
      "type": "monitoring_indicator",
      "properties": {}
    },
    {
      "name": "mitochondrial bioenergetic function",
      "type": "monitoring_indicator",
      "properties": {}
    },
    {
      "name": "Peroxisome proliferator-activated receptor gamma coactivator 1-alpha (PGC1-alpha)",
      "type": "monitoring_indicator",
      "properties": {}
    },
    {
      "name": "mitochondrial quality control genes",
      "type": "monitoring_indicator",
      "properties": {}
    },
    {
      "name": "Langendorff perfusion apparatus",
      "type": "medical_device",
      "properties": {}
    },
    {
      "name": "IR protocol",
      "type": "surgical_procedure",
      "properties": {}
    },
    {
      "name": "Female Wistar rats",
      "type": "recipient_characteristic",
      "properties": {}
    },
    {
      "name": "PM(2.5) exposure for 3 h daily over a period of 21 days",
      "type": "risk_factor",
      "properties": {}
    }
  ],
  "relations": [
    {
      "head": "ischemia preconditioning (IPC)",
      "relation": "alleviates",
      "tail": "ischemia-reperfusion (IR) injury",
      "properties": {
        "evidence_strength": "experimental_study"
      }
    },
    {
      "head": "postconditioning (POC)",
      "relation": "alleviates",
      "tail": "ischemia-reperfusion (IR) injury",
      "properties": {
        "evidence_strength": "experimental_study"
      }
    },
    {
      "head": "Particulate matter (PM(2.5)) exposure",
      "relation": "increases_risk",
      "tail": "PM(2.5) modified hearts",
      "properties": {
        "evidence_strength": "experimental_study"
      }
    },
    {
      "head": "PM(2.5) modified hearts",
      "relation": "contraindicated_in",
      "tail": "ischemia preconditioning (IPC)",
      "properties": {
        "evidence_strength": "experimental_study"
      }
    },
    {
      "head": "PM(2.5) modified hearts",
      "relation": "contraindicated_in",
      "tail": "postconditioning (POC)",
      "properties": {
        "evidence_strength": "experimental_study"
      }
    },
    {
      "head": "ischemia-reperfusion (IR) injury",
      "relation": "causes",
      "tail": "cardiac injury",
      "properties": {
        "evidence_strength": "experimental_study"
      }
    },
    {
      "head": "cardiac injury",
      "relation": "part_of",
      "tail": "infarct size",
      "properties": {}
    },
    {
      "head": "cardiac injury",
      "relation": "part_of",
      "tail": "apoptosis",
      "properties": {}
    },
    {
      "head": "cardiac injury",
      "relation": "part_of",
      "tail": "inflammation",
      "properties": {}
    },
    {
      "head": "ischemia preconditioning (IPC)",
      "relation": "monitors",
      "tail": "cardiac function",
      "properties": {
        "evidence_strength": "experimental_study"
      }
    },
    {
      "head": "postconditioning (POC)",
      "relation": "monitors",
      "tail": "cardiac function",
      "properties": {
        "evidence_strength": "experimental_study"
      }
    },
    {
      "head": "ischemia preconditioning (IPC)",
      "relation": "monitors",
      "tail": "mitochondrial bioenergetic function",
      "properties": {
        "evidence_strength": "experimental_study"
      }
    },
    {
      "head": "postconditioning (POC)",
      "relation": "monitors",
      "tail": "mitochondrial bioenergetic function",
      "properties": {
        "evidence_strength": "experimental_study"
      }
    },
    {
      "head": "ischemia preconditioning (IPC)",
      "relation": "monitors",
      "tail": "Peroxisome proliferator-activated receptor gamma coactivator 1-alpha (PGC1-alpha)",
      "properties": {
        "evidence_strength": "experimental_study"
      }
    },
    {
      "head": "postconditioning (POC)",
      "relation": "monitors",
      "tail": "Peroxisome proliferator-activated receptor gamma coactivator 1-alpha (PGC1-alpha)",
      "properties": {
        "evidence_strength": "experimental_study"
      }
    },
    {
      "head": "Particulate matter (PM(2.5)) exposure",
      "relation": "causes",
      "tail": "compromised mitochondrial quality control genes",
      "properties": {
        "evidence_strength": "experimental_study"
      }
    },
    {
      "head": "Langendorff perfusion apparatus",
      "relation": "monitors",
      "tail": "cardiac function",
      "properties": {
        "evidence_strength": "experimental_study"
      }
    }
  ]
}