{
  "entities": [
    {
      "name": "HTK cardioplegia",
      "type": "medication",
      "properties": {}
    },
    {
      "name": "St. Thomas cardioplegia",
      "type": "medication",
      "properties": {}
    },
    {
      "name": "pediatric Tetralogy of Fallot surgery",
      "type": "surgical_procedure",
      "properties": {}
    },
    {
      "name": "extracorporeal circulation",
      "type": "medical_device",
      "properties": {}
    },
    {
      "name": "complex congenital heart disease",
      "type": "recipient_characteristic",
      "properties": {}
    },
    {
      "name": "perioperative cardiac rhythm",
      "type": "monitoring_indicator",
      "properties": {}
    },
    {
      "name": "serum sodium levels",
      "type": "monitoring_indicator",
      "properties": {}
    },
    {
      "name": "retrospective analysis",
      "type": "diagnostic_criteria",
      "properties": {
        "evidence_strength": "retrospective study"
      }
    },
    {
      "name": "pediatric patients",
      "type": "recipient_characteristic",
      "properties": {}
    }
  ],
  "relations": [
    {
      "head": "HTK cardioplegia",
      "relation": "monitors",
      "tail": "perioperative cardiac rhythm",
      "properties": {}
    },
    {
      "head": "HTK cardioplegia",
      "relation": "monitors",
      "tail": "serum sodium levels",
      "properties": {}
    },
    {
      "head": "St. Thomas cardioplegia",
      "relation": "monitors",
      "tail": "perioperative cardiac rhythm",
      "properties": {}
    },
    {
      "head": "St. Thomas cardioplegia",
      "relation": "monitors",
      "tail": "serum sodium levels",
      "properties": {}
    },
    {
      "head": "extracorporeal circulation",
      "relation": "part_of",
      "tail": "pediatric Tetralogy of Fallot surgery",
      "properties": {}
    },
    {
      "head": "retrospective analysis",
      "relation": "diagnostic_basis_for",
      "tail": "myocardial protective efficacy",
      "properties": {}
    },
    {
      "head": "complex congenital heart disease",
      "relation": "prerequisite_of",
      "tail": "pediatric Tetralogy of Fallot surgery",
      "properties": {}
    }
  ]
}