{
  "entities": [
    {
      "name": "Blood and Marrow Transplant Clinical Trials Network 1702",
      "type": "treatment_regimen",
      "properties": {
        "evidence_strength": "RCT"
      }
    },
    {
      "name": "Alternative Donor Allogeneic Transplantation",
      "type": "surgical_procedure",
      "properties": {}
    },
    {
      "name": "Journal of clinical oncology : official journal of the American Society of Clinical Oncology",
      "type": "monitoring_indicator",
      "properties": {}
    },
    {
      "name": "J Clin Oncol",
      "type": "monitoring_indicator",
      "properties": {}
    },
    {
      "name": "10.1200/JCO-25-00206",
      "type": "monitoring_indicator",
      "properties": {}
    },
    {
      "name": "Fred Hutchinson Cancer Center",
      "type": "monitoring_indicator",
      "properties": {}
    },
    {
      "name": "Department of Medicine, Center for International Blood and Marrow Transplant Research, Medical College of Wisconsin",
      "type": "monitoring_indicator",
      "properties": {}
    },
    {
      "name": "Division of Biostatistics, Medical College of Wisconsin",
      "type": "monitoring_indicator",
      "properties": {}
    },
    {
      "name": "NMDP",
      "type": "monitoring_indicator",
      "properties": {}
    },
    {
      "name": "H. Lee Moffitt Cancer Center",
      "type": "monitoring_indicator",
      "properties": {}
    },
    {
      "name": "Levine Cancer Institute Atrium Health",
      "type": "monitoring_indicator",
      "properties": {}
    },
    {
      "name": "MaineHealth Cancer Care",
      "type": "monitoring_indicator",
      "properties": {}
    },
    {
      "name": "University of Florida Shands Healthcare",
      "type": "monitoring_indicator",
      "properties": {}
    },
    {
      "name": "Mayo Clinic",
      "type": "monitoring_indicator",
      "properties": {}
    },
    {
      "name": "Northside Hospital",
      "type": "monitoring_indicator",
      "properties": {}
    },
    {
      "name": "Oregon Health Sciences University Knight Cancer Institute",
      "type": "monitoring_indicator",
      "properties": {}
    },
    {
      "name": "Baylor College of Medicine",
      "type": "monitoring_indicator",
      "properties": {}
    },
    {
      "name": "Cleveland Clinic",
      "type": "monitoring_indicator",
      "properties": {}
    },
    {
      "name": "Stanford University",
      "type": "monitoring_indicator",
      "properties": {}
    },
    {
      "name": "The University of Texas MD Anderson Cancer Center",
      "type": "monitoring_indicator",
      "properties": {}
    },
    {
      "name": "Johns Hopkins University",
      "type": "monitoring_indicator",
      "properties": {}
    },
    {
      "name": "Karmanos Cancer Institute Wayne State University",
      "type": "monitoring_indicator",
      "properties": {}
    },
    {
      "name": "The Ohio State University James Comprehensive Cancer Center",
      "type": "monitoring_indicator",
      "properties": {}
    },
    {
      "name": "Washington University B",
      "type": "monitoring_indicator",
      "properties": {}
    }
  ],
  "relations": [
    {
      "head": "Blood and Marrow Transplant Clinical Trials Network 1702",
      "relation": "monitors",
      "tail": "Alternative Donor Allogeneic Transplantation",
      "properties": {
        "evidence_strength": "RCT"
      }
    }
  ]
}