{
  "entities": [
    {
      "name": "neonatal paracorporeal ventricular assist device",
      "type": "medical_device",
      "properties": {}
    },
    {
      "name": "neonatal heart transplant",
      "type": "surgical_procedure",
      "properties": {}
    },
    {
      "name": "bridge",
      "type": "treatment_regimen",
      "properties": {}
    }
  ],
  "relations": [
    {
      "head": "neonatal paracorporeal ventricular assist device",
      "relation": "part_of",
      "tail": "bridge",
      "properties": {}
    },
    {
      "head": "bridge",
      "relation": "precedes",
      "tail": "neonatal heart transplant",
      "properties": {}
    }
  ]
}