{
  "entities": [
    {
      "name": "Hypothermic Oxygenated Perfusion",
      "type": "surgical_procedure",
      "properties": {}
    },
    {
      "name": "Myocardial Metabolism",
      "type": "monitoring_indicator",
      "properties": {}
    },
    {
      "name": "Conduction",
      "type": "monitoring_indicator",
      "properties": {}
    },
    {
      "name": "Heart Transplantation",
      "type": "surgical_procedure",
      "properties": {}
    }
  ],
  "relations": [
    {
      "head": "Hypothermic Oxygenated Perfusion",
      "relation": "preserves",
      "tail": "Myocardial Metabolism",
      "properties": {}
    },
    {
      "head": "Hypothermic Oxygenated Perfusion",
      "relation": "preserves",
      "tail": "Conduction",
      "properties": {}
    },
    {
      "head": "Hypothermic Oxygenated Perfusion",
      "relation": "part_of",
      "tail": "Heart Transplantation",
      "properties": {}
    }
  ]
}