{
  "entities": [
    {
      "name": "Advanced Cardiac Therapies Improving Outcomes Network",
      "type": "monitoring_indicator",
      "properties": {}
    },
    {
      "name": "dystrophinopathy",
      "type": "recipient_characteristic",
      "properties": {}
    },
    {
      "name": "prospective dystrophinopathy registry",
      "type": "monitoring_indicator",
      "properties": {}
    }
  ],
  "relations": [
    {
      "head": "prospective dystrophinopathy registry",
      "relation": "monitors",
      "tail": "dystrophinopathy",
      "properties": {}
    },
    {
      "head": "Advanced Cardiac Therapies Improving Outcomes Network",
      "relation": "part_of",
      "tail": "prospective dystrophinopathy registry",
      "properties": {}
    }
  ]
}