{
  "entities": [
    {
      "name": "Complete atrioventricular (AV) block",
      "type": "complication",
      "properties": {}
    },
    {
      "name": "orthotopic heart transplantation (OHT)",
      "type": "surgical_procedure",
      "properties": {}
    },
    {
      "name": "ischaemic injury",
      "type": "risk_factor",
      "properties": {}
    },
    {
      "name": "surgical trauma",
      "type": "risk_factor",
      "properties": {}
    },
    {
      "name": "immunosuppressed patients",
      "type": "recipient_characteristic",
      "properties": {}
    },
    {
      "name": "pacemaker",
      "type": "medical_device",
      "properties": {}
    },
    {
      "name": "infection risk",
      "type": "risk_factor",
      "properties": {}
    },
    {
      "name": "hypertrophic cardiomyopathy",
      "type": "recipient_characteristic",
      "properties": {}
    },
    {
      "name": "persistent complete AV block",
      "type": "complication",
      "properties": {}
    },
    {
      "name": "no ventricular escape",
      "type": "recipient_characteristic",
      "properties": {}
    },
    {
      "name": "right ventricular failure",
      "type": "complication",
      "properties": {}
    },
    {
      "name": "severe systemic infections",
      "type": "complication",
      "properties": {}
    },
    {
      "name": "high infectious risk",
      "type": "risk_factor",
      "properties": {}
    },
    {
      "name": "moderate-to-severe tricuspid regurgitation",
      "type": "recipient_characteristic",
      "properties": {}
    },
    {
      "name": "Micra AV2 leadless pacemaker",
      "type": "medical_device",
      "properties": {}
    },
    {
      "name": "AV synchrony",
      "type": "monitoring_indicator",
      "properties": {}
    }
  ],
  "relations": [
    {
      "head": "orthotopic heart transplantation (OHT)",
      "relation": "causes",
      "tail": "Complete atrioventricular (AV) block",
      "properties": {}
    },
    {
      "head": "ischaemic injury",
      "relation": "causes",
      "tail": "Complete atrioventricular (AV) block",
      "properties": {}
    },
    {
      "head": "surgical trauma",
      "relation": "causes",
      "tail": "Complete atrioventricular (AV) block",
      "properties": {}
    },
    {
      "head": "immunosuppressed patients",
      "relation": "increases_risk",
      "tail": "infection risk",
      "properties": {}
    },
    {
      "head": "orthotopic heart transplantation (OHT)",
      "relation": "causes",
      "tail": "persistent complete AV block",
      "properties": {}
    },
    {
      "head": "orthotopic heart transplantation (OHT)",
      "relation": "precedes",
      "tail": "right ventricular failure",
      "properties": {}
    },
    {
      "head": "orthotopic heart transplantation (OHT)",
      "relation": "precedes",
      "tail": "severe systemic infections",
      "properties": {}
    },
    {
      "head": "high infectious risk",
      "relation": "contraindicated_in",
      "tail": "pacemaker",
      "properties": {}
    },
    {
      "head": "moderate-to-severe tricuspid regurgitation",
      "relation": "contraindicated_in",
      "tail": "pacemaker",
      "properties": {}
    },
    {
      "head": "Micra AV2 leadless pacemaker",
      "relation": "treats",
      "tail": "persistent complete AV block",
      "properties": {}
    },
    {
      "head": "Micra AV2 leadless pacemaker",
      "relation": "monitors",
      "tail": "AV synchrony",
      "properties": {}
    }
  ]
}