{
  "entities": [
    {
      "name": "tricuspid valve regurgitation",
      "type": "complication",
      "properties": {}
    },
    {
      "name": "endomyocardial biopsies",
      "type": "surgical_procedure",
      "properties": {}
    },
    {
      "name": "rejection",
      "type": "complication",
      "properties": {}
    },
    {
      "name": "heart transplantation",
      "type": "surgical_procedure",
      "properties": {}
    },
    {
      "name": "color-flow Doppler echocardiogram",
      "type": "monitoring_indicator",
      "properties": {}
    },
    {
      "name": "annual heart catheterization",
      "type": "monitoring_indicator",
      "properties": {}
    },
    {
      "name": "transplant vasculopathy",
      "type": "complication",
      "properties": {}
    },
    {
      "name": "preoperative hemodynamics",
      "type": "recipient_characteristic",
      "properties": {}
    },
    {
      "name": "postoperative hemodynamics",
      "type": "recipient_characteristic",
      "properties": {}
    },
    {
      "name": "rate of rejection",
      "type": "risk_factor",
      "properties": {}
    },
    {
      "name": "donor heart weight",
      "type": "donor_characteristic",
      "properties": {}
    },
    {
      "name": "ischemic intervals",
      "type": "risk_factor",
      "properties": {}
    },
    {
      "name": "preoperative pulmonary hemodynamics",
      "type": "recipient_characteristic",
      "properties": {}
    },
    {
      "name": "postoperative pulmonary hemodynamics",
      "type": "recipient_characteristic",
      "properties": {}
    },
    {
      "name": "number of biopsies",
      "type": "risk_factor",
      "properties": {}
    },
    {
      "name": "oversizing of donor hearts",
      "type": "treatment_regimen",
      "properties": {}
    }
  ],
  "relations": [
    {
      "head": "endomyocardial biopsies",
      "relation": "causes",
      "tail": "tricuspid valve regurgitation",
      "properties": {}
    },
    {
      "head": "rejection",
      "relation": "causes",
      "tail": "tricuspid valve regurgitation",
      "properties": {}
    },
    {
      "head": "color-flow Doppler echocardiogram",
      "relation": "monitors",
      "tail": "tricuspid valve regurgitation",
      "properties": {}
    },
    {
      "head": "annual heart catheterization",
      "relation": "monitors",
      "tail": "tricuspid valve regurgitation",
      "properties": {}
    },
    {
      "head": "rate of rejection",
      "relation": "increases_risk",
      "tail": "tricuspid valve regurgitation",
      "properties": {
        "evidence_strength": "multivariate analysis"
      }
    },
    {
      "head": "donor heart weight",
      "relation": "increases_risk",
      "tail": "tricuspid valve regurgitation",
      "properties": {
        "evidence_strength": "multivariate analysis"
      }
    },
    {
      "head": "number of biopsies",
      "relation": "increases_risk",
      "tail": "tricuspid valve regurgitation",
      "properties": {}
    },
    {
      "head": "oversizing of donor hearts",
      "relation": "alleviates",
      "tail": "tricuspid valve regurgitation",
      "properties": {}
    }
  ]
}