{
  "entities": [
    {
      "name": "donor heart",
      "type": "donor_characteristic",
      "properties": {}
    },
    {
      "name": "biopsy",
      "type": "surgical_procedure",
      "properties": {}
    },
    {
      "name": "right ventricle (septum)",
      "type": "donor_characteristic",
      "properties": {}
    },
    {
      "name": "procurement",
      "type": "surgical_procedure",
      "properties": {}
    },
    {
      "name": "implantation",
      "type": "surgical_procedure",
      "properties": {}
    },
    {
      "name": "electron microscopy",
      "type": "monitoring_indicator",
      "properties": {}
    },
    {
      "name": "mild cytoplasmic changes",
      "type": "donor_characteristic",
      "properties": {}
    },
    {
      "name": "anomalies",
      "type": "donor_characteristic",
      "properties": {}
    },
    {
      "name": "disease states",
      "type": "risk_factor",
      "properties": {}
    },
    {
      "name": "toxic damage",
      "type": "risk_factor",
      "properties": {}
    },
    {
      "name": "membrane system",
      "type": "donor_characteristic",
      "properties": {}
    },
    {
      "name": "cardiac myocytes",
      "type": "donor_characteristic",
      "properties": {}
    },
    {
      "name": "reversible character of changes",
      "type": "donor_characteristic",
      "properties": {}
    },
    {
      "name": "ultrastructural myocardial features",
      "type": "monitoring_indicator",
      "properties": {}
    },
    {
      "name": "reperfusion",
      "type": "surgical_procedure",
      "properties": {}
    }
  ],
  "relations": [
    {
      "head": "biopsy",
      "relation": "precedes",
      "tail": "transplantation",
      "properties": {}
    },
    {
      "head": "biopsy",
      "relation": "monitors",
      "tail": "donor heart",
      "properties": {}
    },
    {
      "head": "electron microscopy",
      "relation": "monitors",
      "tail": "biopsy samples",
      "properties": {}
    },
    {
      "head": "mild cytoplasmic changes",
      "relation": "part_of",
      "tail": "donor heart",
      "properties": {}
    },
    {
      "head": "anomalies",
      "relation": "similar_in_character",
      "tail": "changes described in disease states or toxic damage",
      "properties": {}
    },
    {
      "head": "lack of damage to the membrane system",
      "relation": "diagnostic_basis_for",
      "tail": "reversible character of changes",
      "properties": {}
    },
    {
      "head": "reperfusion",
      "relation": "precedes",
      "tail": "ultrastructural myocardial features",
      "properties": {}
    }
  ]
}