{
  "entities": [
    {
      "name": "HLA compatibility",
      "type": "donor_characteristic",
      "properties": {}
    },
    {
      "name": "graft survival",
      "type": "monitoring_indicator",
      "properties": {}
    },
    {
      "name": "heart transplantation",
      "type": "surgical_procedure",
      "properties": {}
    },
    {
      "name": "HLA matching",
      "type": "donor_characteristic",
      "properties": {}
    },
    {
      "name": "HLA mismatches",
      "type": "donor_characteristic",
      "properties": {}
    },
    {
      "name": "three-year rate of graft survival",
      "type": "monitoring_indicator",
      "properties": {
        "value": "83 +/- 4 percent for no mismatches or one mismatch, 76 +/- 2 percent for two mismatches, 71 +/- 1 percent for three to six mismatches"
      }
    },
    {
      "name": "multifactorial Cox regression analysis",
      "type": "diagnostic_criteria",
      "properties": {
        "p_value": "0.005"
      }
    },
    {
      "name": "age of donor",
      "type": "donor_characteristic",
      "properties": {}
    },
    {
      "name": "sex of donor",
      "type": "donor_characteristic",
      "properties": {}
    },
    {
      "name": "age of recipient",
      "type": "recipient_characteristic",
      "properties": {}
    },
    {
      "name": "sex of recipient",
      "type": "recipient_characteristic",
      "properties": {}
    },
    {
      "name": "type of underlying disease",
      "type": "recipient_characteristic",
      "properties": {}
    },
    {
      "name": "duration of cold ischemia",
      "type": "risk_factor",
      "properties": {}
    },
    {
      "name": "prophylaxis with antilymphocyte antibodies",
      "type": "treatment_regimen",
      "properties": {}
    },
    {
      "name": "Collaborative Transplant Study",
      "type": "diagnostic_criteria",
      "properties": {
        "study_type": "cohort study",
        "sample_size": 8331,
        "centers": 104,
        "countries": 24
      }
    }
  ],
  "relations": [
    {
      "head": "HLA compatibility",
      "relation": "increases_risk",
      "tail": "graft survival",
      "properties": {
        "p_value": "< 0.001"
      }
    },
    {
      "head": "HLA mismatches",
      "relation": "increases_risk",
      "tail": "graft survival",
      "properties": {
        "p_value": "< 0.001"
      }
    },
    {
      "head": "multifactorial Cox regression analysis",
      "relation": "diagnostic_basis_for",
      "tail": "HLA compatibility effect",
      "properties": {
        "p_value": "0.005"
      }
    },
    {
      "head": "Collaborative Transplant Study",
      "relation": "monitors",
      "tail": "graft survival",
      "properties": {}
    },
    {
      "head": "Collaborative Transplant Study",
      "relation": "precedes",
      "tail": "heart transplantation",
      "properties": {
        "start_year": 1985
      }
    }
  ]
}