{
  "entities": [
    {
      "name": "thyroxine treatment",
      "type": "medication",
      "properties": {}
    },
    {
      "name": "hemodynamically unstable donors",
      "type": "donor_characteristic",
      "properties": {}
    },
    {
      "name": "cardiac transplant",
      "type": "surgical_procedure",
      "properties": {}
    },
    {
      "name": "95.2% graft survival at 6 and 30 months",
      "type": "monitoring_indicator",
      "properties": {
        "statistical_data": "95.2% graft survival at 6 and 30 months"
      }
    }
  ],
  "relations": [
    {
      "head": "thyroxine treatment",
      "relation": "treats",
      "tail": "hemodynamically unstable donors",
      "properties": {}
    },
    {
      "head": "thyroxine treatment",
      "relation": "increases_risk",
      "tail": "95.2% graft survival at 6 and 30 months",
      "properties": {
        "evidence_strength": "cohort study"
      }
    },
    {
      "head": "thyroxine treatment",
      "relation": "precedes",
      "tail": "cardiac transplant",
      "properties": {}
    }
  ]
}