{
  "entities": [
    {
      "name": "L-type calcium currents (I(Ca),L)",
      "type": "monitoring_indicator",
      "properties": {}
    },
    {
      "name": "nonfailing heart (NF)",
      "type": "recipient_characteristic",
      "properties": {}
    },
    {
      "name": "corrective open-heart surgery",
      "type": "surgical_procedure",
      "properties": {}
    },
    {
      "name": "failing heart (FH)",
      "type": "recipient_characteristic",
      "properties": {}
    },
    {
      "name": "dilated cardiomyopathy",
      "type": "risk_factor",
      "properties": {}
    },
    {
      "name": "heart transplantation",
      "type": "surgical_procedure",
      "properties": {}
    },
    {
      "name": "patch-clamp technique",
      "type": "medical_device",
      "properties": {}
    },
    {
      "name": "isoproterenol",
      "type": "medication",
      "properties": {
        "dosage": "1 microM"
      }
    },
    {
      "name": "forskolin",
      "type": "medication",
      "properties": {
        "dosage": "1 microM"
      }
    },
    {
      "name": "8-Br-cAMP",
      "type": "medication",
      "properties": {
        "dosage": "0.1 mM"
      }
    },
    {
      "name": "IBMX",
      "type": "medication",
      "properties": {
        "dosage": "20 microM"
      }
    },
    {
      "name": "beta-adrenoceptor",
      "type": "monitoring_indicator",
      "properties": {}
    }
  ],
  "relations": [
    {
      "head": "dilated cardiomyopathy",
      "relation": "increases_risk",
      "tail": "heart transplantation",
      "properties": {}
    },
    {
      "head": "isoproterenol",
      "relation": "increases_risk",
      "tail": "L-type calcium currents (I(Ca),L)",
      "properties": {
        "statistical_data": "515 +/- 44% in NF, 135 +/- 25% in FH"
      }
    },
    {
      "head": "forskolin",
      "relation": "increases_risk",
      "tail": "L-type calcium currents (I(Ca),L)",
      "properties": {
        "statistical_data": "similar extent in NF and FH"
      }
    },
    {
      "head": "8-Br-cAMP",
      "relation": "increases_risk",
      "tail": "L-type calcium currents (I(Ca),L)",
      "properties": {
        "statistical_data": "similar extent in NF and FH"
      }
    },
    {
      "head": "IBMX",
      "relation": "increases_risk",
      "tail": "L-type calcium currents (I(Ca),L)",
      "properties": {
        "statistical_data": "213 +/- 31% in NF, 207 +/- 59% in FH"
      }
    },
    {
      "head": "beta-adrenoceptor",
      "relation": "monitors",
      "tail": "L-type calcium currents (I(Ca),L)",
      "properties": {}
    }
  ]
}