{
  "entities": [
    {
      "name": "coronary revascularization",
      "type": "surgical_procedure",
      "properties": {}
    },
    {
      "name": "bypass surgery",
      "type": "surgical_procedure",
      "properties": {}
    },
    {
      "name": "angioplasty",
      "type": "surgical_procedure",
      "properties": {}
    },
    {
      "name": "follow-up angiography",
      "type": "diagnostic_criteria",
      "properties": {}
    },
    {
      "name": "Tc-99m sestamibi single-photon emission computed tomography (SPECT)",
      "type": "medical_device",
      "properties": {}
    },
    {
      "name": "F-18 fluoro-deoxy-glucose (FDG) positron emission tomography (PET)",
      "type": "medical_device",
      "properties": {}
    },
    {
      "name": "chronic myocardial infarction",
      "type": "risk_factor",
      "properties": {}
    },
    {
      "name": "regional wall motion (RWM) abnormalities",
      "type": "complication",
      "properties": {}
    },
    {
      "name": "stenosed or occluded coronary artery",
      "type": "contraindication",
      "properties": {}
    },
    {
      "name": "myocardial viability",
      "type": "monitoring_indicator",
      "properties": {}
    },
    {
      "name": "perfusion/metabolism mismatch",
      "type": "diagnostic_criteria",
      "properties": {}
    },
    {
      "name": "scar",
      "type": "complication",
      "properties": {}
    },
    {
      "name": "centerline method",
      "type": "monitoring_indicator",
      "properties": {}
    },
    {
      "name": "p < 0.01",
      "type": "diagnostic_criteria",
      "properties": {
        "statistical_data": "p < 0.01"
      }
    }
  ],
  "relations": [
    {
      "head": "Tc-99m sestamibi single-photon emission computed tomography (SPECT)",
      "relation": "monitors",
      "tail": "myocardial viability",
      "properties": {}
    },
    {
      "head": "F-18 fluoro-deoxy-glucose (FDG) positron emission tomography (PET)",
      "relation": "monitors",
      "tail": "myocardial viability",
      "properties": {}
    },
    {
      "head": "chronic myocardial infarction",
      "relation": "increases_risk",
      "tail": "regional wall motion (RWM) abnormalities",
      "properties": {}
    },
    {
      "head": "stenosed or occluded coronary artery",
      "relation": "causes",
      "tail": "regional wall motion (RWM) abnormalities",
      "properties": {}
    },
    {
      "head": "follow-up angiography",
      "relation": "monitors",
      "tail": "regional wall motion (RWM) changes",
      "properties": {}
    },
    {
      "head": "centerline method",
      "relation": "diagnostic_basis_for",
      "tail": "regional wall motion (RWM) changes",
      "properties": {}
    },
    {
      "head": "perfusion/metabolism mismatch",
      "relation": "diagnostic_basis_for",
      "tail": "RWM improvement",
      "properties": {
        "statistical_data": "p < 0.01"
      }
    },
    {
      "head": "coronary revascularization",
      "relation": "precedes",
      "tail": "follow-up angiography",
      "properties": {}
    },
    {
      "head": "bypass surgery",
      "relation": "part_of",
      "tail": "coronary revascularization",
      "properties": {}
    },
    {
      "head": "angioplasty",
      "relation": "part_of",
      "tail": "coronary revascularization",
      "properties": {}
    }
  ]
}