{
  "entities": [
    {
      "name": "donor-specific transfusion",
      "type": "treatment_regimen",
      "properties": {}
    },
    {
      "name": "anti-CD4 Ab",
      "type": "medication",
      "properties": {}
    },
    {
      "name": "cardiac allografts",
      "type": "surgical_procedure",
      "properties": {}
    },
    {
      "name": "tolerance",
      "type": "recipient_characteristic",
      "properties": {}
    },
    {
      "name": "immune regulation",
      "type": "recipient_characteristic",
      "properties": {}
    },
    {
      "name": "IL-4",
      "type": "monitoring_indicator",
      "properties": {}
    },
    {
      "name": "pretreatment protocol",
      "type": "treatment_regimen",
      "properties": {}
    },
    {
      "name": "adoptive transfer",
      "type": "treatment_regimen",
      "properties": {}
    },
    {
      "name": "spleen cells",
      "type": "medical_device",
      "properties": {}
    },
    {
      "name": "long term surviving grafts",
      "type": "recipient_characteristic",
      "properties": {}
    },
    {
      "name": "donor-specific graft acceptance",
      "type": "recipient_characteristic",
      "properties": {}
    },
    {
      "name": "neutralizing IL-4",
      "type": "treatment_regimen",
      "properties": {}
    },
    {
      "name": "graft outcome",
      "type": "monitoring_indicator",
      "properties": {}
    },
    {
      "name": "long term engraftment",
      "type": "recipient_characteristic",
      "properties": {}
    }
  ],
  "relations": [
    {
      "head": "donor-specific transfusion",
      "relation": "part_of",
      "tail": "pretreatment protocol",
      "properties": {}
    },
    {
      "head": "anti-CD4 Ab",
      "relation": "part_of",
      "tail": "pretreatment protocol",
      "properties": {}
    },
    {
      "head": "pretreatment protocol",
      "relation": "precedes",
      "tail": "cardiac allografts",
      "properties": {
        "time_interval": "28 days"
      }
    },
    {
      "head": "pretreatment protocol",
      "relation": "causes",
      "tail": "immune regulation",
      "properties": {}
    },
    {
      "head": "immune regulation",
      "relation": "alleviates",
      "tail": "immune mediated damage",
      "properties": {}
    },
    {
      "head": "spleen cells",
      "relation": "part_of",
      "tail": "adoptive transfer",
      "properties": {}
    },
    {
      "head": "adoptive transfer",
      "relation": "causes",
      "tail": "donor-specific graft acceptance",
      "properties": {}
    },
    {
      "head": "long term surviving grafts",
      "relation": "diagnostic_basis_for",
      "tail": "tolerance",
      "properties": {}
    },
    {
      "head": "neutralizing IL-4",
      "relation": "monitors",
      "tail": "graft outcome",
      "properties": {}
    },
    {
      "head": "IL-4",
      "relation": "prerequisite_of",
      "tail": "long term engraftment",
      "properties": {
        "evidence_strength": "conditional but limited role"
      }
    }
  ]
}