{
  "entities": [
    {
      "name": "heart transplantation",
      "type": "surgical_procedure",
      "properties": {}
    },
    {
      "name": "congenital heart disease",
      "type": "recipient_characteristic",
      "properties": {}
    },
    {
      "name": "neurodevelopmental delays",
      "type": "complication",
      "properties": {}
    },
    {
      "name": "heart failure",
      "type": "recipient_characteristic",
      "properties": {}
    },
    {
      "name": "developmental follow-up",
      "type": "monitoring_indicator",
      "properties": {}
    },
    {
      "name": "assessment",
      "type": "monitoring_indicator",
      "properties": {}
    },
    {
      "name": "Cardiac Developmental Outcomes Program clinic",
      "type": "monitoring_indicator",
      "properties": {}
    },
    {
      "name": "pediatrician",
      "type": "monitoring_indicator",
      "properties": {}
    },
    {
      "name": "developmental quotient scores",
      "type": "diagnostic_criteria",
      "properties": {}
    },
    {
      "name": "motor",
      "type": "diagnostic_criteria",
      "properties": {}
    },
    {
      "name": "cognitive-apti",
      "type": "diagnostic_criteria",
      "properties": {}
    },
    {
      "name": "single center retrospective cohort study",
      "type": "evidence_strength",
      "properties": {
        "study_type": "cohort study",
        "design": "retrospective",
        "scope": "single center"
      }
    }
  ],
  "relations": [
    {
      "head": "congenital heart disease",
      "relation": "increases_risk",
      "tail": "neurodevelopmental delays",
      "properties": {}
    },
    {
      "head": "heart failure",
      "relation": "prerequisite_of",
      "tail": "heart transplantation",
      "properties": {}
    },
    {
      "head": "developmental follow-up",
      "relation": "monitors",
      "tail": "neurodevelopmental delays",
      "properties": {}
    },
    {
      "head": "assessment",
      "relation": "monitors",
      "tail": "neurodevelopmental delays",
      "properties": {}
    },
    {
      "head": "Cardiac Developmental Outcomes Program clinic",
      "relation": "monitors",
      "tail": "neurodevelopmental delays",
      "properties": {}
    },
    {
      "head": "pediatrician",
      "relation": "monitors",
      "tail": "neurodevelopmental delays",
      "properties": {}
    },
    {
      "head": "developmental quotient scores",
      "relation": "diagnostic_basis_for",
      "tail": "neurodevelopmental delays",
      "properties": {}
    },
    {
      "head": "motor",
      "relation": "part_of",
      "tail": "developmental quotient scores",
      "properties": {}
    },
    {
      "head": "cognitive-apti",
      "relation": "part_of",
      "tail": "developmental quotient scores",
      "properties": {}
    }
  ]
}