{
  "entities": [
    {
      "name": "heart transplantation",
      "type": "surgical_procedure",
      "properties": {}
    },
    {
      "name": "chronic congestive heart failure",
      "type": "complication",
      "properties": {}
    },
    {
      "name": "dilated cardiomyopathy",
      "type": "complication",
      "properties": {}
    },
    {
      "name": "death",
      "type": "complication",
      "properties": {}
    },
    {
      "name": "myocarditis",
      "type": "risk_factor",
      "properties": {}
    },
    {
      "name": "cardiogenic shock",
      "type": "complication",
      "properties": {}
    },
    {
      "name": "fulminant myocarditis",
      "type": "risk_factor",
      "properties": {}
    },
    {
      "name": "pediatric myocarditis",
      "type": "risk_factor",
      "properties": {}
    },
    {
      "name": "persistent left ventricular systolic dysfunction",
      "type": "complication",
      "properties": {}
    },
    {
      "name": "clinical presentation",
      "type": "diagnostic_criteria",
      "properties": {}
    },
    {
      "name": "supportive treatment",
      "type": "treatment_regimen",
      "properties": {}
    }
  ],
  "relations": [
    {
      "head": "myocarditis",
      "relation": "causes",
      "tail": "chronic congestive heart failure",
      "properties": {}
    },
    {
      "head": "myocarditis",
      "relation": "causes",
      "tail": "dilated cardiomyopathy",
      "properties": {}
    },
    {
      "head": "myocarditis",
      "relation": "causes",
      "tail": "heart transplantation",
      "properties": {}
    },
    {
      "head": "myocarditis",
      "relation": "causes",
      "tail": "death",
      "properties": {}
    },
    {
      "head": "clinical presentation",
      "relation": "diagnostic_basis_for",
      "tail": "myocarditis",
      "properties": {}
    },
    {
      "head": "supportive treatment",
      "relation": "treats",
      "tail": "myocarditis",
      "properties": {}
    },
    {
      "head": "fulminant myocarditis",
      "relation": "precedes",
      "tail": "unexpected deterioration",
      "properties": {}
    },
    {
      "head": "pediatric myocarditis",
      "relation": "increases_risk",
      "tail": "poor outcomes",
      "properties": {}
    },
    {
      "head": "poor outcomes",
      "relation": "part_of",
      "tail": "death",
      "properties": {}
    },
    {
      "head": "poor outcomes",
      "relation": "part_of",
      "tail": "heart transplant",
      "properties": {}
    },
    {
      "head": "poor outcomes",
      "relation": "part_of",
      "tail": "persistent left ventricular systolic dysfunction",
      "properties": {}
    }
  ]
}