{
  "entities": [
    {
      "name": "kidney transplantation",
      "type": "surgical_procedure",
      "properties": {}
    },
    {
      "name": "transplantation work-up",
      "type": "diagnostic_criteria",
      "properties": {}
    },
    {
      "name": "contraindications to waitlisting",
      "type": "contraindication",
      "properties": {}
    }
  ],
  "relations": [
    {
      "head": "transplantation work-up",
      "relation": "prerequisite_of",
      "tail": "kidney transplantation",
      "properties": {}
    },
    {
      "head": "contraindications to waitlisting",
      "relation": "contraindicated_in",
      "tail": "kidney transplantation",
      "properties": {}
    }
  ]
}