{
  "entities": [
    {
      "name": "extended criteria donors",
      "type": "donor_characteristic",
      "properties": {}
    },
    {
      "name": "heart transplant",
      "type": "surgical_procedure",
      "properties": {}
    },
    {
      "name": "HTx",
      "type": "surgical_procedure",
      "properties": {}
    },
    {
      "name": "EXPAND Trial criteria",
      "type": "diagnostic_criteria",
      "properties": {}
    },
    {
      "name": "ischemic time ≥ 4 hours",
      "type": "donor_characteristic",
      "properties": {}
    },
    {
      "name": "ejection fraction < 50%",
      "type": "donor_characteristic",
      "properties": {}
    },
    {
      "name": "age > 55 years",
      "type": "donor_characteristic",
      "properties": {}
    },
    {
      "name": "history of coronary artery disease",
      "type": "donor_characteristic",
      "properties": {}
    },
    {
      "name": "United Network for Organ Sharing database",
      "type": "monitoring_indicator",
      "properties": {}
    },
    {
      "name": "2-sample t test",
      "type": "monitoring_indicator",
      "properties": {}
    },
    {
      "name": "Kaplan-Meier survival analysis",
      "type": "monitoring_indicator",
      "properties": {}
    },
    {
      "name": "log-rank test",
      "type": "monitoring_indicator",
      "properties": {}
    },
    {
      "name": "analysis of variance",
      "type": "monitoring_indicator",
      "properties": {}
    },
    {
      "name": "multivariable Cox proportional hazards",
      "type": "monitoring_indicator",
      "properties": {}
    },
    {
      "name": "multinomial logistic regression",
      "type": "monitoring_indicator",
      "properties": {}
    }
  ],
  "relations": [
    {
      "head": "EXPAND Trial criteria",
      "relation": "diagnostic_basis_for",
      "tail": "extended criteria donors",
      "properties": {
        "evidence_strength": "cohort study"
      }
    },
    {
      "head": "ischemic time ≥ 4 hours",
      "relation": "part_of",
      "tail": "EXPAND Trial criteria",
      "properties": {}
    },
    {
      "head": "ejection fraction < 50%",
      "relation": "part_of",
      "tail": "EXPAND Trial criteria",
      "properties": {}
    },
    {
      "head": "age > 55 years",
      "relation": "part_of",
      "tail": "EXPAND Trial criteria",
      "properties": {}
    },
    {
      "head": "history of coronary artery disease",
      "relation": "part_of",
      "tail": "EXPAND Trial criteria",
      "properties": {}
    },
    {
      "head": "United Network for Organ Sharing database",
      "relation": "monitors",
      "tail": "heart transplant",
      "properties": {}
    },
    {
      "head": "2-sample t test",
      "relation": "monitors",
      "tail": "heart transplant",
      "properties": {}
    },
    {
      "head": "Kaplan-Meier survival analysis",
      "relation": "monitors",
      "tail": "heart transplant",
      "properties": {}
    },
    {
      "head": "log-rank test",
      "relation": "monitors",
      "tail": "heart transplant",
      "properties": {}
    },
    {
      "head": "analysis of variance",
      "relation": "monitors",
      "tail": "heart transplant",
      "properties": {}
    },
    {
      "head": "multivariable Cox proportional hazards",
      "relation": "monitors",
      "tail": "heart transplant",
      "properties": {}
    },
    {
      "head": "multinomial logistic regression",
      "relation": "monitors",
      "tail": "heart transplant",
      "properties": {}
    }
  ]
}