{
  "entities": [
    {
      "name": "Mitochondrial transplantation",
      "type": "treatment_regimen",
      "properties": {}
    },
    {
      "name": "cardiac arrest",
      "type": "risk_factor",
      "properties": {}
    },
    {
      "name": "resuscitation",
      "type": "surgical_procedure",
      "properties": {}
    },
    {
      "name": "mice",
      "type": "recipient_characteristic",
      "properties": {}
    },
    {
      "name": "ischemia-reperfusion injury",
      "type": "complication",
      "properties": {}
    },
    {
      "name": "neurological outcomes",
      "type": "monitoring_indicator",
      "properties": {}
    },
    {
      "name": "survival",
      "type": "monitoring_indicator",
      "properties": {}
    },
    {
      "name": "rat model",
      "type": "recipient_characteristic",
      "properties": {}
    },
    {
      "name": "immune modulation",
      "type": "treatment_regimen",
      "properties": {}
    },
    {
      "name": "transcriptional regulation",
      "type": "treatment_regimen",
      "properties": {}
    },
    {
      "name": "C57BL/6 mice",
      "type": "recipient_characteristic",
      "properties": {}
    },
    {
      "name": "Sprague-Dawley rats",
      "type": "recipient_characteristic",
      "properties": {}
    },
    {
      "name": "intravenous",
      "type": "treatment_regimen",
      "properties": {}
    },
    {
      "name": "species-matched donor mitochondria",
      "type": "donor_characteristic",
      "properties": {}
    },
    {
      "name": "biodistribution",
      "type": "monitoring_indicator",
      "properties": {}
    },
    {
      "name": "cellular uptake",
      "type": "monitoring_indicator",
      "properties": {}
    },
    {
      "name": "fluorescent dye-labeled mitochondria",
      "type": "medical_device",
      "properties": {}
    },
    {
      "name": "in vivo imaging",
      "type": "monitoring_indicator",
      "properties": {}
    },
    {
      "name": "flow cytometry",
      "type": "monitoring_indicator",
      "properties": {}
    }
  ],
  "relations": [
    {
      "head": "Mitochondrial transplantation",
      "relation": "alleviates",
      "tail": "ischemia-reperfusion injury",
      "properties": {}
    },
    {
      "head": "Mitochondrial transplantation",
      "relation": "improves",
      "tail": "neurological outcomes",
      "properties": {}
    },
    {
      "head": "Mitochondrial transplantation",
      "relation": "improves",
      "tail": "survival",
      "properties": {}
    },
    {
      "head": "intravenous",
      "relation": "part_of",
      "tail": "Mitochondrial transplantation",
      "properties": {}
    },
    {
      "head": "species-matched donor mitochondria",
      "relation": "part_of",
      "tail": "Mitochondrial transplantation",
      "properties": {}
    },
    {
      "head": "in vivo imaging",
      "relation": "monitors",
      "tail": "biodistribution",
      "properties": {}
    },
    {
      "head": "flow cytometry",
      "relation": "monitors",
      "tail": "cellular uptake",
      "properties": {}
    },
    {
      "head": "fluorescent dye-labeled mitochondria",
      "relation": "monitors",
      "tail": "biodistribution",
      "properties": {}
    },
    {
      "head": "fluorescent dye-labeled mitochondria",
      "relation": "monitors",
      "tail": "cellular uptake",
      "properties": {}
    }
  ]
}