{
  "entities": [
    {
      "name": "Nebulisation",
      "type": "treatment_regimen",
      "properties": {}
    },
    {
      "name": "Paclitaxel",
      "type": "medication",
      "properties": {}
    },
    {
      "name": "Sotatercept",
      "type": "medication",
      "properties": {}
    },
    {
      "name": "Iloprost",
      "type": "medication",
      "properties": {}
    },
    {
      "name": "pulmonary hypertension",
      "type": "risk_factor",
      "properties": {}
    },
    {
      "name": "lung cancer",
      "type": "risk_factor",
      "properties": {}
    }
  ],
  "relations": [
    {
      "head": "Nebulisation",
      "relation": "treats",
      "tail": "pulmonary hypertension",
      "properties": {}
    },
    {
      "head": "Nebulisation",
      "relation": "treats",
      "tail": "lung cancer",
      "properties": {}
    },
    {
      "head": "Paclitaxel",
      "relation": "part_of",
      "tail": "Nebulisation",
      "properties": {}
    },
    {
      "head": "Sotatercept",
      "relation": "part_of",
      "tail": "Nebulisation",
      "properties": {}
    },
    {
      "head": "Iloprost",
      "relation": "part_of",
      "tail": "Nebulisation",
      "properties": {}
    }
  ]
}