{
  "entities": [
    {
      "name": "extracorporeal membrane oxygenation",
      "type": "medical_device",
      "properties": {}
    },
    {
      "name": "hypothermic machine perfusion",
      "type": "medical_device",
      "properties": {}
    },
    {
      "name": "donors after cardiac death",
      "type": "donor_characteristic",
      "properties": {}
    },
    {
      "name": "liver transplantation",
      "type": "surgical_procedure",
      "properties": {}
    },
    {
      "name": "subnormothermic extracorporeal membrane oxygenation",
      "type": "medical_device",
      "properties": {}
    },
    {
      "name": "hypothermic machine perfusion",
      "type": "medical_device",
      "properties": {}
    },
    {
      "name": "porcine model of DCD liver",
      "type": "donor_characteristic",
      "properties": {}
    },
    {
      "name": "ECMO circuit",
      "type": "medical_device",
      "properties": {}
    },
    {
      "name": "in situ perfusion",
      "type": "surgical_procedure",
      "properties": {}
    },
    {
      "name": "cold storage",
      "type": "treatment_regimen",
      "properties": {}
    }
  ],
  "relations": [
    {
      "head": "donors after cardiac death",
      "relation": "part_of",
      "tail": "expanding the donor organ pool",
      "properties": {}
    },
    {
      "head": "subnormothermic extracorporeal membrane oxygenation",
      "relation": "combined_with",
      "tail": "hypothermic machine perfusion",
      "properties": {}
    },
    {
      "head": "ECMO circuit",
      "relation": "monitors",
      "tail": "in situ perfusion of the abdominal organs",
      "properties": {}
    },
    {
      "head": "abdominal aorta and inferior vena cava cannulation",
      "relation": "prerequisite_of",
      "tail": "ECMO circuit connection",
      "properties": {}
    }
  ]
}