{
  "entities": [
    {
      "name": "Primary graft dysfunction",
      "type": "complication",
      "properties": {}
    },
    {
      "name": "heart transplant recipients",
      "type": "recipient_characteristic",
      "properties": {}
    },
    {
      "name": "early mortality",
      "type": "complication",
      "properties": {}
    },
    {
      "name": "ischemia/reperfusion injury",
      "type": "risk_factor",
      "properties": {}
    },
    {
      "name": "necrosis",
      "type": "donor_characteristic",
      "properties": {}
    },
    {
      "name": "apoptosis",
      "type": "donor_characteristic",
      "properties": {}
    },
    {
      "name": "loss of cardiomyocytes",
      "type": "donor_characteristic",
      "properties": {}
    },
    {
      "name": "cell death",
      "type": "donor_characteristic",
      "properties": {}
    },
    {
      "name": "necrosis and apoptosis markers",
      "type": "monitoring_indicator",
      "properties": {}
    },
    {
      "name": "donor myocardium",
      "type": "donor_characteristic",
      "properties": {}
    },
    {
      "name": "orthotopic heart transplantation",
      "type": "surgical_procedure",
      "properties": {}
    },
    {
      "name": "High-sensitive cardiac troponin T (hs-cTnT)",
      "type": "monitoring_indicator",
      "properties": {}
    },
    {
      "name": "minor myocardial necrosis",
      "type": "donor_characteristic",
      "properties": {}
    },
    {
      "name": "arterial blood samples",
      "type": "monitoring_indicator",
      "properties": {}
    },
    {
      "name": "caspase-3, active + pro-caspase-3, bcl-2, TUNEL",
      "type": "monitoring_indicator",
      "properties": {}
    },
    {
      "name": "bioptic samples",
      "type": "monitoring_indicator",
      "properties": {}
    },
    {
      "name": "right ventricle",
      "type": "donor_characteristic",
      "properties": {}
    },
    {
      "name": "standardized definition proposed by the ISHLT Working Group",
      "type": "diagnostic_criteria",
      "properties": {}
    },
    {
      "name": "prospective study",
      "type": "evidence_strength",
      "properties": {
        "study_type": "prospective cohort study"
      }
    }
  ],
  "relations": [
    {
      "head": "Primary graft dysfunction",
      "relation": "causes",
      "tail": "early mortality",
      "properties": {}
    },
    {
      "head": "ischemia/reperfusion injury",
      "relation": "increases_risk",
      "tail": "Primary graft dysfunction",
      "properties": {}
    },
    {
      "head": "necrosis",
      "relation": "part_of",
      "tail": "ischemia/reperfusion injury",
      "properties": {}
    },
    {
      "head": "apoptosis",
      "relation": "part_of",
      "tail": "ischemia/reperfusion injury",
      "properties": {}
    },
    {
      "head": "necrosis",
      "relation": "causes",
      "tail": "loss of cardiomyocytes",
      "properties": {}
    },
    {
      "head": "apoptosis",
      "relation": "causes",
      "tail": "loss of cardiomyocytes",
      "properties": {}
    },
    {
      "head": "loss of cardiomyocytes",
      "relation": "causes",
      "tail": "Primary graft dysfunction",
      "properties": {}
    },
    {
      "head": "High-sensitive cardiac troponin T (hs-cTnT)",
      "relation": "monitors",
      "tail": "minor myocardial necrosis",
      "properties": {}
    },
    {
      "head": "caspase-3, active + pro-caspase-3, bcl-2, TUNEL",
      "relation": "monitors",
      "tail": "apoptosis",
      "properties": {}
    },
    {
      "head": "standardized definition proposed by the ISHLT Working Group",
      "relation": "diagnostic_basis_for",
      "tail": "Primary graft dysfunction",
      "properties": {}
    },
    {
      "head": "prospective study",
      "relation": "precedes",
      "tail": "orthotopic heart transplantation",
      "properties": {
        "statistical_data": "No differences in hs-cTnT serum levels between groups (PGD vs non-PGD)"
      }
    }
  ]
}