{
  "entities": [
    {
      "name": "heart transplantation",
      "type": "surgical_procedure",
      "properties": {}
    },
    {
      "name": "posterior reversible encephalopathy syndrome",
      "type": "complication",
      "properties": {}
    },
    {
      "name": "blood pressure fluctuations",
      "type": "risk_factor",
      "properties": {}
    },
    {
      "name": "ischemic st",
      "type": "risk_factor",
      "properties": {}
    },
    {
      "name": "neuro magnetic resonance imaging",
      "type": "diagnostic_criteria",
      "properties": {}
    }
  ],
  "relations": [
    {
      "head": "heart transplantation",
      "relation": "increases_risk",
      "tail": "posterior reversible encephalopathy syndrome",
      "properties": {}
    },
    {
      "head": "blood pressure fluctuations",
      "relation": "causes",
      "tail": "posterior reversible encephalopathy syndrome",
      "properties": {}
    },
    {
      "head": "ischemic st",
      "relation": "causes",
      "tail": "posterior reversible encephalopathy syndrome",
      "properties": {}
    },
    {
      "head": "neuro magnetic resonance imaging",
      "relation": "diagnostic_basis_for",
      "tail": "posterior reversible encephalopathy syndrome",
      "properties": {}
    }
  ]
}