{
  "entities": [
    {
      "name": "brain stem death donors",
      "type": "donor_characteristic",
      "properties": {}
    },
    {
      "name": "left ventricular stroke work",
      "type": "monitoring_indicator",
      "properties": {}
    },
    {
      "name": "Echocardiographic surrogate",
      "type": "monitoring_indicator",
      "properties": {}
    },
    {
      "name": "model",
      "type": "diagnostic_criteria",
      "properties": {}
    }
  ],
  "relations": [
    {
      "head": "Echocardiographic surrogate",
      "relation": "monitors",
      "tail": "left ventricular stroke work",
      "properties": {}
    },
    {
      "head": "model",
      "relation": "diagnostic_basis_for",
      "tail": "brain stem death donors",
      "properties": {}
    }
  ]
}