{
  "entities": [
    {
      "name": "renal transplantation",
      "type": "surgical_procedure",
      "properties": {}
    },
    {
      "name": "erectile dysfunction",
      "type": "complication",
      "properties": {}
    },
    {
      "name": "age",
      "type": "risk_factor",
      "properties": {}
    },
    {
      "name": "International Index of Erectile Function (IIEF) questionnaire",
      "type": "monitoring_indicator",
      "properties": {}
    }
  ],
  "relations": [
    {
      "head": "renal transplantation",
      "relation": "increases_risk",
      "tail": "erectile dysfunction",
      "properties": {
        "evidence_strength": "single-centre, observational, non-interventional study"
      }
    },
    {
      "head": "age",
      "relation": "increases_risk",
      "tail": "erectile dysfunction",
      "properties": {
        "statistical_data": "ED prevalence increased with age (42.6% of patients < 40, 47.4% of patients aged 40-60, 78.9% of patients > 60)"
      }
    },
    {
      "head": "International Index of Erectile Function (IIEF) questionnaire",
      "relation": "monitors",
      "tail": "erectile dysfunction",
      "properties": {}
    }
  ]
}