{
  "entities": [
    {
      "name": "DQB1 antigen matching",
      "type": "surgical_procedure",
      "properties": {}
    },
    {
      "name": "donor-specific antibodies (DSAs)",
      "type": "donor_characteristic",
      "properties": {
        "class": "II antigens"
      }
    },
    {
      "name": "human leukocyte antigen (HLA) matching",
      "type": "surgical_procedure",
      "properties": {}
    },
    {
      "name": "DQB1 locus",
      "type": "donor_characteristic",
      "properties": {}
    },
    {
      "name": "rejection-free survival",
      "type": "monitoring_indicator",
      "properties": {
        "time_frame": "5 years"
      }
    },
    {
      "name": "pediatric heart transplant recipients",
      "type": "recipient_characteristic",
      "properties": {}
    },
    {
      "name": "Scientific Registry of Transplant Recipients",
      "type": "diagnostic_criteria",
      "properties": {}
    }
  ],
  "relations": [
    {
      "head": "DQB1 antigen matching",
      "relation": "increases_risk",
      "tail": "rejection-free survival",
      "properties": {
        "statistical_data": "68% for 0 mismatches, 62% for 1 mismatch, 63% for 2 mismatches",
        "evidence_strength": "cohort study"
      }
    },
    {
      "head": "donor-specific antibodies (DSAs)",
      "relation": "increases_risk",
      "tail": "poor outcomes",
      "properties": {
        "evidence_strength": "cohort study"
      }
    },
    {
      "head": "human leukocyte antigen (HLA) matching",
      "relation": "alleviates",
      "tail": "poor outcomes associated with DSAs",
      "properties": {
        "evidence_strength": "cohort study"
      }
    },
    {
      "head": "DQB1 locus",
      "relation": "diagnostic_basis_for",
      "tail": "rejection-free survival",
      "properties": {
        "statistical_data": "68% for 0 mismatches, 62% for 1 mismatch, 63% for 2 mismatches",
        "evidence_strength": "cohort study"
      }
    }
  ]
}