{
  "entities": [
    {
      "name": "lung transplantation",
      "type": "surgical_procedure",
      "properties": {}
    },
    {
      "name": "idiopathic pulmonary arterial hypertension",
      "type": "recipient_characteristic",
      "properties": {}
    },
    {
      "name": "cardiac function",
      "type": "monitoring_indicator",
      "properties": {}
    },
    {
      "name": "left ventricle",
      "type": "monitoring_indicator",
      "properties": {}
    },
    {
      "name": "restrictive fluid management",
      "type": "treatment_regimen",
      "properties": {}
    },
    {
      "name": "continuous renal replacement therapy",
      "type": "treatment_regimen",
      "properties": {}
    },
    {
      "name": "long-term kidney function",
      "type": "monitoring_indicator",
      "properties": {}
    }
  ],
  "relations": [
    {
      "head": "idiopathic pulmonary arterial hypertension",
      "relation": "increases_risk",
      "tail": "cardiac function",
      "properties": {}
    },
    {
      "head": "lung transplantation",
      "relation": "precedes",
      "tail": "cardiac function",
      "properties": {}
    },
    {
      "head": "left ventricle",
      "relation": "part_of",
      "tail": "cardiac function",
      "properties": {}
    },
    {
      "head": "restrictive fluid management",
      "relation": "treats",
      "tail": "left ventricle",
      "properties": {}
    },
    {
      "head": "continuous renal replacement therapy",
      "relation": "monitors",
      "tail": "long-term kidney function",
      "properties": {}
    }
  ]
}