{
  "entities": [
    {
      "name": "Intramyocardial Transplantation",
      "type": "surgical_procedure",
      "properties": {}
    },
    {
      "name": "Human iPS Cell-Derived Cardiac Spheroids",
      "type": "medical_device",
      "properties": {}
    },
    {
      "name": "Heart Failure Animals",
      "type": "recipient_characteristic",
      "properties": {}
    }
  ],
  "relations": [
    {
      "head": "Intramyocardial Transplantation",
      "relation": "treats",
      "tail": "Heart Failure Animals",
      "properties": {}
    },
    {
      "head": "Human iPS Cell-Derived Cardiac Spheroids",
      "relation": "part_of",
      "tail": "Intramyocardial Transplantation",
      "properties": {}
    }
  ]
}