{
  "entities": [
    {
      "name": "mitochondrial transplantation",
      "type": "surgical_procedure",
      "properties": {}
    },
    {
      "name": "cold ischemia time",
      "type": "monitoring_indicator",
      "properties": {}
    },
    {
      "name": "murine heart transplantation",
      "type": "surgical_procedure",
      "properties": {}
    }
  ],
  "relations": [
    {
      "head": "mitochondrial transplantation",
      "relation": "prolongs",
      "tail": "cold ischemia time",
      "properties": {
        "context": "in murine heart transplantation"
      }
    }
  ]
}