{
  "entities": [
    {
      "name": "heart transplantation",
      "type": "surgical_procedure",
      "properties": {}
    },
    {
      "name": "mechanical circulatory support",
      "type": "medical_device",
      "properties": {}
    },
    {
      "name": "pretransplant MCS",
      "type": "medical_device",
      "properties": {}
    },
    {
      "name": "long-term MCS",
      "type": "medical_device",
      "properties": {}
    },
    {
      "name": "older patients",
      "type": "recipient_characteristic",
      "properties": {}
    },
    {
      "name": "heart failure",
      "type": "recipient_characteristic",
      "properties": {}
    },
    {
      "name": "caregivers",
      "type": "recipient_characteristic",
      "properties": {}
    },
    {
      "name": "health-related quality of life",
      "type": "monitoring_indicator",
      "properties": {}
    }
  ],
  "relations": [
    {
      "head": "heart transplantation",
      "relation": "part_of",
      "tail": "surgical therapies",
      "properties": {}
    },
    {
      "head": "mechanical circulatory support",
      "relation": "part_of",
      "tail": "surgical therapies",
      "properties": {}
    },
    {
      "head": "pretransplant MCS",
      "relation": "precedes",
      "tail": "heart transplantation",
      "properties": {}
    },
    {
      "head": "health-related quality of life",
      "relation": "monitors",
      "tail": "caregivers",
      "properties": {}
    },
    {
      "head": "older patients",
      "relation": "part_of",
      "tail": "recipient_characteristic",
      "properties": {}
    },
    {
      "head": "heart failure",
      "relation": "part_of",
      "tail": "recipient_characteristic",
      "properties": {}
    }
  ]
}