{
  "entities": [
    {
      "name": "heart transplantation",
      "type": "surgical_procedure",
      "properties": {}
    },
    {
      "name": "end-stage heart failure",
      "type": "recipient_characteristic",
      "properties": {}
    },
    {
      "name": "autopsy",
      "type": "diagnostic_criteria",
      "properties": {}
    },
    {
      "name": "demographic data",
      "type": "recipient_characteristic",
      "properties": {}
    },
    {
      "name": "cause of death",
      "type": "complication",
      "properties": {}
    },
    {
      "name": "autopsy findings",
      "type": "diagnostic_criteria",
      "properties": {}
    },
    {
      "name": "age",
      "type": "recipient_characteristic",
      "properties": {}
    },
    {
      "name": "gender",
      "type": "recipient_characteristic",
      "properties": {}
    },
    {
      "name": "pretransplant diagnosis",
      "type": "recipient_characteristic",
      "properties": {}
    },
    {
      "name": "clinical history of rejection",
      "type": "complication",
      "properties": {}
    },
    {
      "name": "complication",
      "type": "complication",
      "properties": {}
    },
    {
      "name": "time interval from transplant to death",
      "type": "monitoring_indicator",
      "properties": {}
    },
    {
      "name": "clinical cause of death",
      "type": "complication",
      "properties": {}
    },
    {
      "name": "allograft pathology",
      "type": "diagnostic_criteria",
      "properties": {}
    },
    {
      "name": "infectious etiology",
      "type": "complication",
      "properties": {}
    },
    {
      "name": "other findings related to cause of death",
      "type": "diagnostic_criteria",
      "properties": {}
    }
  ],
  "relations": [
    {
      "head": "heart transplantation",
      "relation": "treats",
      "tail": "end-stage heart failure",
      "properties": {}
    },
    {
      "head": "autopsy",
      "relation": "diagnostic_basis_for",
      "tail": "cause of death",
      "properties": {}
    },
    {
      "head": "autopsy",
      "relation": "diagnostic_basis_for",
      "tail": "complication",
      "properties": {}
    },
    {
      "head": "autopsy findings",
      "relation": "diagnostic_basis_for",
      "tail": "cause of death",
      "properties": {}
    },
    {
      "head": "clinical history of rejection",
      "relation": "increases_risk",
      "tail": "cause of death",
      "properties": {}
    },
    {
      "head": "complication",
      "relation": "causes",
      "tail": "cause of death",
      "properties": {}
    },
    {
      "head": "time interval from transplant to death",
      "relation": "monitors",
      "tail": "survival",
      "properties": {}
    },
    {
      "head": "allograft pathology",
      "relation": "diagnostic_basis_for",
      "tail": "cause of death",
      "properties": {}
    },
    {
      "head": "infectious etiology",
      "relation": "causes",
      "tail": "cause of death",
      "properties": {}
    }
  ]
}