{
  "entities": [
    {
      "name": "smoking",
      "type": "risk_factor",
      "properties": {
        "evidence_strength": "nationwide population-based study"
      }
    },
    {
      "name": "chronic kidney disease",
      "type": "recipient_characteristic",
      "properties": {}
    },
    {
      "name": "cardio-cerebrovascular diseases",
      "type": "complication",
      "properties": {}
    }
  ],
  "relations": [
    {
      "head": "smoking",
      "relation": "increases_risk",
      "tail": "cardio-cerebrovascular diseases",
      "properties": {
        "population": "patients with chronic kidney disease",
        "evidence_strength": "nationwide population-based study"
      }
    }
  ]
}