{
  "entities": [
    {
      "name": "Belatacept",
      "type": "medication",
      "properties": {
        "description": "a fusion protein, selectively inhibits T-cell co-stimulation by binding to the CD80 and CD86 receptors on antigen-presenting cells (APCs)",
        "use": "immunosuppression in adult renal transplant recipients"
      }
    },
    {
      "name": "heart transplant",
      "type": "surgical_procedure",
      "properties": {}
    },
    {
      "name": "T-cell co-stimulation blocker",
      "type": "medication",
      "properties": {
        "description": "inhibits T-cell co-stimulation"
      }
    },
    {
      "name": "immunosuppressive regimen",
      "type": "treatment_regimen",
      "properties": {}
    },
    {
      "name": "retrospective cohort study",
      "type": "diagnostic_criteria",
      "properties": {
        "evidence_strength": "cohort study"
      }
    }
  ],
  "relations": [
    {
      "head": "Belatacept",
      "relation": "treats",
      "tail": "heart transplant",
      "properties": {
        "evidence_strength": "cohort study"
      }
    },
    {
      "head": "Belatacept",
      "relation": "part_of",
      "tail": "immunosuppressive regimen",
      "properties": {}
    },
    {
      "head": "T-cell co-stimulation blocker",
      "relation": "part_of",
      "tail": "Belatacept",
      "properties": {}
    }
  ]
}