{
  "entities": [
    {
      "name": "fetal tissue transplantation",
      "type": "surgical_procedure",
      "properties": {}
    },
    {
      "name": "fetal tissue",
      "type": "donor_characteristic",
      "properties": {}
    },
    {
      "name": "Parkinson's disease",
      "type": "recipient_characteristic",
      "properties": {}
    },
    {
      "name": "diabetes",
      "type": "recipient_characteristic",
      "properties": {}
    }
  ],
  "relations": [
    {
      "head": "fetal tissue transplantation",
      "relation": "treats",
      "tail": "Parkinson's disease",
      "properties": {}
    },
    {
      "head": "fetal tissue transplantation",
      "relation": "treats",
      "tail": "diabetes",
      "properties": {}
    }
  ]
}