{
  "entities": [
    {
      "name": "Donation after Cardiac Death",
      "type": "donor_characteristic",
      "properties": {}
    },
    {
      "name": "hypothermic machine perfusion",
      "type": "medical_device",
      "properties": {}
    },
    {
      "name": "Mitoquinone",
      "type": "medication",
      "properties": {}
    },
    {
      "name": "kidney injury",
      "type": "complication",
      "properties": {}
    },
    {
      "name": "ischemia-reperfusion injury",
      "type": "complication",
      "properties": {}
    },
    {
      "name": "reactive oxygen species",
      "type": "risk_factor",
      "properties": {}
    },
    {
      "name": "KIM-1",
      "type": "monitoring_indicator",
      "properties": {}
    },
    {
      "name": "ROS/RNS",
      "type": "monitoring_indicator",
      "properties": {}
    },
    {
      "name": "cytochrome C oxidase",
      "type": "monitoring_indicator",
      "properties": {}
    },
    {
      "name": "mitochondrial integrity",
      "type": "monitoring_indicator",
      "properties": {}
    },
    {
      "name": "antioxidant",
      "type": "medication",
      "properties": {}
    },
    {
      "name": "transplantation",
      "type": "surgical_procedure",
      "properties": {}
    },
    {
      "name": "hypothermic storage",
      "type": "treatment_regimen",
      "properties": {}
    },
    {
      "name": "reperfusion",
      "type": "surgical_procedure",
      "properties": {}
    }
  ],
  "relations": [
    {
      "head": "Donation after Cardiac Death",
      "relation": "increases_risk",
      "tail": "ischemia-reperfusion injury",
      "properties": {}
    },
    {
      "head": "hypothermic machine perfusion",
      "relation": "treats",
      "tail": "kidney injury",
      "properties": {}
    },
    {
      "head": "Mitoquinone",
      "relation": "alleviates",
      "tail": "Donation after Cardiac Death kidney injury",
      "properties": {}
    },
    {
      "head": "reactive oxygen species",
      "relation": "causes",
      "tail": "ischemia-reperfusion injury",
      "properties": {}
    },
    {
      "head": "antioxidant",
      "relation": "treats",
      "tail": "ischemia-reperfusion injury",
      "properties": {}
    },
    {
      "head": "KIM-1",
      "relation": "monitors",
      "tail": "kidney injury",
      "properties": {}
    },
    {
      "head": "ROS/RNS",
      "relation": "monitors",
      "tail": "oxidative stress",
      "properties": {}
    },
    {
      "head": "cytochrome C oxidase",
      "relation": "monitors",
      "tail": "oxidative stress",
      "properties": {}
    },
    {
      "head": "mitochondrial integrity",
      "relation": "monitors",
      "tail": "oxidative stress",
      "properties": {}
    },
    {
      "head": "hypothermic storage",
      "relation": "precedes",
      "tail": "transplantation",
      "properties": {}
    },
    {
      "head": "reperfusion",
      "relation": "precedes",
      "tail": "transplantation",
      "properties": {}
    }
  ]
}