{
  "entities": [
    {
      "name": "obliterative bronchiolitis (OB)",
      "type": "complication",
      "properties": {}
    },
    {
      "name": "prolyl-hydroxylase-inhibitors",
      "type": "medication",
      "properties": {}
    },
    {
      "name": "hypoxia-inducible transcription factors (HIFs)",
      "type": "monitoring_indicator",
      "properties": {}
    },
    {
      "name": "lung transplantation",
      "type": "surgical_procedure",
      "properties": {}
    },
    {
      "name": "donor treatment with a PHD-inhibitor",
      "type": "treatment_regimen",
      "properties": {}
    },
    {
      "name": "allogenic kidney transplant model",
      "type": "surgical_procedure",
      "properties": {}
    },
    {
      "name": "aortic allograft transplant model",
      "type": "surgical_procedure",
      "properties": {}
    },
    {
      "name": "fully MHC-mismatched C57BL/6 (H-2b) donor tracheas",
      "type": "donor_characteristic",
      "properties": {}
    },
    {
      "name": "orthotopically transplanted",
      "type": "surgical_procedure",
      "properties": {}
    },
    {
      "name": "CBA/J (H-2k) recipients",
      "type": "recipient_characteristic",
      "properties": {}
    }
  ],
  "relations": [
    {
      "head": "obliterative bronchiolitis (OB)",
      "relation": "increases_risk",
      "tail": "lung transplantation",
      "properties": {}
    },
    {
      "head": "prolyl-hydroxylase-inhibitors",
      "relation": "alleviates",
      "tail": "obliterative bronchiolitis (OB)",
      "properties": {}
    },
    {
      "head": "prolyl-hydroxylase-inhibitors",
      "relation": "activates",
      "tail": "hypoxia-inducible transcription factors (HIFs)",
      "properties": {}
    },
    {
      "head": "donor treatment with a PHD-inhibitor",
      "relation": "treats",
      "tail": "graft injury",
      "properties": {}
    },
    {
      "head": "donor treatment with a PHD-inhibitor",
      "relation": "precedes",
      "tail": "allogenic kidney transplant model",
      "properties": {}
    },
    {
      "head": "donor treatment with a PHD-inhibitor",
      "relation": "precedes",
      "tail": "aortic allograft transplant model",
      "properties": {}
    },
    {
      "head": "fully MHC-mismatched C57BL/6 (H-2b) donor tracheas",
      "relation": "part_of",
      "tail": "orthotopically transplanted",
      "properties": {}
    },
    {
      "head": "orthotopically transplanted",
      "relation": "part_of",
      "tail": "CBA/J (H-2k) recipients",
      "properties": {}
    }
  ]
}