{
  "entities": [
    {
      "name": "preoperative dialysis",
      "type": "risk_factor",
      "properties": {}
    },
    {
      "name": "continuous-flow left ventricular assist device implantation",
      "type": "surgical_procedure",
      "properties": {}
    },
    {
      "name": "dialysis",
      "type": "contraindication",
      "properties": {}
    },
    {
      "name": "renal failure",
      "type": "recipient_characteristic",
      "properties": {}
    },
    {
      "name": "long-term (>14 days) dialysis",
      "type": "recipient_characteristic",
      "properties": {}
    },
    {
      "name": "short-term (≤14 days) dialysis",
      "type": "recipient_characteristic",
      "properties": {}
    },
    {
      "name": "haemodialysis",
      "type": "treatment_regimen",
      "properties": {}
    },
    {
      "name": "peritoneal dialysis",
      "type": "treatment_regimen",
      "properties": {}
    },
    {
      "name": "CF-LVAD placement",
      "type": "surgical_procedure",
      "properties": {}
    },
    {
      "name": "CF-LVAD implantation",
      "type": "surgical_procedure",
      "properties": {}
    }
  ],
  "relations": [
    {
      "head": "dialysis",
      "relation": "contraindicated_in",
      "tail": "continuous-flow left ventricular assist device implantation",
      "properties": {}
    },
    {
      "head": "preoperative dialysis",
      "relation": "precedes",
      "tail": "continuous-flow left ventricular assist device implantation",
      "properties": {}
    },
    {
      "head": "renal failure",
      "relation": "prerequisite_of",
      "tail": "dialysis",
      "properties": {}
    },
    {
      "head": "long-term (>14 days) dialysis",
      "relation": "part_of",
      "tail": "preoperative dialysis",
      "properties": {}
    },
    {
      "head": "short-term (≤14 days) dialysis",
      "relation": "part_of",
      "tail": "preoperative dialysis",
      "properties": {}
    },
    {
      "head": "haemodialysis",
      "relation": "part_of",
      "tail": "long-term (>14 days) dialysis",
      "properties": {}
    },
    {
      "head": "peritoneal dialysis",
      "relation": "part_of",
      "tail": "long-term (>14 days) dialysis",
      "properties": {}
    },
    {
      "head": "CF-LVAD placement",
      "relation": "part_of",
      "tail": "CF-LVAD implantation",
      "properties": {}
    }
  ]
}