{
  "entities": [
    {
      "name": "Intraoperative gross liver inspection",
      "type": "diagnostic_criteria",
      "properties": {}
    },
    {
      "name": "heart-only transplantation",
      "type": "surgical_procedure",
      "properties": {}
    },
    {
      "name": "combined heart-liver transplantation",
      "type": "surgical_procedure",
      "properties": {}
    },
    {
      "name": "Fontan patients",
      "type": "recipient_characteristic",
      "properties": {}
    },
    {
      "name": "gross pathology of the liver",
      "type": "diagnostic_criteria",
      "properties": {}
    }
  ],
  "relations": [
    {
      "head": "Intraoperative gross liver inspection",
      "relation": "diagnostic_basis_for",
      "tail": "heart-only transplantation",
      "properties": {}
    },
    {
      "head": "Intraoperative gross liver inspection",
      "relation": "diagnostic_basis_for",
      "tail": "combined heart-liver transplantation",
      "properties": {}
    },
    {
      "head": "gross pathology of the liver",
      "relation": "diagnostic_basis_for",
      "tail": "heart-only transplantation",
      "properties": {}
    },
    {
      "head": "Fontan patients",
      "relation": "part_of",
      "tail": "recipient_characteristic",
      "properties": {}
    }
  ]
}