{
  "entities": [
    {
      "name": "aortic insufficiency",
      "type": "complication",
      "properties": {}
    },
    {
      "name": "continuously closed aortic valve",
      "type": "risk_factor",
      "properties": {}
    },
    {
      "name": "continuous-flow ventricular assist device support",
      "type": "medical_device",
      "properties": {}
    },
    {
      "name": "intermittent low-speed function",
      "type": "medical_device",
      "properties": {}
    },
    {
      "name": "Jarvik 2000",
      "type": "medical_device",
      "properties": {}
    },
    {
      "name": "heart transplant",
      "type": "surgical_procedure",
      "properties": {}
    },
    {
      "name": "Jarvik 2000 recipients",
      "type": "recipient_characteristic",
      "properties": {}
    },
    {
      "name": "no pre-existing AI",
      "type": "recipient_characteristic",
      "properties": {}
    },
    {
      "name": "aortic valve surgery",
      "type": "surgical_procedure",
      "properties": {}
    }
  ],
  "relations": [
    {
      "head": "continuously closed aortic valve",
      "relation": "increases_risk",
      "tail": "aortic insufficiency",
      "properties": {}
    },
    {
      "head": "continuous-flow ventricular assist device support",
      "relation": "causes",
      "tail": "continuously closed aortic valve",
      "properties": {}
    },
    {
      "head": "intermittent low-speed function",
      "relation": "alleviates",
      "tail": "continuously closed aortic valve",
      "properties": {}
    },
    {
      "head": "Jarvik 2000",
      "relation": "part_of",
      "tail": "intermittent low-speed function",
      "properties": {}
    },
    {
      "head": "no pre-existing AI",
      "relation": "prerequisite_of",
      "tail": "heart transplant",
      "properties": {}
    },
    {
      "head": "aortic valve surgery",
      "relation": "contraindicated_in",
      "tail": "Jarvik 2000 recipients",
      "properties": {}
    }
  ]
}