{
  "entities": [
    {
      "name": "machine perfusion",
      "type": "medical_device",
      "properties": {}
    },
    {
      "name": "kidneys",
      "type": "medical_device",
      "properties": {}
    },
    {
      "name": "uncontrolled donors after cardiac death",
      "type": "donor_characteristic",
      "properties": {}
    },
    {
      "name": "warm ischemia time",
      "type": "risk_factor",
      "properties": {}
    },
    {
      "name": "ischemia-reperfusion injuries",
      "type": "complication",
      "properties": {}
    },
    {
      "name": "pulsatile perfusion",
      "type": "medical_device",
      "properties": {}
    },
    {
      "name": "marginal uDCDs",
      "type": "donor_characteristic",
      "properties": {}
    },
    {
      "name": "extreme WIT",
      "type": "risk_factor",
      "properties": {
        "duration": "59 to 65 minutes"
      }
    },
    {
      "name": "cold-stored kidneys",
      "type": "medical_device",
      "properties": {}
    },
    {
      "name": "immediate function",
      "type": "monitoring_indicator",
      "properties": {}
    },
    {
      "name": "creatinine level",
      "type": "monitoring_indicator",
      "properties": {}
    },
    {
      "name": "complications",
      "type": "complication",
      "properties": {}
    },
    {
      "name": "negative effects",
      "type": "complication",
      "properties": {}
    },
    {
      "name": "postoperative function",
      "type": "monitoring_indicator",
      "properties": {}
    }
  ],
  "relations": [
    {
      "head": "warm ischemia time",
      "relation": "causes",
      "tail": "ischemia-reperfusion injuries",
      "properties": {}
    },
    {
      "head": "machine perfusion",
      "relation": "precedes",
      "tail": "kidney transplantation",
      "properties": {}
    },
    {
      "head": "pulsatile perfusion",
      "relation": "monitors",
      "tail": "kidneys",
      "properties": {}
    },
    {
      "head": "extreme WIT",
      "relation": "increases_risk",
      "tail": "complications",
      "properties": {}
    },
    {
      "head": "cold-stored kidneys",
      "relation": "increases_risk",
      "tail": "complications",
      "properties": {}
    },
    {
      "head": "cold-stored kidneys",
      "relation": "increases_risk",
      "tail": "negative effects",
      "properties": {}
    },
    {
      "head": "machine perfusion",
      "relation": "alleviates",
      "tail": "postoperative function",
      "properties": {
        "evidence_strength": "cohort study",
        "statistical_data": "immediate function rate 30% greater in study group, creatinine level twice as high in control group on day 21 and at 3 months"
      }
    }
  ]
}