{
  "entities": [
    {
      "name": "decellularised human saphenous vein",
      "type": "medical_device",
      "properties": {}
    },
    {
      "name": "porcine endothelial-like cells",
      "type": "donor_characteristic",
      "properties": {}
    },
    {
      "name": "porcine carotid artery",
      "type": "surgical_procedure",
      "properties": {}
    },
    {
      "name": "intimal thickening",
      "type": "complication",
      "properties": {
        "percentage_increase": "17.1 ± 4.7% at baseline to 54.1 ± 12.2% at 4 weeks"
      }
    },
    {
      "name": "graft dilatation",
      "type": "complication",
      "properties": {
        "time_frame": "4 weeks vs. baseline"
      }
    },
    {
      "name": "vascular regeneration",
      "type": "treatment_regimen",
      "properties": {}
    },
    {
      "name": "endothelial cell coverage",
      "type": "monitoring_indicator",
      "properties": {}
    },
    {
      "name": "neo-angiogenesis",
      "type": "monitoring_indicator",
      "properties": {}
    },
    {
      "name": "mesenchymal-EC transition",
      "type": "monitoring_indicator",
      "properties": {}
    },
    {
      "name": "contractile cells",
      "type": "monitoring_indicator",
      "properties": {}
    },
    {
      "name": "ultrasound vascular Doppler",
      "type": "monitoring_indicator",
      "properties": {}
    }
  ],
  "relations": [
    {
      "head": "decellularised human saphenous vein",
      "relation": "part_of",
      "tail": "porcine carotid artery",
      "properties": {}
    },
    {
      "head": "porcine endothelial-like cells",
      "relation": "part_of",
      "tail": "decellularised human saphenous vein",
      "properties": {}
    },
    {
      "head": "intimal thickening",
      "relation": "increases_risk",
      "tail": "graft dilatation",
      "properties": {}
    },
    {
      "head": "vascular regeneration",
      "relation": "alleviates",
      "tail": "intimal thickening",
      "properties": {}
    },
    {
      "head": "ultrasound vascular Doppler",
      "relation": "monitors",
      "tail": "endothelial cell coverage",
      "properties": {}
    },
    {
      "head": "ultrasound vascular Doppler",
      "relation": "monitors",
      "tail": "neo-angiogenesis",
      "properties": {}
    },
    {
      "head": "ultrasound vascular Doppler",
      "relation": "monitors",
      "tail": "mesenchymal-EC transition",
      "properties": {}
    },
    {
      "head": "ultrasound vascular Doppler",
      "relation": "monitors",
      "tail": "contractile cells",
      "properties": {}
    }
  ]
}