{
  "entities": [
    {
      "name": "primary graft dysfunction",
      "type": "complication",
      "properties": {
        "description": "A frequent early complication of lung transplantation"
      }
    },
    {
      "name": "International Society for Heart and Lung Transplantation grading system",
      "type": "diagnostic_criteria",
      "properties": {
        "description": "Proposed grading system for primary graft dysfunction"
      }
    },
    {
      "name": "arterial oxygenation to fraction of inspired oxygen (P/F) ratio",
      "type": "monitoring_indicator",
      "properties": {
        "description": "Used in grading system for primary graft dysfunction"
      }
    },
    {
      "name": "oxygenation index (OI)",
      "type": "monitoring_indicator",
      "properties": {
        "description": "Alternative grading system for primary graft dysfunction"
      }
    },
    {
      "name": "Grade 1 PGD",
      "type": "diagnostic_criteria",
      "properties": {
        "criteria": "P/F > 300"
      }
    },
    {
      "name": "Grade 2 PGD",
      "type": "diagnostic_criteria",
      "properties": {
        "criteria": "P/F 200 to 300"
      }
    },
    {
      "name": "Grade 3 PGD",
      "type": "diagnostic_criteria",
      "properties": {
        "criteria": "P/F < 200"
      }
    },
    {
      "name": "90-day death rates",
      "type": "risk_factor",
      "properties": {
        "Grade 1": "7%",
        "Grade 2": "12%",
        "Grade 3": "33%",
        "p_value": "0.0001"
      }
    }
  ],
  "relations": [
    {
      "head": "primary graft dysfunction",
      "relation": "diagnostic_basis_for",
      "tail": "International Society for Heart and Lung Transplantation grading system",
      "properties": {
        "evidence_strength": "retrospective study"
      }
    },
    {
      "head": "arterial oxygenation to fraction of inspired oxygen (P/F) ratio",
      "relation": "part_of",
      "tail": "International Society for Heart and Lung Transplantation grading system",
      "properties": {}
    },
    {
      "head": "oxygenation index (OI)",
      "relation": "part_of",
      "tail": "alternative grading system",
      "properties": {}
    },
    {
      "head": "Grade 3 PGD",
      "relation": "increases_risk",
      "tail": "90-day death rates",
      "properties": {
        "risk_increase": "33%",
        "p_value": "0.0001"
      }
    },
    {
      "head": "Grade 2 PGD",
      "relation": "increases_risk",
      "tail": "90-day death rates",
      "properties": {
        "risk_increase": "12%",
        "p_value": "0.0001"
      }
    },
    {
      "head": "Grade 1 PGD",
      "relation": "increases_risk",
      "tail": "90-day death rates",
      "properties": {
        "risk_increase": "7%",
        "p_value": "0.0001"
      }
    }
  ]
}