{
  "entities": [
    {
      "name": "anti-inducible costimulator monoclonal antibody",
      "type": "medication",
      "properties": {}
    },
    {
      "name": "cyclosporine",
      "type": "medication",
      "properties": {}
    },
    {
      "name": "low-dose cyclosporine",
      "type": "medication",
      "properties": {}
    },
    {
      "name": "normal-dose cyclosporine",
      "type": "medication",
      "properties": {}
    },
    {
      "name": "heart allografts",
      "type": "surgical_procedure",
      "properties": {}
    },
    {
      "name": "heterotopic cardiac transplantation",
      "type": "surgical_procedure",
      "properties": {}
    },
    {
      "name": "chronic rejection",
      "type": "complication",
      "properties": {}
    },
    {
      "name": "CD25+CD4+",
      "type": "monitoring_indicator",
      "properties": {}
    },
    {
      "name": "peripheral lymphocytes",
      "type": "monitoring_indicator",
      "properties": {}
    },
    {
      "name": "survival time of grafts",
      "type": "monitoring_indicator",
      "properties": {}
    }
  ],
  "relations": [
    {
      "head": "anti-inducible costimulator monoclonal antibody",
      "relation": "treats",
      "tail": "chronic rejection",
      "properties": {
        "evidence": "experimental study"
      }
    },
    {
      "head": "cyclosporine",
      "relation": "treats",
      "tail": "chronic rejection",
      "properties": {
        "evidence": "experimental study"
      }
    },
    {
      "head": "low-dose cyclosporine",
      "relation": "treats",
      "tail": "chronic rejection",
      "properties": {
        "evidence": "experimental study"
      }
    },
    {
      "head": "normal-dose cyclosporine",
      "relation": "treats",
      "tail": "chronic rejection",
      "properties": {
        "evidence": "experimental study"
      }
    },
    {
      "head": "anti-inducible costimulator monoclonal antibody combined with low-dose cyclosporine",
      "relation": "treats",
      "tail": "chronic rejection",
      "properties": {
        "evidence": "experimental study",
        "p-value": "<0.05"
      }
    },
    {
      "head": "CD25+CD4+",
      "relation": "monitors",
      "tail": "chronic rejection",
      "properties": {
        "evidence": "experimental study"
      }
    },
    {
      "head": "peripheral lymphocytes",
      "relation": "monitors",
      "tail": "chronic rejection",
      "properties": {
        "evidence": "experimental study"
      }
    },
    {
      "head": "survival time of grafts",
      "relation": "monitors",
      "tail": "chronic rejection",
      "properties": {
        "evidence": "experimental study"
      }
    },
    {
      "head": "heterotopic cardiac transplantation",
      "relation": "precedes",
      "tail": "chronic rejection",
      "properties": {
        "evidence": "experimental study"
      }
    }
  ]
}