{
  "entities": [
    {
      "name": "linagliptin",
      "type": "medication",
      "properties": {
        "description": "Dipeptidyl Peptidase-4 Inhibitor"
      }
    },
    {
      "name": "sitagliptin",
      "type": "medication",
      "properties": {
        "description": "DPP-4 inhibitor"
      }
    },
    {
      "name": "alogliptin",
      "type": "medication",
      "properties": {
        "description": "DPP-4 inhibitor"
      }
    },
    {
      "name": "saxagliptin",
      "type": "medication",
      "properties": {
        "description": "DPP-4 inhibitor"
      }
    },
    {
      "name": "ischemia-reperfusion",
      "type": "complication",
      "properties": {}
    },
    {
      "name": "contractile recovery",
      "type": "monitoring_indicator",
      "properties": {}
    },
    {
      "name": "type 2 diabetes",
      "type": "risk_factor",
      "properties": {}
    },
    {
      "name": "high fat diet",
      "type": "risk_factor",
      "properties": {}
    },
    {
      "name": "aged diabetic mice",
      "type": "recipient_characteristic",
      "properties": {}
    },
    {
      "name": "young non-diabetic mice",
      "type": "recipient_characteristic",
      "properties": {}
    },
    {
      "name": "male and female mice",
      "type": "recipient_characteristic",
      "properties": {}
    },
    {
      "name": "mouse hearts",
      "type": "recipient_characteristic",
      "properties": {}
    },
    {
      "name": "Akt phosphorylation",
      "type": "monitoring_indicator",
      "properties": {}
    },
    {
      "name": "endothelial nitric oxide synthase phosphorylation",
      "type": "monitoring_indicator",
      "properties": {}
    },
    {
      "name": "C166 endothelial cells",
      "type": "monitoring_indicator",
      "properties": {}
    },
    {
      "name": "adult mouse cardiomyocytes",
      "type": "recipient_characteristic",
      "properties": {}
    }
  ],
  "relations": [
    {
      "head": "linagliptin",
      "relation": "enhances",
      "tail": "contractile recovery",
      "properties": {
        "study_type": "experimental study",
        "species": "mouse"
      }
    },
    {
      "head": "linagliptin",
      "relation": "enhances",
      "tail": "recovery after ischemia-reperfusion",
      "properties": {
        "study_type": "experimental study",
        "species": "mouse"
      }
    },
    {
      "head": "linagliptin",
      "relation": "induces",
      "tail": "Akt phosphorylation",
      "properties": {
        "study_type": "experimental study",
        "cell_type": "C166 endothelial cells"
      }
    },
    {
      "head": "linagliptin",
      "relation": "induces",
      "tail": "endothelial nitric oxide synthase phosphorylation",
      "properties": {
        "study_type": "experimental study",
        "cell_type": "C166 endothelial cells"
      }
    },
    {
      "head": "type 2 diabetes",
      "relation": "increases_risk",
      "tail": "cardiac complications",
      "properties": {
        "context": "study background"
      }
    },
    {
      "head": "high fat diet",
      "relation": "part_of",
      "tail": "aged diabetic mice model",
      "properties": {
        "study_type": "experimental study"
      }
    }
  ]
}