{
  "entities": [
    {
      "name": "mature dendritic cells",
      "type": "recipient_characteristic",
      "properties": {}
    },
    {
      "name": "effector immune responses",
      "type": "complication",
      "properties": {}
    },
    {
      "name": "steady state immature dendritic cells",
      "type": "recipient_characteristic",
      "properties": {}
    },
    {
      "name": "tolerance",
      "type": "treatment_regimen",
      "properties": {}
    },
    {
      "name": "immature murine quiescent dendritic cells",
      "type": "recipient_characteristic",
      "properties": {}
    },
    {
      "name": "donor alloantigens",
      "type": "donor_characteristic",
      "properties": {}
    },
    {
      "name": "DCIR2+ dendritic cell subset",
      "type": "recipient_characteristic",
      "properties": {}
    },
    {
      "name": "donor alloantigen",
      "type": "donor_characteristic",
      "properties": {}
    },
    {
      "name": "skin transplant",
      "type": "surgical_procedure",
      "properties": {}
    },
    {
      "name": "sialic acid-modified donor alloantigen",
      "type": "treatment_regimen",
      "properties": {}
    },
    {
      "name": "recipient dendritic cells",
      "type": "recipient_characteristic",
      "properties": {}
    }
  ],
  "relations": [
    {
      "head": "mature dendritic cells",
      "relation": "causes",
      "tail": "effector immune responses",
      "properties": {}
    },
    {
      "head": "steady state immature dendritic cells",
      "relation": "alleviates",
      "tail": "effector immune responses",
      "properties": {}
    },
    {
      "head": "steady state immature dendritic cells",
      "relation": "induces",
      "tail": "tolerance",
      "properties": {}
    },
    {
      "head": "targeting immature murine quiescent dendritic cells",
      "relation": "treats",
      "tail": "skin transplant",
      "properties": {}
    },
    {
      "head": "donor alloantigens",
      "relation": "part_of",
      "tail": "targeting immature murine quiescent dendritic cells",
      "properties": {}
    },
    {
      "head": "targeting DCIR2+ dendritic cell subset",
      "relation": "induces",
      "tail": "tolerance",
      "properties": {}
    },
    {
      "head": "donor alloantigen",
      "relation": "part_of",
      "tail": "targeting DCIR2+ dendritic cell subset",
      "properties": {}
    },
    {
      "head": "sialic acid-modified donor alloantigen",
      "relation": "prolongs",
      "tail": "skin transplant survival",
      "properties": {}
    },
    {
      "head": "targeting recipient dendritic cells",
      "relation": "precedes",
      "tail": "skin transplant survival",
      "properties": {}
    },
    {
      "head": "sialic acid-modified donor alloantigen",
      "relation": "part_of",
      "tail": "targeting recipient dendritic cells",
      "properties": {}
    }
  ]
}