{
  "entities": [
    {
      "name": "FTY720",
      "type": "medication",
      "properties": {
        "dose": "0.3 mg/kg",
        "administration_period": "long-term"
      }
    },
    {
      "name": "murine cardiac allograft",
      "type": "surgical_procedure",
      "properties": {}
    },
    {
      "name": "abdominal heterotopic heart transplantation",
      "type": "surgical_procedure",
      "properties": {}
    },
    {
      "name": "mean survival time (MST)",
      "type": "monitoring_indicator",
      "properties": {}
    },
    {
      "name": "T lymphocyte subsets",
      "type": "monitoring_indicator",
      "properties": {}
    },
    {
      "name": "rejection",
      "type": "complication",
      "properties": {}
    },
    {
      "name": "histopathological examination",
      "type": "diagnostic_criteria",
      "properties": {}
    },
    {
      "name": "flow cytometry",
      "type": "diagnostic_criteria",
      "properties": {}
    }
  ],
  "relations": [
    {
      "head": "FTY720",
      "relation": "treats",
      "tail": "murine cardiac allograft",
      "properties": {
        "evidence_strength": "experimental study",
        "dose": "0.3 mg/kg",
        "administration_period": "long-term"
      }
    },
    {
      "head": "FTY720",
      "relation": "precedes",
      "tail": "murine cardiac allograft",
      "properties": {
        "time": "4 days before transplantation"
      }
    },
    {
      "head": "rejection",
      "relation": "complication",
      "tail": "murine cardiac allograft",
      "properties": {}
    },
    {
      "head": "histopathological examination",
      "relation": "diagnostic_basis_for",
      "tail": "rejection",
      "properties": {}
    },
    {
      "head": "flow cytometry",
      "relation": "diagnostic_basis_for",
      "tail": "T lymphocyte subsets",
      "properties": {}
    },
    {
      "head": "mean survival time (MST)",
      "relation": "monitors",
      "tail": "murine cardiac allograft",
      "properties": {}
    }
  ]
}