{
  "entities": [
    {
      "name": "left ventricular assist device",
      "type": "medical_device",
      "properties": {}
    },
    {
      "name": "destination therapy",
      "type": "treatment_regimen",
      "properties": {}
    },
    {
      "name": "DT-LVAD",
      "type": "treatment_regimen",
      "properties": {}
    },
    {
      "name": "advance directives",
      "type": "monitoring_indicator",
      "properties": {}
    },
    {
      "name": "end-of-life decision-making",
      "type": "monitoring_indicator",
      "properties": {}
    },
    {
      "name": "patient preferences",
      "type": "recipient_characteristic",
      "properties": {}
    },
    {
      "name": "LVAD implantation",
      "type": "surgical_procedure",
      "properties": {}
    },
    {
      "name": "1-year follow-up",
      "type": "monitoring_indicator",
      "properties": {}
    }
  ],
  "relations": [
    {
      "head": "left ventricular assist device",
      "relation": "part_of",
      "tail": "DT-LVAD",
      "properties": {}
    },
    {
      "head": "destination therapy",
      "relation": "part_of",
      "tail": "DT-LVAD",
      "properties": {}
    },
    {
      "head": "advance directives",
      "relation": "monitors",
      "tail": "end-of-life decision-making",
      "properties": {}
    },
    {
      "head": "advance directives",
      "relation": "monitors",
      "tail": "patient preferences",
      "properties": {}
    },
    {
      "head": "LVAD implantation",
      "relation": "precedes",
      "tail": "1-year follow-up",
      "properties": {}
    }
  ]
}