{
  "entities": [
    {
      "name": "pediatric solid organ transplantation",
      "type": "surgical_procedure",
      "properties": {}
    },
    {
      "name": "kidney transplantation",
      "type": "surgical_procedure",
      "properties": {}
    },
    {
      "name": "liver transplantation",
      "type": "surgical_procedure",
      "properties": {}
    },
    {
      "name": "heart transplantation",
      "type": "surgical_procedure",
      "properties": {}
    },
    {
      "name": "solid organ transplant recipients",
      "type": "recipient_characteristic",
      "properties": {}
    },
    {
      "name": "young adults following pediatric SOT",
      "type": "recipient_characteristic",
      "properties": {}
    },
    {
      "name": "long-term comorbidities",
      "type": "complication",
      "properties": {}
    },
    {
      "name": "polypharmacy",
      "type": "complication",
      "properties": {}
    },
    {
      "name": "chronic medication use",
      "type": "medication",
      "properties": {}
    },
    {
      "name": "immunosuppression",
      "type": "medication",
      "properties": {}
    },
    {
      "name": "prescription drug purchases",
      "type": "monitoring_indicator",
      "properties": {}
    },
    {
      "name": "reimbursements for chronic conditions",
      "type": "monitoring_indicator",
      "properties": {}
    },
    {
      "name": "Finnish Population Information System",
      "type": "medical_device",
      "properties": {}
    },
    {
      "name": "registry of Social Insurance Institution",
      "type": "medical_device",
      "properties": {}
    }
  ],
  "relations": [
    {
      "head": "solid organ transplant recipients",
      "relation": "increases_risk",
      "tail": "long-term comorbidities",
      "properties": {
        "evidence_strength": "cohort study"
      }
    },
    {
      "head": "solid organ transplant recipients",
      "relation": "increases_risk",
      "tail": "polypharmacy",
      "properties": {
        "evidence_strength": "cohort study"
      }
    },
    {
      "head": "pediatric solid organ transplantation",
      "relation": "precedes",
      "tail": "chronic medication use",
      "properties": {
        "evidence_strength": "national register study",
        "sample_size": 215,
        "follow_up_time": "median 18.0 years"
      }
    },
    {
      "head": "prescription drug purchases",
      "relation": "monitors",
      "tail": "chronic medication use",
      "properties": {}
    },
    {
      "head": "reimbursements for chronic conditions",
      "relation": "monitors",
      "tail": "chronic conditions",
      "properties": {}
    }
  ]
}