{
  "entities": [
    {
      "name": "PORTO-DETECT cohort",
      "type": "monitoring_indicator",
      "properties": {
        "study_type": "cohort study"
      }
    },
    {
      "name": "portopulmonary hypertension",
      "type": "risk_factor",
      "properties": {}
    },
    {
      "name": "cirrhosis",
      "type": "recipient_characteristic",
      "properties": {}
    },
    {
      "name": "mortality",
      "type": "complication",
      "properties": {}
    }
  ],
  "relations": [
    {
      "head": "portopulmonary hypertension",
      "relation": "increases_risk",
      "tail": "mortality",
      "properties": {
        "evidence_strength": "cohort study"
      }
    },
    {
      "head": "cirrhosis",
      "relation": "prerequisite_of",
      "tail": "portopulmonary hypertension",
      "properties": {
        "evidence_strength": "cohort study"
      }
    }
  ]
}