{
  "entities": [
    {
      "name": "heart transplantation",
      "type": "surgical_procedure",
      "properties": {}
    },
    {
      "name": "obese patient",
      "type": "recipient_characteristic",
      "properties": {}
    },
    {
      "name": "repaired congenital heart disease",
      "type": "recipient_characteristic",
      "properties": {}
    },
    {
      "name": "worsening heart failure",
      "type": "recipient_characteristic",
      "properties": {}
    },
    {
      "name": "donation after circulatory death (cDCD)",
      "type": "donor_characteristic",
      "properties": {}
    },
    {
      "name": "cardiac asystole",
      "type": "donor_characteristic",
      "properties": {
        "duration": "34 minutes"
      }
    },
    {
      "name": "thoraco-abdominal normothermic regional perfusion",
      "type": "surgical_procedure",
      "properties": {}
    },
    {
      "name": "Italian Law regulating death declaration after cardiac arrest",
      "type": "diagnostic_criteria",
      "properties": {
        "no-touch period": "20 minutes"
      }
    }
  ],
  "relations": [
    {
      "head": "worsening heart failure",
      "relation": "prerequisite_of",
      "tail": "heart transplantation",
      "properties": {}
    },
    {
      "head": "obese patient",
      "relation": "increases_risk",
      "tail": "heart transplantation",
      "properties": {}
    },
    {
      "head": "repaired congenital heart disease",
      "relation": "increases_risk",
      "tail": "heart transplantation",
      "properties": {}
    },
    {
      "head": "donation after circulatory death (cDCD)",
      "relation": "part_of",
      "tail": "heart transplantation",
      "properties": {}
    },
    {
      "head": "cardiac asystole",
      "relation": "precedes",
      "tail": "thoraco-abdominal normothermic regional perfusion",
      "properties": {}
    },
    {
      "head": "Italian Law regulating death declaration after cardiac arrest",
      "relation": "diagnostic_basis_for",
      "tail": "donation after circulatory death (cDCD)",
      "properties": {}
    }
  ]
}