{
  "entities": [
    {
      "name": "donor hearts",
      "type": "donor_characteristic",
      "properties": {}
    },
    {
      "name": "cold ischemia time",
      "type": "risk_factor",
      "properties": {}
    },
    {
      "name": "transplant",
      "type": "surgical_procedure",
      "properties": {}
    },
    {
      "name": "vitrification",
      "type": "treatment_regimen",
      "properties": {}
    },
    {
      "name": "rewarming",
      "type": "treatment_regimen",
      "properties": {}
    },
    {
      "name": "cryoprotective agent (CPA) solution",
      "type": "medical_device",
      "properties": {}
    },
    {
      "name": "cryoprotective solution (VS55 in Euro-Collins carrier solution)",
      "type": "medical_device",
      "properties": {}
    },
    {
      "name": "chemical toxicity",
      "type": "complication",
      "properties": {}
    },
    {
      "name": "CPA cocktail (VEG)",
      "type": "medical_device",
      "properties": {}
    },
    {
      "name": "ex situ rat heart perfusion",
      "type": "monitoring_indicator",
      "properties": {}
    },
    {
      "name": "Celsior",
      "type": "medical_device",
      "properties": {}
    },
    {
      "name": "partial recovery of function",
      "type": "monitoring_indicator",
      "properties": {}
    }
  ],
  "relations": [
    {
      "head": "cold ischemia time",
      "relation": "contraindicated_in",
      "tail": "transplant",
      "properties": {
        "threshold": "~5 h"
      }
    },
    {
      "head": "cryoprotective solution (VS55 in Euro-Collins carrier solution)",
      "relation": "causes",
      "tail": "chemical toxicity",
      "properties": {}
    },
    {
      "head": "chemical toxicity",
      "relation": "increases_risk",
      "tail": "no recovery of beating",
      "properties": {}
    },
    {
      "head": "ex situ rat heart perfusion",
      "relation": "monitors",
      "tail": "CPA toxicity",
      "properties": {}
    },
    {
      "head": "Celsior",
      "relation": "alleviates",
      "tail": "chemical toxicity",
      "properties": {
        "evidence": "partial recovery of function"
      }
    }
  ]
}