{
  "entities": [
    {
      "name": "extended criteria donor hearts",
      "type": "donor_characteristic",
      "properties": {}
    },
    {
      "name": "combined heart-kidney transplant",
      "type": "surgical_procedure",
      "properties": {}
    },
    {
      "name": "mortality",
      "type": "complication",
      "properties": {}
    },
    {
      "name": "simultaneous heart-kidney transplantation (SHKT)",
      "type": "surgical_procedure",
      "properties": {}
    },
    {
      "name": "isolated heart transplants (IHT)",
      "type": "surgical_procedure",
      "properties": {}
    },
    {
      "name": "United Network for Organ Sharing (UNOS) database",
      "type": "monitoring_indicator",
      "properties": {}
    },
    {
      "name": "donor hearts",
      "type": "donor_characteristic",
      "properties": {}
    },
    {
      "name": "established acceptable use criteria",
      "type": "diagnostic_criteria",
      "properties": {}
    },
    {
      "name": "ECD hearts",
      "type": "donor_characteristic",
      "properties": {}
    },
    {
      "name": "simultaneous kidney transplants",
      "type": "surgical_procedure",
      "properties": {}
    },
    {
      "name": "postoperative outcomes",
      "type": "monitoring_indicator",
      "properties": {}
    },
    {
      "name": "risk factors",
      "type": "risk_factor",
      "properties": {}
    },
    {
      "name": "patient/graft survival",
      "type": "monitoring_indicator",
      "properties": {}
    },
    {
      "name": "Fine-Gray",
      "type": "monitoring_indicator",
      "properties": {
        "statistical_method": "Fine-Gray analysis"
      }
    },
    {
      "name": "Kaplan Meier",
      "type": "monitoring_indicator",
      "properties": {
        "statistical_method": "Kaplan Meier analysis"
      }
    },
    {
      "name": "Cox Proportional Hazards analyses",
      "type": "monitoring_indicator",
      "properties": {
        "statistical_method": "Cox Proportional Hazards analysis"
      }
    },
    {
      "name": "26,207 patients",
      "type": "recipient_characteristic",
      "properties": {
        "sample_size": 26207
      }
    },
    {
      "name": "1,766 (7%) underwent SHKT",
      "type": "recipient_characteristic",
      "properties": {
        "count": 1766,
        "percentage": 7
      }
    },
    {
      "name": "ECD hearts were used in 25% of both IHT and SHKT",
      "type": "donor_characteristic",
      "properties": {
        "percentage": 25
      }
    }
  ],
  "relations": [
    {
      "head": "extended criteria donor hearts",
      "relation": "increases_risk",
      "tail": "mortality",
      "properties": {
        "context": "in combined heart-kidney transplant"
      }
    },
    {
      "head": "ECD hearts",
      "relation": "part_of",
      "tail": "donor hearts",
      "properties": {}
    },
    {
      "head": "donor hearts",
      "relation": "monitors",
      "tail": "established acceptable use criteria",
      "properties": {}
    },
    {
      "head": "United Network for Organ Sharing (UNOS) database",
      "relation": "monitors",
      "tail": "all adult patients undergoing IHT and SHKT",
      "properties": {}
    },
    {
      "head": "Fine-Gray",
      "relation": "monitors",
      "tail": "postoperative outcomes, risk factors, and patient/graft survival",
      "properties": {}
    },
    {
      "head": "Kaplan Meier",
      "relation": "monitors",
      "tail": "postoperative outcomes, risk factors, and patient/graft survival",
      "properties": {}
    },
    {
      "head": "Cox Proportional Hazards analyses",
      "relation": "monitors",
      "tail": "postoperative outcomes, risk factors, and patient/graft survival",
      "properties": {}
    },
    {
      "head": "simultaneous kidney transplants",
      "relation": "part_of",
      "tail": "simultaneous heart-kidney transplantation (SHKT)",
      "properties": {}
    }
  ]
}