{
  "entities": [
    {
      "name": "HeartMate 3 (HM3) Abbott left ventricular assist device (LVAD)",
      "type": "medical_device",
      "properties": {}
    },
    {
      "name": "fully magnetically levitated",
      "type": "donor_characteristic",
      "properties": {}
    },
    {
      "name": "advanced heart failure",
      "type": "recipient_characteristic",
      "properties": {}
    },
    {
      "name": "LVAD outpatient clinic",
      "type": "treatment_regimen",
      "properties": {}
    },
    {
      "name": "outpatient care",
      "type": "treatment_regimen",
      "properties": {}
    },
    {
      "name": "postoperative long-term care",
      "type": "treatment_regimen",
      "properties": {}
    },
    {
      "name": "LVAD implantation",
      "type": "surgical_procedure",
      "properties": {}
    },
    {
      "name": "HeartWare Ventricular Assist Device (HVAD)",
      "type": "medical_device",
      "properties": {}
    },
    {
      "name": "HeartMate 2 LVAD",
      "type": "medical_device",
      "properties": {}
    },
    {
      "name": "bloodwork",
      "type": "monitoring_indicator",
      "properties": {}
    },
    {
      "name": "EKG",
      "type": "monitoring_indicator",
      "properties": {}
    },
    {
      "name": "wound inspection",
      "type": "monitoring_indicator",
      "properties": {}
    },
    {
      "name": "echocardiography",
      "type": "monitoring_indicator",
      "properties": {}
    },
    {
      "name": "LVAD analysis",
      "type": "monitoring_indicator",
      "properties": {}
    },
    {
      "name": "deterioration",
      "type": "complication",
      "properties": {}
    },
    {
      "name": "problems",
      "type": "complication",
      "properties": {}
    }
  ],
  "relations": [
    {
      "head": "LVAD outpatient clinic",
      "relation": "monitors",
      "tail": "deterioration",
      "properties": {}
    },
    {
      "head": "LVAD outpatient clinic",
      "relation": "monitors",
      "tail": "problems",
      "properties": {}
    },
    {
      "head": "bloodwork",
      "relation": "part_of",
      "tail": "LVAD outpatient clinic",
      "properties": {}
    },
    {
      "head": "EKG",
      "relation": "part_of",
      "tail": "LVAD outpatient clinic",
      "properties": {}
    },
    {
      "head": "wound inspection",
      "relation": "part_of",
      "tail": "LVAD outpatient clinic",
      "properties": {}
    },
    {
      "head": "echocardiography",
      "relation": "part_of",
      "tail": "LVAD outpatient clinic",
      "properties": {}
    },
    {
      "head": "LVAD analysis",
      "relation": "part_of",
      "tail": "LVAD outpatient clinic",
      "properties": {}
    },
    {
      "head": "LVAD outpatient clinic",
      "relation": "precedes",
      "tail": "LVAD implantation",
      "properties": {}
    },
    {
      "head": "advanced heart failure",
      "relation": "prerequisite_of",
      "tail": "LVAD implantation",
      "properties": {}
    }
  ]
}