{
  "entities": [
    {
      "name": "ex vivo lung perfusion",
      "type": "surgical_procedure",
      "properties": {
        "description": "Normothermic preservation technique for reassessment of donor lungs before transplantation"
      }
    },
    {
      "name": "lung transplantation",
      "type": "surgical_procedure",
      "properties": {}
    },
    {
      "name": "bilateral lung transplantation",
      "type": "surgical_procedure",
      "properties": {}
    },
    {
      "name": "endothelin-1 (ET-1) axis",
      "type": "monitoring_indicator",
      "properties": {
        "description": "Biomarker pathway including ET-1, Big ET-1, endothelin-converting enzyme (ECE)"
      }
    },
    {
      "name": "nitric oxide (NO) metabolites",
      "type": "monitoring_indicator",
      "properties": {}
    },
    {
      "name": "primary graft dysfunction (PGD) Grade 3",
      "type": "complication",
      "properties": {
        "timeframe": "within 72 hours after transplantation"
      }
    },
    {
      "name": "donor lung performance",
      "type": "donor_characteristic",
      "properties": {}
    },
    {
      "name": "recipient outcomes",
      "type": "recipient_characteristic",
      "properties": {}
    },
    {
      "name": "clinical EVLP trial",
      "type": "diagnostic_criteria",
      "properties": {
        "study_type": "clinical trial"
      }
    }
  ],
  "relations": [
    {
      "head": "ex vivo lung perfusion",
      "relation": "precedes",
      "tail": "lung transplantation",
      "properties": {
        "purpose": "reassessment of donor lungs"
      }
    },
    {
      "head": "endothelin-1 (ET-1) axis",
      "relation": "monitors",
      "tail": "donor lung performance",
      "properties": {
        "context": "during EVLP"
      }
    },
    {
      "head": "endothelin-1 (ET-1) axis",
      "relation": "monitors",
      "tail": "recipient outcomes",
      "properties": {
        "context": "after transplantation"
      }
    },
    {
      "head": "primary graft dysfunction (PGD) Grade 3",
      "relation": "diagnostic_basis_for",
      "tail": "bilateral lung transplantation",
      "properties": {
        "timeframe": "within 72 hours"
      }
    }
  ]
}