{
  "entities": [
    {
      "name": "heart transplantation",
      "type": "surgical_procedure",
      "properties": {}
    },
    {
      "name": "acute humoral rejection",
      "type": "complication",
      "properties": {}
    },
    {
      "name": "hypertrophic cardiomyopathy",
      "type": "recipient_characteristic",
      "properties": {}
    },
    {
      "name": "restrictive phenotype",
      "type": "recipient_characteristic",
      "properties": {}
    },
    {
      "name": "chronic lymphocytic myocarditis",
      "type": "recipient_characteristic",
      "properties": {}
    },
    {
      "name": "nosocomial pneumonia",
      "type": "complication",
      "properties": {}
    },
    {
      "name": "immunosuppressive therapy",
      "type": "treatment_regimen",
      "properties": {}
    },
    {
      "name": "hemodynamic collapse",
      "type": "complication",
      "properties": {}
    },
    {
      "name": "autopsy",
      "type": "diagnostic_criteria",
      "properties": {}
    },
    {
      "name": "CD16+ cells",
      "type": "monitoring_indicator",
      "properties": {}
    },
    {
      "name": "Severe Acute Respiratory Syndrome Coronavirus 2 (SARS-CoV-2) Spike protein",
      "type": "donor_characteristic",
      "properties": {}
    },
    {
      "name": "endothelium",
      "type": "monitoring_indicator",
      "properties": {}
    }
  ],
  "relations": [
    {
      "head": "hypertrophic cardiomyopathy",
      "relation": "part_of",
      "tail": "recipient_characteristic",
      "properties": {}
    },
    {
      "head": "restrictive phenotype",
      "relation": "part_of",
      "tail": "recipient_characteristic",
      "properties": {}
    },
    {
      "head": "chronic lymphocytic myocarditis",
      "relation": "part_of",
      "tail": "recipient_characteristic",
      "properties": {}
    },
    {
      "head": "heart transplantation",
      "relation": "precedes",
      "tail": "nosocomial pneumonia",
      "properties": {}
    },
    {
      "head": "nosocomial pneumonia",
      "relation": "causes",
      "tail": "reduction in immunosuppressive therapy",
      "properties": {}
    },
    {
      "head": "heart transplantation",
      "relation": "precedes",
      "tail": "acute humoral rejection",
      "properties": {}
    },
    {
      "head": "acute humoral rejection",
      "relation": "causes",
      "tail": "hemodynamic collapse",
      "properties": {}
    },
    {
      "head": "autopsy",
      "relation": "diagnostic_basis_for",
      "tail": "acute humoral rejection",
      "properties": {}
    },
    {
      "head": "CD16+ cells",
      "relation": "part_of",
      "tail": "infiltrate",
      "properties": {}
    },
    {
      "head": "Severe Acute Respiratory Syndrome Coronavirus 2 (SARS-CoV-2) Spike protein",
      "relation": "part_of",
      "tail": "donor_characteristic",
      "properties": {}
    },
    {
      "head": "Severe Acute Respiratory Syndrome Coronavirus 2 (SARS-CoV-2) Spike protein",
      "relation": "increases_risk",
      "tail": "acute humoral rejection",
      "properties": {
        "evidence_strength": "clinical_case"
      }
    }
  ]
}