{
  "entities": [
    {
      "name": "mitral valve regurgitation",
      "type": "complication",
      "properties": {}
    },
    {
      "name": "continuous flow left ventricular assist device implantation",
      "type": "surgical_procedure",
      "properties": {}
    },
    {
      "name": "pulmonary hypertension",
      "type": "complication",
      "properties": {}
    },
    {
      "name": "right ventricular failure",
      "type": "complication",
      "properties": {}
    },
    {
      "name": "survival",
      "type": "monitoring_indicator",
      "properties": {}
    },
    {
      "name": "cfLVAD implantation",
      "type": "surgical_procedure",
      "properties": {}
    },
    {
      "name": "haemodynamics",
      "type": "monitoring_indicator",
      "properties": {}
    },
    {
      "name": "right ventricular function",
      "type": "monitoring_indicator",
      "properties": {}
    },
    {
      "name": "morbidity",
      "type": "complication",
      "properties": {}
    },
    {
      "name": "adult cfLVAD recipients",
      "type": "recipient_characteristic",
      "properties": {}
    },
    {
      "name": "right heart failure",
      "type": "complication",
      "properties": {}
    },
    {
      "name": "length of stay",
      "type": "monitoring_indicator",
      "properties": {}
    },
    {
      "name": "re-hospitalizations",
      "type": "complication",
      "properties": {}
    },
    {
      "name": "death",
      "type": "complication",
      "properties": {}
    },
    {
      "name": "transplant",
      "type": "surgical_procedure",
      "properties": {}
    },
    {
      "name": "pump exchange",
      "type": "surgical_procedure",
      "properties": {}
    }
  ],
  "relations": [
    {
      "head": "mitral valve regurgitation",
      "relation": "increases_risk",
      "tail": "pulmonary hypertension",
      "properties": {
        "evidence_strength": "retrospective cohort study"
      }
    },
    {
      "head": "mitral valve regurgitation",
      "relation": "increases_risk",
      "tail": "right ventricular failure",
      "properties": {
        "evidence_strength": "retrospective cohort study"
      }
    },
    {
      "head": "mitral valve regurgitation",
      "relation": "monitors",
      "tail": "survival",
      "properties": {
        "evidence_strength": "retrospective cohort study"
      }
    },
    {
      "head": "cfLVAD implantation",
      "relation": "precedes",
      "tail": "mitral valve regurgitation",
      "properties": {
        "evidence_strength": "retrospective cohort study"
      }
    },
    {
      "head": "mitral valve regurgitation",
      "relation": "monitors",
      "tail": "haemodynamics",
      "properties": {
        "evidence_strength": "retrospective cohort study"
      }
    },
    {
      "head": "mitral valve regurgitation",
      "relation": "monitors",
      "tail": "right ventricular function",
      "properties": {
        "evidence_strength": "retrospective cohort study"
      }
    },
    {
      "head": "mitral valve regurgitation",
      "relation": "monitors",
      "tail": "morbidity",
      "properties": {
        "evidence_strength": "retrospective cohort study"
      }
    },
    {
      "head": "right heart failure",
      "relation": "part_of",
      "tail": "morbidity",
      "properties": {
        "evidence_strength": "retrospective cohort study"
      }
    },
    {
      "head": "re-hospitalizations",
      "relation": "part_of",
      "tail": "morbidity",
      "properties": {
        "evidence_strength": "retrospective cohort study"
      }
    },
    {
      "head": "death",
      "relation": "part_of",
      "tail": "morbidity",
      "properties": {
        "evidence_strength": "retrospective cohort study"
      }
    },
    {
      "head": "transplant",
      "relation": "part_of",
      "tail": "morbidity",
      "properties": {
        "evidence_strength": "retrospective cohort study"
      }
    },
    {
      "head": "pump exchange",
      "relation": "part_of",
      "tail": "morbidity",
      "properties": {
        "evidence_strength": "retrospective cohort study"
      }
    }
  ]
}