{
  "entities": [
    {
      "name": "prolonged ischemic times",
      "type": "risk_factor",
      "properties": {
        "description": "for transplant hearts transported under cold storage conditions"
      }
    },
    {
      "name": "mortality",
      "type": "complication",
      "properties": {}
    },
    {
      "name": "exercise capacity",
      "type": "recipient_characteristic",
      "properties": {
        "description": "a strong predictor for post-transplant survival",
        "measurement": "peak volume of oxygen consumption (VO2)"
      }
    },
    {
      "name": "cardiopulmonary exercise test",
      "type": "diagnostic_criteria",
      "properties": {
        "abbreviation": "CPET"
      }
    },
    {
      "name": "cardiac rehabilitation",
      "type": "treatment_regimen",
      "properties": {}
    },
    {
      "name": "heart transplant recipients",
      "type": "recipient_characteristic",
      "properties": {}
    },
    {
      "name": "ischemic time",
      "type": "donor_characteristic",
      "properties": {
        "threshold": ">180 minutes (longer), ≤180 minutes (shorter)"
      }
    }
  ],
  "relations": [
    {
      "head": "prolonged ischemic times",
      "relation": "increases_risk",
      "tail": "mortality",
      "properties": {
        "evidence_strength": "observational cohort study"
      }
    },
    {
      "head": "exercise capacity",
      "relation": "diagnostic_basis_for",
      "tail": "post-transplant survival",
      "properties": {
        "evidence_strength": "observational cohort study"
      }
    },
    {
      "head": "cardiopulmonary exercise test",
      "relation": "monitors",
      "tail": "exercise capacity",
      "properties": {
        "measurement": "peak volume of oxygen consumption (VO2)"
      }
    },
    {
      "head": "cardiac rehabilitation",
      "relation": "treats",
      "tail": "heart transplant recipients",
      "properties": {}
    },
    {
      "head": "ischemic time",
      "relation": "part_of",
      "tail": "heart transplantation",
      "properties": {}
    }
  ]
}