{
  "entities": [
    {
      "name": "Cardiac allograft vasculopathy",
      "type": "complication",
      "properties": {}
    },
    {
      "name": "pediatric heart transplantation",
      "type": "surgical_procedure",
      "properties": {}
    },
    {
      "name": "Coronary angiography",
      "type": "diagnostic_criteria",
      "properties": {}
    },
    {
      "name": "functional echocardiography",
      "type": "monitoring_indicator",
      "properties": {}
    },
    {
      "name": "Right Ventricular Dysfunction",
      "type": "complication",
      "properties": {}
    },
    {
      "name": "children",
      "type": "recipient_characteristic",
      "properties": {
        "age": "< 18 years old"
      }
    },
    {
      "name": "angiographic ISHLT criteria",
      "type": "diagnostic_criteria",
      "properties": {}
    }
  ],
  "relations": [
    {
      "head": "Cardiac allograft vasculopathy",
      "relation": "causes",
      "tail": "late graft loss",
      "properties": {}
    },
    {
      "head": "Coronary angiography",
      "relation": "diagnostic_basis_for",
      "tail": "Cardiac allograft vasculopathy",
      "properties": {}
    },
    {
      "head": "functional echocardiography",
      "relation": "monitors",
      "tail": "Cardiac allograft vasculopathy",
      "properties": {}
    },
    {
      "head": "Right Ventricular Dysfunction",
      "relation": "increases_risk",
      "tail": "Cardiac allograft vasculopathy",
      "properties": {}
    },
    {
      "head": "pediatric heart transplantation",
      "relation": "precedes",
      "tail": "Cardiac allograft vasculopathy",
      "properties": {}
    },
    {
      "head": "angiographic ISHLT criteria",
      "relation": "diagnostic_basis_for",
      "tail": "Cardiac allograft vasculopathy",
      "properties": {}
    }
  ]
}