{
  "entities": [
    {
      "name": "soluble guanylate cyclase stimulator",
      "type": "medication",
      "properties": {}
    },
    {
      "name": "riociguat",
      "type": "medication",
      "properties": {}
    },
    {
      "name": "soluble guanylate cyclase activator",
      "type": "medication",
      "properties": {}
    },
    {
      "name": "cinaciguat",
      "type": "medication",
      "properties": {}
    },
    {
      "name": "NO-modulation",
      "type": "treatment_regimen",
      "properties": {}
    },
    {
      "name": "healthy pigs",
      "type": "recipient_characteristic",
      "properties": {}
    },
    {
      "name": "cardiovascular diseases",
      "type": "risk_factor",
      "properties": {}
    },
    {
      "name": "dysfunctional endothelium",
      "type": "complication",
      "properties": {}
    },
    {
      "name": "lack of nitric oxide",
      "type": "complication",
      "properties": {}
    },
    {
      "name": "NO-sGC-cGMP cascade",
      "type": "monitoring_indicator",
      "properties": {}
    },
    {
      "name": "photoaffinity labeling of sGC",
      "type": "diagnostic_criteria",
      "properties": {}
    },
    {
      "name": "high-throughput screening",
      "type": "diagnostic_criteria",
      "properties": {}
    },
    {
      "name": "integrated physiological effects",
      "type": "monitoring_indicator",
      "properties": {}
    },
    {
      "name": "clinical application",
      "type": "treatment_regimen",
      "properties": {}
    },
    {
      "name": "integrated hemodynamic impact",
      "type": "monitoring_indicator",
      "properties": {}
    },
    {
      "name": "NO-states",
      "type": "monitoring_indicator",
      "properties": {}
    },
    {
      "name": "vascular effects",
      "type": "monitoring_indicator",
      "properties": {}
    },
    {
      "name": "systemic circulation",
      "type": "monitoring_indicator",
      "properties": {}
    },
    {
      "name": "pulmonary circulation",
      "type": "monitoring_indicator",
      "properties": {}
    },
    {
      "name": "contractile effects",
      "type": "monitoring_indicator",
      "properties": {}
    },
    {
      "name": "right ventricle",
      "type": "monitoring_indicator",
      "properties": {}
    },
    {
      "name": "left ventricle",
      "type": "monitoring_indicator",
      "properties": {}
    },
    {
      "name": "diastolic",
      "type": "monitoring_indicator",
      "properties": {}
    }
  ],
  "relations": [
    {
      "head": "cardiovascular diseases",
      "relation": "causes",
      "tail": "dysfunctional endothelium",
      "properties": {}
    },
    {
      "head": "dysfunctional endothelium",
      "relation": "causes",
      "tail": "lack of nitric oxide",
      "properties": {}
    },
    {
      "head": "soluble guanylate cyclase stimulator",
      "relation": "treats",
      "tail": "lack of nitric oxide",
      "properties": {}
    },
    {
      "head": "soluble guanylate cyclase activator",
      "relation": "treats",
      "tail": "lack of nitric oxide",
      "properties": {}
    },
    {
      "head": "riociguat",
      "relation": "part_of",
      "tail": "soluble guanylate cyclase stimulator",
      "properties": {}
    },
    {
      "head": "cinaciguat",
      "relation": "part_of",
      "tail": "soluble guanylate cyclase activator",
      "properties": {}
    },
    {
      "head": "photoaffinity labeling of sGC",
      "relation": "diagnostic_basis_for",
      "tail": "soluble guanylate cyclase stimulator",
      "properties": {}
    },
    {
      "head": "high-throughput screening",
      "relation": "diagnostic_basis_for",
      "tail": "soluble guanylate cyclase activator",
      "properties": {}
    },
    {
      "head": "integrated physiological effects",
      "relation": "prerequisite_of",
      "tail": "clinical application",
      "properties": {}
    },
    {
      "head": "integrated hemodynamic impact",
      "relation": "monitors",
      "tail": "riociguat",
      "properties": {}
    },
    {
      "head": "integrated hemodynamic impact",
      "relation": "monitors",
      "tail": "cinaciguat",
      "properties": {}
    },
    {
      "head": "NO-states",
      "relation": "monitors",
      "tail": "riociguat",
      "properties": {}
    },
    {
      "head": "NO-states",
      "relation": "monitors",
      "tail": "cinaciguat",
      "properties": {}
    },
    {
      "head": "vascular effects",
      "relation": "monitors",
      "tail": "riociguat",
      "properties": {}
    },
    {
      "head": "vascular effects",
      "relation": "monitors",
      "tail": "cinaciguat",
      "properties": {}
    },
    {
      "head": "systemic circulation",
      "relation": "part_of",
      "tail": "vascular effects",
      "properties": {}
    },
    {
      "head": "pulmonary circulation",
      "relation": "part_of",
      "tail": "vascular effects",
      "properties": {}
    },
    {
      "head": "contractile effects",
      "relation": "monitors",
      "tail": "riociguat",
      "properties": {}
    },
    {
      "head": "contractile effects",
      "relation": "monitors",
      "tail": "cinaciguat",
      "properties": {}
    },
    {
      "head": "right ventricle",
      "relation": "part_of",
      "tail": "contractile effects",
      "properties": {}
    },
    {
      "head": "left ventricle",
      "relation": "part_of",
      "tail": "contractile effects",
      "properties": {}
    },
    {
      "head": "diastolic",
      "relation": "monitors",
      "tail": "riociguat",
      "properties": {}
    },
    {
      "head": "diastolic",
      "relation": "monitors",
      "tail": "cinaciguat",
      "properties": {}
    }
  ]
}