{
  "entities": [
    {
      "name": "Extended Steroid Treatment",
      "type": "treatment_regimen",
      "properties": {}
    },
    {
      "name": "Bloodstream Infection",
      "type": "complication",
      "properties": {}
    },
    {
      "name": "Critically Ill Patients",
      "type": "recipient_characteristic",
      "properties": {}
    },
    {
      "name": "COVID-19",
      "type": "risk_factor",
      "properties": {}
    },
    {
      "name": "National, Multicenter, Propensity Score-Matched Study",
      "type": "diagnostic_criteria",
      "properties": {
        "evidence_strength": "cohort study"
      }
    }
  ],
  "relations": [
    {
      "head": "Extended Steroid Treatment",
      "relation": "increases_risk",
      "tail": "Bloodstream Infection",
      "properties": {
        "population": "Critically Ill Patients With COVID-19",
        "study_type": "National, Multicenter, Propensity Score-Matched Study"
      }
    },
    {
      "head": "COVID-19",
      "relation": "part_of",
      "tail": "Critically Ill Patients",
      "properties": {}
    }
  ]
}