{
  "entities": [
    {
      "name": "phosphorylated S6 ribosomal protein",
      "type": "monitoring_indicator",
      "properties": {}
    },
    {
      "name": "pulmonary antibody-mediated rejection",
      "type": "complication",
      "properties": {}
    },
    {
      "name": "pathological diagnosis",
      "type": "diagnostic_criteria",
      "properties": {}
    }
  ],
  "relations": [
    {
      "head": "phosphorylated S6 ribosomal protein",
      "relation": "diagnostic_basis_for",
      "tail": "pulmonary antibody-mediated rejection",
      "properties": {}
    },
    {
      "head": "pathological diagnosis",
      "relation": "diagnostic_basis_for",
      "tail": "pulmonary antibody-mediated rejection",
      "properties": {}
    }
  ]
}