{
  "entities": [
    {
      "name": "lung transplantation",
      "type": "surgical_procedure",
      "properties": {}
    },
    {
      "name": "cell-free DNA",
      "type": "monitoring_indicator",
      "properties": {}
    },
    {
      "name": "CLAD",
      "type": "complication",
      "properties": {}
    },
    {
      "name": "infectious complications",
      "type": "complication",
      "properties": {}
    },
    {
      "name": "digital droplet polymerase chain reaction",
      "type": "medical_device",
      "properties": {}
    },
    {
      "name": "non-invasive biomarker",
      "type": "monitoring_indicator",
      "properties": {}
    },
    {
      "name": "proof-of-concept study",
      "type": "diagnostic_criteria",
      "properties": {
        "evidence_strength": "proof-of-concept study"
      }
    }
  ],
  "relations": [
    {
      "head": "cell-free DNA",
      "relation": "monitors",
      "tail": "complications after lung transplantation",
      "properties": {}
    },
    {
      "head": "digital droplet polymerase chain reaction",
      "relation": "monitors",
      "tail": "cell-free DNA",
      "properties": {}
    },
    {
      "head": "Donor Fractions of Cell-Free DNA",
      "relation": "increases_risk",
      "tail": "CLAD",
      "properties": {}
    },
    {
      "head": "Donor Fractions of Cell-Free DNA",
      "relation": "contraindicated_in",
      "tail": "infectious complications",
      "properties": {}
    }
  ]
}