{
  "entities": [
    {
      "name": "mitochondrial transplantation",
      "type": "surgical_procedure",
      "properties": {}
    },
    {
      "name": "autologous mitochondria",
      "type": "donor_characteristic",
      "properties": {}
    },
    {
      "name": "cardiac arrest",
      "type": "recipient_characteristic",
      "properties": {}
    },
    {
      "name": "global ischemia/reperfusion injury",
      "type": "risk_factor",
      "properties": {}
    },
    {
      "name": "global cerebral ischemia injury",
      "type": "risk_factor",
      "properties": {}
    },
    {
      "name": "neurological impairment",
      "type": "complication",
      "properties": {}
    },
    {
      "name": "hippocampal cell apoptosis",
      "type": "complication",
      "properties": {}
    },
    {
      "name": "mitochondria permeability transition pore opening",
      "type": "complication",
      "properties": {}
    },
    {
      "name": "oxidative stress",
      "type": "complication",
      "properties": {}
    },
    {
      "name": "neurological deficit",
      "type": "monitoring_indicator",
      "properties": {}
    },
    {
      "name": "immunoblotting",
      "type": "monitoring_indicator",
      "properties": {}
    },
    {
      "name": "swelling assay",
      "type": "monitoring_indicator",
      "properties": {}
    },
    {
      "name": "rat cardiac arrest-global cerebral ischemia injury model",
      "type": "diagnostic_criteria",
      "properties": {
        "study_type": "animal_model"
      }
    }
  ],
  "relations": [
    {
      "head": "mitochondrial transplantation",
      "relation": "treats",
      "tail": "global ischemia/reperfusion injury",
      "properties": {}
    },
    {
      "head": "mitochondrial transplantation",
      "relation": "treats",
      "tail": "cardiac arrest",
      "properties": {}
    },
    {
      "head": "autologous mitochondria",
      "relation": "part_of",
      "tail": "mitochondrial transplantation",
      "properties": {}
    },
    {
      "head": "cardiac arrest",
      "relation": "causes",
      "tail": "global cerebral ischemia injury",
      "properties": {}
    },
    {
      "head": "global cerebral ischemia injury",
      "relation": "increases_risk",
      "tail": "neurological impairment",
      "properties": {}
    },
    {
      "head": "global cerebral ischemia injury",
      "relation": "increases_risk",
      "tail": "hippocampal cell apoptosis",
      "properties": {}
    },
    {
      "head": "global cerebral ischemia injury",
      "relation": "increases_risk",
      "tail": "mitochondria permeability transition pore opening",
      "properties": {}
    },
    {
      "head": "global cerebral ischemia injury",
      "relation": "increases_risk",
      "tail": "oxidative stress",
      "properties": {}
    },
    {
      "head": "mitochondrial transplantation",
      "relation": "alleviates",
      "tail": "neurological impairment",
      "properties": {}
    },
    {
      "head": "mitochondrial transplantation",
      "relation": "alleviates",
      "tail": "oxidative stress",
      "properties": {}
    },
    {
      "head": "neurological deficit assessment",
      "relation": "monitors",
      "tail": "neurological impairment",
      "properties": {}
    },
    {
      "head": "immunoblotting",
      "relation": "monitors",
      "tail": "apoptosis",
      "properties": {}
    },
    {
      "head": "swelling assay",
      "relation": "monitors",
      "tail": "mitochondria permeability transition pore opening",
      "properties": {}
    },
    {
      "head": "rat cardiac arrest-global cerebral ischemia injury model",
      "relation": "diagnostic_basis_for",
      "tail": "global cerebral ischemia injury",
      "properties": {}
    }
  ]
}