{
  "entities": [
    {
      "name": "double lung transplantation",
      "type": "surgical_procedure",
      "properties": {}
    },
    {
      "name": "primary graft dysfunction (PGD) score",
      "type": "monitoring_indicator",
      "properties": {}
    },
    {
      "name": "allograft function",
      "type": "monitoring_indicator",
      "properties": {}
    },
    {
      "name": "PGD grades",
      "type": "monitoring_indicator",
      "properties": {}
    },
    {
      "name": "prolonged mechanical ventilation (MV)",
      "type": "complication",
      "properties": {}
    },
    {
      "name": "ventilation parameters",
      "type": "monitoring_indicator",
      "properties": {}
    },
    {
      "name": "intensive care unit (ICU)",
      "type": "medical_device",
      "properties": {}
    },
    {
      "name": "retrospective single-center analysis",
      "type": "diagnostic_criteria",
      "properties": {
        "evidence_strength": "retrospective cohort study"
      }
    },
    {
      "name": "422 double lung transplantations (LTxs)",
      "type": "diagnostic_criteria",
      "properties": {
        "sample_size": 422
      }
    }
  ],
  "relations": [
    {
      "head": "primary graft dysfunction (PGD) score",
      "relation": "monitors",
      "tail": "allograft function",
      "properties": {}
    },
    {
      "head": "PGD grades",
      "relation": "increases_risk",
      "tail": "prolonged mechanical ventilation (MV)",
      "properties": {}
    },
    {
      "head": "ventilation parameters",
      "relation": "monitors",
      "tail": "prolonged mechanical ventilation (MV)",
      "properties": {}
    },
    {
      "head": "retrospective single-center analysis",
      "relation": "diagnostic_basis_for",
      "tail": "ventilation parameters and early graft function",
      "properties": {}
    }
  ]
}