{
  "entities": [
    {
      "name": "remote ischemic preconditioning",
      "type": "surgical_procedure",
      "properties": {}
    },
    {
      "name": "heart transplantation",
      "type": "surgical_procedure",
      "properties": {}
    },
    {
      "name": "ischemia/reperfusion injury",
      "type": "complication",
      "properties": {}
    },
    {
      "name": "cardioprotection",
      "type": "treatment_regimen",
      "properties": {}
    },
    {
      "name": "HTX patients",
      "type": "recipient_characteristic",
      "properties": {}
    },
    {
      "name": "comorbidities",
      "type": "risk_factor",
      "properties": {}
    },
    {
      "name": "medications",
      "type": "medication",
      "properties": {}
    },
    {
      "name": "reduced susceptibility to cardioprotective signals",
      "type": "recipient_characteristic",
      "properties": {}
    }
  ],
  "relations": [
    {
      "head": "remote ischemic preconditioning",
      "relation": "treats",
      "tail": "ischemia/reperfusion injury",
      "properties": {
        "evidence_strength": "experimental studies"
      }
    },
    {
      "head": "remote ischemic preconditioning",
      "relation": "precedes",
      "tail": "heart transplantation",
      "properties": {}
    },
    {
      "head": "remote ischemic preconditioning",
      "relation": "alleviates",
      "tail": "ischemic injury",
      "properties": {
        "evidence_strength": "experimental studies"
      }
    },
    {
      "head": "remote ischemic preconditioning",
      "relation": "treats",
      "tail": "cardioprotection",
      "properties": {}
    },
    {
      "head": "comorbidities",
      "relation": "increases_risk",
      "tail": "reduced susceptibility to cardioprotective signals",
      "properties": {}
    },
    {
      "head": "medications",
      "relation": "increases_risk",
      "tail": "reduced susceptibility to cardioprotective signals",
      "properties": {}
    }
  ]
}