{
  "entities": [
    {
      "name": "standard-of-care immunosuppression",
      "type": "treatment_regimen",
      "properties": {}
    },
    {
      "name": "acute rejection",
      "type": "complication",
      "properties": {}
    },
    {
      "name": "kidney transplants",
      "type": "surgical_procedure",
      "properties": {}
    },
    {
      "name": "chronic graft injury",
      "type": "complication",
      "properties": {}
    },
    {
      "name": "graft failure",
      "type": "complication",
      "properties": {}
    },
    {
      "name": "acute graft injury",
      "type": "complication",
      "properties": {}
    },
    {
      "name": "chronic graft injury",
      "type": "complication",
      "properties": {}
    },
    {
      "name": "preclinical kidney transplant models",
      "type": "diagnostic_criteria",
      "properties": {}
    },
    {
      "name": "mouse models",
      "type": "diagnostic_criteria",
      "properties": {}
    }
  ],
  "relations": [
    {
      "head": "acute rejection",
      "relation": "causes",
      "tail": "chronic graft injury",
      "properties": {}
    },
    {
      "head": "acute rejection",
      "relation": "causes",
      "tail": "graft failure",
      "properties": {}
    },
    {
      "head": "preclinical kidney transplant models",
      "relation": "diagnostic_basis_for",
      "tail": "acute graft injury",
      "properties": {}
    },
    {
      "head": "preclinical kidney transplant models",
      "relation": "diagnostic_basis_for",
      "tail": "chronic graft injury",
      "properties": {}
    },
    {
      "head": "mouse models",
      "relation": "part_of",
      "tail": "preclinical kidney transplant models",
      "properties": {}
    }
  ]
}