{
  "entities": [
    {
      "name": "computer-assisted evaluation",
      "type": "monitoring_indicator",
      "properties": {}
    },
    {
      "name": "interstitial fibrosis",
      "type": "donor_characteristic",
      "properties": {}
    },
    {
      "name": "renal implantation biopsies",
      "type": "monitoring_indicator",
      "properties": {}
    },
    {
      "name": "frozen sections",
      "type": "monitoring_indicator",
      "properties": {}
    },
    {
      "name": "paraffin sections",
      "type": "monitoring_indicator",
      "properties": {}
    },
    {
      "name": "delayed graft function",
      "type": "complication",
      "properties": {}
    },
    {
      "name": "digital image analysis",
      "type": "monitoring_indicator",
      "properties": {}
    },
    {
      "name": "Sirius red-stained interstitial areas",
      "type": "monitoring_indicator",
      "properties": {}
    },
    {
      "name": "donor kidneys",
      "type": "donor_characteristic",
      "properties": {}
    },
    {
      "name": "kidney disease progression",
      "type": "complication",
      "properties": {}
    }
  ],
  "relations": [
    {
      "head": "computer-assisted evaluation",
      "relation": "monitors",
      "tail": "interstitial fibrosis",
      "properties": {}
    },
    {
      "head": "computer-assisted evaluation",
      "relation": "monitors",
      "tail": "renal implantation biopsies",
      "properties": {}
    },
    {
      "head": "computer-assisted evaluation",
      "relation": "measures differences",
      "tail": "frozen and paraffin sections",
      "properties": {}
    },
    {
      "head": "computer-assisted evaluation",
      "relation": "predicts",
      "tail": "delayed graft function",
      "properties": {}
    },
    {
      "head": "interstitial fibrosis",
      "relation": "diagnostic_basis_for",
      "tail": "kidney disease progression",
      "properties": {}
    },
    {
      "head": "digital image analysis",
      "relation": "monitors",
      "tail": "Sirius red-stained interstitial areas",
      "properties": {}
    },
    {
      "head": "renal implantation biopsies",
      "relation": "monitors",
      "tail": "donor kidneys",
      "properties": {}
    }
  ]
}