{
  "entities": [
    {
      "name": "heart and lung xenotransplantation",
      "type": "surgical_procedure",
      "properties": {}
    },
    {
      "name": "National Heart, Lung, and Blood Institute workshop",
      "type": "diagnostic_criteria",
      "properties": {}
    },
    {
      "name": "Research opportunities",
      "type": "monitoring_indicator",
      "properties": {}
    },
    {
      "name": "ethical considerations",
      "type": "risk_factor",
      "properties": {}
    }
  ],
  "relations": [
    {
      "head": "National Heart, Lung, and Blood Institute workshop",
      "relation": "diagnostic_basis_for",
      "tail": "Research opportunities",
      "properties": {}
    },
    {
      "head": "National Heart, Lung, and Blood Institute workshop",
      "relation": "diagnostic_basis_for",
      "tail": "ethical considerations",
      "properties": {}
    }
  ]
}